{"ts": "2026-08-24T16:39:28", "level": "INFO", "service": "gis-cities-mtl_fsa_gisoo-h1a", "env": "dev", "logger": "jug_gis_cities.application.jug_gis_cities", "request_id": "-", "msg": "Starting isolated GIS city component. Component=mtl_fsa_gisoo Mode=standardize FSA=H1A"}
{"ts": "2026-08-24T16:39:28", "level": "INFO", "service": "gis-cities-mtl_fsa_gisoo-h1a", "env": "dev", "logger": "jug_gis_cities.application.jug_gis_cities", "request_id": "-", "msg": "Running GIS city component callable with FSA. Component=mtl_fsa_gisoo Callable=output_cleanup.cleanup_outputs FSA=H1A"}
{"ts": "2026-08-24T16:39:29", "level": "INFO", "service": "gis-cities-mtl_fsa_gisoo-h1a", "env": "dev", "logger": "jug_gis_cities.application.jug_gis_cities", "request_id": "-", "msg": "Initialized QGIS in disposable GIS component worker. Prefix=C:/QGIS_I~1/OSGeo4W/apps/qgis-ltr"}
{"ts": "2026-08-24T16:39:29", "level": "INFO", "service": "gis-cities-mtl_fsa_gisoo-h1a", "env": "dev", "logger": "jug_gis_cities.application.jug_gis_cities", "request_id": "-", "msg": "Starting GIS city component. Component=mtl_fsa_gisoo Mode=standardize FSA=H1A"}
{"ts": "2026-08-24T16:39:30", "level": "INFO", "service": "gis-cities-mtl_fsa_gisoo-h1a", "env": "dev", "logger": "jug_gis_cities.application.jug_gis_cities", "request_id": "-", "msg": "Running GIS city component callable with FSA. Component=mtl_fsa_gisoo Callable=workflow.run_workflow FSA=H1A"}
{"ts": "2026-08-24T16:39:30", "level": "INFO", "service": "gis-cities-mtl_fsa_gisoo-h1a", "env": "dev", "logger": "jug_gis_cities.mtl_fsa_gisoo.workflow", "request_id": "-", "msg": "Starting Montreal FSA GISOO workflow. FSA=H1A Output directory=D:/GIS/mtl_gisoo_fsa_data\\output_data\\H1A"}
{"ts": "2026-08-24T16:39:30", "level": "INFO", "service": "gis-cities-mtl_fsa_gisoo-h1a", "env": "dev", "logger": "jug_gis_cities.mtl_fsa_gisoo.workflow", "request_id": "-", "msg": "Starting Montreal H1A workflow step: prepare output folders."}
{"ts": "2026-08-24T16:39:30", "level": "INFO", "service": "gis-cities-mtl_fsa_gisoo-h1a", "env": "dev", "logger": "jug_gis_cities.mtl_fsa_gisoo.workflow", "request_id": "-", "msg": "Completed Montreal H1A workflow step: prepare output folders in 0.013s."}
{"ts": "2026-08-24T16:39:30", "level": "INFO", "service": "gis-cities-mtl_fsa_gisoo-h1a", "env": "dev", "logger": "jug_gis_cities.mtl_fsa_gisoo.workflow", "request_id": "-", "msg": "Starting Montreal H1A workflow step: load input layers."}
{"ts": "2026-08-24T16:39:30", "level": "INFO", "service": "gis-cities-mtl_fsa_gisoo-h1a", "env": "dev", "logger": "citygisoo.scrub_layer_class", "request_id": "-", "msg": "Loaded layer roll_mtl from D:/GIS/mtl_gisoo_fsa_data\\input_data\\mtl_role_2025_unit_eval_et_address_geopackage\\mtl_island_role_2025_unit_eval_et_address.gpkg."}
{"ts": "2026-08-24T16:39:30", "level": "INFO", "service": "gis-cities-mtl_fsa_gisoo-h1a", "env": "dev", "logger": "citygisoo.scrub_layer_class", "request_id": "-", "msg": "Loaded layer nrcan_mtl from D:/GIS/mtl_gisoo_fsa_data\\input_data\\mtl_auto_with_heights\\mtl_auto_with_heights.gpkg."}
{"ts": "2026-08-24T16:39:30", "level": "INFO", "service": "gis-cities-mtl_fsa_gisoo-h1a", "env": "dev", "logger": "citygisoo.scrub_layer_class", "request_id": "-", "msg": "Loaded layer nrcan_preserved_mtl from D:/GIS/mtl_gisoo_fsa_data\\input_data\\mtl_auto_with_heights_preserved\\mtl_auto_with_heights_preserved.gpkg."}
{"ts": "2026-08-24T16:39:30", "level": "INFO", "service": "gis-cities-mtl_fsa_gisoo-h1a", "env": "dev", "logger": "citygisoo.scrub_layer_class", "request_id": "-", "msg": "Loaded layer usage_mtl from D:/GIS/mtl_gisoo_fsa_data\\input_data\\mamh_usage_predo_2026_gpkg\\mamh_usage_predo_2026_s_poly.gpkg."}
{"ts": "2026-08-24T16:39:30", "level": "INFO", "service": "gis-cities-mtl_fsa_gisoo-h1a", "env": "dev", "logger": "citygisoo.scrub_layer_class", "request_id": "-", "msg": "Loaded layer usage_dup_mtl from D:/GIS/mtl_gisoo_fsa_data\\input_data\\mamh_usage_predo_2026_gpkg_dup\\mamh_usage_predo_2026_dup.gpkg."}
{"ts": "2026-08-24T16:39:30", "level": "INFO", "service": "gis-cities-mtl_fsa_gisoo-h1a", "env": "dev", "logger": "citygisoo.scrub_layer_class", "request_id": "-", "msg": "Loaded layer fsa_boundaries from D:/GIS/mtl_gisoo_fsa_data\\input_data\\mtl_island_fsa_boundaries\\mtl_island_fsa_boundaries_dmti_2025.gpkg."}
{"ts": "2026-08-24T16:39:30", "level": "INFO", "service": "gis-cities-mtl_fsa_gisoo-h1a", "env": "dev", "logger": "jug_gis_cities.mtl_fsa_gisoo.workflow", "request_id": "-", "msg": "The roll_mtl has 510932 records."}
{"ts": "2026-08-24T16:39:30", "level": "INFO", "service": "gis-cities-mtl_fsa_gisoo-h1a", "env": "dev", "logger": "jug_gis_cities.mtl_fsa_gisoo.workflow", "request_id": "-", "msg": "The nrcan_mtl has 221563 records."}
{"ts": "2026-08-24T16:39:30", "level": "INFO", "service": "gis-cities-mtl_fsa_gisoo-h1a", "env": "dev", "logger": "jug_gis_cities.mtl_fsa_gisoo.workflow", "request_id": "-", "msg": "The nrcan_preserved_mtl has 221563 records."}
{"ts": "2026-08-24T16:39:30", "level": "INFO", "service": "gis-cities-mtl_fsa_gisoo-h1a", "env": "dev", "logger": "jug_gis_cities.mtl_fsa_gisoo.workflow", "request_id": "-", "msg": "The usage_mtl has 553622 records."}
{"ts": "2026-08-24T16:39:30", "level": "INFO", "service": "gis-cities-mtl_fsa_gisoo-h1a", "env": "dev", "logger": "jug_gis_cities.mtl_fsa_gisoo.workflow", "request_id": "-", "msg": "The usage_dup_mtl has 553622 records."}
{"ts": "2026-08-24T16:39:30", "level": "INFO", "service": "gis-cities-mtl_fsa_gisoo-h1a", "env": "dev", "logger": "jug_gis_cities.mtl_fsa_gisoo.workflow", "request_id": "-", "msg": "The fsa_boundaries has 99 records."}
{"ts": "2026-08-24T16:39:30", "level": "INFO", "service": "gis-cities-mtl_fsa_gisoo-h1a", "env": "dev", "logger": "jug_gis_cities.mtl_fsa_gisoo.workflow", "request_id": "-", "msg": "Completed Montreal H1A workflow step: load input layers in 0.339s."}
{"ts": "2026-08-24T16:39:30", "level": "INFO", "service": "gis-cities-mtl_fsa_gisoo-h1a", "env": "dev", "logger": "jug_gis_cities.mtl_fsa_gisoo.workflow", "request_id": "-", "msg": "Starting Montreal H1A workflow step: extract FSA boundary."}
{"ts": "2026-08-24T16:39:30", "level": "INFO", "service": "gis-cities-mtl_fsa_gisoo-h1a", "env": "dev", "logger": "citygisoo.scrub_layer_class", "request_id": "-", "msg": "Extracted features from fsa_boundaries where g_fsa = H1A into D:/GIS/mtl_gisoo_fsa_data\\output_data\\H1A\\fsa_boundary\\fsa_boundary.gpkg."}
{"ts": "2026-08-24T16:39:30", "level": "INFO", "service": "gis-cities-mtl_fsa_gisoo-h1a", "env": "dev", "logger": "citygisoo.scrub_layer_class", "request_id": "-", "msg": "Loaded layer fsa_boundary_H1A from D:/GIS/mtl_gisoo_fsa_data\\output_data\\H1A\\fsa_boundary\\fsa_boundary.gpkg."}
{"ts": "2026-08-24T16:39:30", "level": "INFO", "service": "gis-cities-mtl_fsa_gisoo-h1a", "env": "dev", "logger": "citygisoo.scrub_layer_class", "request_id": "-", "msg": "Creating spatial index for fsa_boundary_H1A is completed."}
{"ts": "2026-08-24T16:39:30", "level": "INFO", "service": "gis-cities-mtl_fsa_gisoo-h1a", "env": "dev", "logger": "jug_gis_cities.mtl_fsa_gisoo.workflow", "request_id": "-", "msg": "The fsa_boundary_H1A has 1 records."}
{"ts": "2026-08-24T16:39:30", "level": "INFO", "service": "gis-cities-mtl_fsa_gisoo-h1a", "env": "dev", "logger": "jug_gis_cities.mtl_fsa_gisoo.workflow", "request_id": "-", "msg": "Completed Montreal H1A workflow step: extract FSA boundary in 0.308s."}
{"ts": "2026-08-24T16:39:30", "level": "INFO", "service": "gis-cities-mtl_fsa_gisoo-h1a", "env": "dev", "logger": "jug_gis_cities.mtl_fsa_gisoo.workflow", "request_id": "-", "msg": "Starting Montreal H1A workflow step: clip input layers to FSA boundary."}
{"ts": "2026-08-24T16:39:31", "level": "INFO", "service": "gis-cities-mtl_fsa_gisoo-h1a", "env": "dev", "logger": "citygisoo.scrub_layer_class", "request_id": "-", "msg": "Clipping of nrcan_mtl is completed."}
{"ts": "2026-08-24T16:39:31", "level": "INFO", "service": "gis-cities-mtl_fsa_gisoo-h1a", "env": "dev", "logger": "citygisoo.scrub_layer_class", "request_id": "-", "msg": "Loaded layer nrcan_clipped_H1A from D:/GIS/mtl_gisoo_fsa_data\\output_data\\H1A\\nrcan\\nrcan.gpkg."}
{"ts": "2026-08-24T16:39:31", "level": "INFO", "service": "gis-cities-mtl_fsa_gisoo-h1a", "env": "dev", "logger": "citygisoo.scrub_layer_class", "request_id": "-", "msg": "Creating spatial index for nrcan_clipped_H1A is completed."}
{"ts": "2026-08-24T16:39:31", "level": "INFO", "service": "gis-cities-mtl_fsa_gisoo-h1a", "env": "dev", "logger": "jug_gis_cities.mtl_fsa_gisoo.workflow", "request_id": "-", "msg": "The nrcan_clipped_H1A has 7076 records."}
{"ts": "2026-08-24T16:39:31", "level": "INFO", "service": "gis-cities-mtl_fsa_gisoo-h1a", "env": "dev", "logger": "citygisoo.scrub_layer_class", "request_id": "-", "msg": "Clipping of nrcan_preserved_mtl is completed."}
{"ts": "2026-08-24T16:39:31", "level": "INFO", "service": "gis-cities-mtl_fsa_gisoo-h1a", "env": "dev", "logger": "citygisoo.scrub_layer_class", "request_id": "-", "msg": "Loaded layer nrcan_preserved_H1A from D:/GIS/mtl_gisoo_fsa_data\\output_data\\H1A\\nrcan_preserved\\nrcan_preserved.gpkg."}
{"ts": "2026-08-24T16:39:31", "level": "INFO", "service": "gis-cities-mtl_fsa_gisoo-h1a", "env": "dev", "logger": "citygisoo.scrub_layer_class", "request_id": "-", "msg": "Creating spatial index for nrcan_preserved_H1A is completed."}
{"ts": "2026-08-24T16:39:31", "level": "INFO", "service": "gis-cities-mtl_fsa_gisoo-h1a", "env": "dev", "logger": "jug_gis_cities.mtl_fsa_gisoo.workflow", "request_id": "-", "msg": "The nrcan_preserved_H1A has 7076 records."}
{"ts": "2026-08-24T16:39:32", "level": "INFO", "service": "gis-cities-mtl_fsa_gisoo-h1a", "env": "dev", "logger": "citygisoo.scrub_layer_class", "request_id": "-", "msg": "Clipping of roll_mtl is completed."}
{"ts": "2026-08-24T16:39:32", "level": "INFO", "service": "gis-cities-mtl_fsa_gisoo-h1a", "env": "dev", "logger": "citygisoo.scrub_layer_class", "request_id": "-", "msg": "Loaded layer roll_clipped_H1A from D:/GIS/mtl_gisoo_fsa_data\\output_data\\H1A\\roll\\roll.gpkg."}
{"ts": "2026-08-24T16:39:32", "level": "INFO", "service": "gis-cities-mtl_fsa_gisoo-h1a", "env": "dev", "logger": "citygisoo.scrub_layer_class", "request_id": "-", "msg": "Creating spatial index for roll_clipped_H1A is completed."}
{"ts": "2026-08-24T16:39:32", "level": "INFO", "service": "gis-cities-mtl_fsa_gisoo-h1a", "env": "dev", "logger": "jug_gis_cities.mtl_fsa_gisoo.workflow", "request_id": "-", "msg": "The roll_clipped_H1A has 10472 records."}
{"ts": "2026-08-24T16:39:34", "level": "INFO", "service": "gis-cities-mtl_fsa_gisoo-h1a", "env": "dev", "logger": "citygisoo.scrub_layer_class", "request_id": "-", "msg": "Clipping of usage_mtl is completed."}
{"ts": "2026-08-24T16:39:34", "level": "INFO", "service": "gis-cities-mtl_fsa_gisoo-h1a", "env": "dev", "logger": "citygisoo.scrub_layer_class", "request_id": "-", "msg": "Loaded layer usage_clipped_H1A from D:/GIS/mtl_gisoo_fsa_data\\output_data\\H1A\\usage\\usage.gpkg."}
{"ts": "2026-08-24T16:39:34", "level": "INFO", "service": "gis-cities-mtl_fsa_gisoo-h1a", "env": "dev", "logger": "citygisoo.scrub_layer_class", "request_id": "-", "msg": "Creating spatial index for usage_clipped_H1A is completed."}
{"ts": "2026-08-24T16:39:34", "level": "INFO", "service": "gis-cities-mtl_fsa_gisoo-h1a", "env": "dev", "logger": "jug_gis_cities.mtl_fsa_gisoo.workflow", "request_id": "-", "msg": "The usage_clipped_H1A has 11628 records."}
{"ts": "2026-08-24T16:39:37", "level": "INFO", "service": "gis-cities-mtl_fsa_gisoo-h1a", "env": "dev", "logger": "citygisoo.scrub_layer_class", "request_id": "-", "msg": "Clipping of usage_dup_mtl is completed."}
{"ts": "2026-08-24T16:39:37", "level": "INFO", "service": "gis-cities-mtl_fsa_gisoo-h1a", "env": "dev", "logger": "citygisoo.scrub_layer_class", "request_id": "-", "msg": "Loaded layer usage_dup_H1A from D:/GIS/mtl_gisoo_fsa_data\\output_data\\H1A\\usage_dup\\usage_dup.gpkg."}
{"ts": "2026-08-24T16:39:37", "level": "INFO", "service": "gis-cities-mtl_fsa_gisoo-h1a", "env": "dev", "logger": "citygisoo.scrub_layer_class", "request_id": "-", "msg": "Creating spatial index for usage_dup_H1A is completed."}
{"ts": "2026-08-24T16:39:37", "level": "INFO", "service": "gis-cities-mtl_fsa_gisoo-h1a", "env": "dev", "logger": "jug_gis_cities.mtl_fsa_gisoo.workflow", "request_id": "-", "msg": "The usage_dup_H1A has 11628 records."}
{"ts": "2026-08-24T16:39:37", "level": "INFO", "service": "gis-cities-mtl_fsa_gisoo-h1a", "env": "dev", "logger": "jug_gis_cities.mtl_fsa_gisoo.workflow", "request_id": "-", "msg": "Completed Montreal H1A workflow step: clip input layers to FSA boundary in 6.513s."}
{"ts": "2026-08-24T16:39:37", "level": "INFO", "service": "gis-cities-mtl_fsa_gisoo-h1a", "env": "dev", "logger": "jug_gis_cities.mtl_fsa_gisoo.workflow", "request_id": "-", "msg": "Starting Montreal H1A workflow step: fix nrcan geometries."}
{"ts": "2026-08-24T16:39:37", "level": "INFO", "service": "gis-cities-mtl_fsa_gisoo-h1a", "env": "dev", "logger": "citygisoo.scrub_layer_class", "request_id": "-", "msg": "Fixed geometries for nrcan_clipped_H1A into D:/GIS/mtl_gisoo_fsa_data\\output_data\\H1A\\nrcan_fixed\\nrcan_fixed.gpkg."}
{"ts": "2026-08-24T16:39:37", "level": "INFO", "service": "gis-cities-mtl_fsa_gisoo-h1a", "env": "dev", "logger": "citygisoo.scrub_layer_class", "request_id": "-", "msg": "Loaded layer nrcan_fixed_H1A from D:/GIS/mtl_gisoo_fsa_data\\output_data\\H1A\\nrcan_fixed\\nrcan_fixed.gpkg."}
{"ts": "2026-08-24T16:39:37", "level": "INFO", "service": "gis-cities-mtl_fsa_gisoo-h1a", "env": "dev", "logger": "citygisoo.scrub_layer_class", "request_id": "-", "msg": "Creating spatial index for nrcan_fixed_H1A is completed."}
{"ts": "2026-08-24T16:39:37", "level": "INFO", "service": "gis-cities-mtl_fsa_gisoo-h1a", "env": "dev", "logger": "jug_gis_cities.mtl_fsa_gisoo.workflow", "request_id": "-", "msg": "The nrcan_fixed_H1A has 7076 records."}
{"ts": "2026-08-24T16:39:37", "level": "INFO", "service": "gis-cities-mtl_fsa_gisoo-h1a", "env": "dev", "logger": "jug_gis_cities.mtl_fsa_gisoo.workflow", "request_id": "-", "msg": "Completed Montreal H1A workflow step: fix nrcan geometries in 0.483s."}
{"ts": "2026-08-24T16:39:37", "level": "INFO", "service": "gis-cities-mtl_fsa_gisoo-h1a", "env": "dev", "logger": "jug_gis_cities.mtl_fsa_gisoo.workflow", "request_id": "-", "msg": "Starting Montreal H1A workflow step: assign nrcan area field."}
{"ts": "2026-08-24T16:39:37", "level": "WARNING", "service": "gis-cities-mtl_fsa_gisoo-h1a", "env": "dev", "logger": "py.warnings", "request_id": "-", "msg": "C:\\Users\\a_adli\\docker_projects\\sabu\\libs\\citygisoo\\src\\citygisoo\\geopackage_feature_processor.py:264: DeprecationWarning: QgsField constructor is deprecated\n  return QgsField(\n"}
{"ts": "2026-08-24T16:39:38", "level": "INFO", "service": "gis-cities-mtl_fsa_gisoo-h1a", "env": "dev", "logger": "citygisoo.geopackage_feature_processor", "request_id": "-", "msg": "Assigned Python-calculated values to field nrcan_area on nrcan_fixed_H1A for 7076 features."}
{"ts": "2026-08-24T16:39:38", "level": "INFO", "service": "gis-cities-mtl_fsa_gisoo-h1a", "env": "dev", "logger": "jug_gis_cities.mtl_fsa_gisoo.workflow", "request_id": "-", "msg": "Completed Montreal H1A workflow step: assign nrcan area field in 0.337s."}
{"ts": "2026-08-24T16:39:38", "level": "INFO", "service": "gis-cities-mtl_fsa_gisoo-h1a", "env": "dev", "logger": "jug_gis_cities.mtl_fsa_gisoo.workflow", "request_id": "-", "msg": "Starting Montreal H1A workflow step: fix nrcan preserved geometries."}
{"ts": "2026-08-24T16:39:38", "level": "INFO", "service": "gis-cities-mtl_fsa_gisoo-h1a", "env": "dev", "logger": "citygisoo.scrub_layer_class", "request_id": "-", "msg": "Fixed geometries for nrcan_preserved_H1A into D:/GIS/mtl_gisoo_fsa_data\\output_data\\H1A\\nrcan_preserved_fixed\\nrcan_preserved_fixed.gpkg."}
{"ts": "2026-08-24T16:39:38", "level": "INFO", "service": "gis-cities-mtl_fsa_gisoo-h1a", "env": "dev", "logger": "citygisoo.scrub_layer_class", "request_id": "-", "msg": "Loaded layer nrcan_preserved_fixed_H1A from D:/GIS/mtl_gisoo_fsa_data\\output_data\\H1A\\nrcan_preserved_fixed\\nrcan_preserved_fixed.gpkg."}
{"ts": "2026-08-24T16:39:38", "level": "INFO", "service": "gis-cities-mtl_fsa_gisoo-h1a", "env": "dev", "logger": "citygisoo.scrub_layer_class", "request_id": "-", "msg": "Creating spatial index for nrcan_preserved_fixed_H1A is completed."}
{"ts": "2026-08-24T16:39:38", "level": "INFO", "service": "gis-cities-mtl_fsa_gisoo-h1a", "env": "dev", "logger": "jug_gis_cities.mtl_fsa_gisoo.workflow", "request_id": "-", "msg": "The nrcan_preserved_fixed_H1A has 7076 records."}
{"ts": "2026-08-24T16:39:38", "level": "INFO", "service": "gis-cities-mtl_fsa_gisoo-h1a", "env": "dev", "logger": "jug_gis_cities.mtl_fsa_gisoo.workflow", "request_id": "-", "msg": "Completed Montreal H1A workflow step: fix nrcan preserved geometries in 0.452s."}
{"ts": "2026-08-24T16:39:38", "level": "INFO", "service": "gis-cities-mtl_fsa_gisoo-h1a", "env": "dev", "logger": "jug_gis_cities.mtl_fsa_gisoo.workflow", "request_id": "-", "msg": "Starting Montreal H1A workflow step: assign nrcan preserved area field."}
{"ts": "2026-08-24T16:39:38", "level": "INFO", "service": "gis-cities-mtl_fsa_gisoo-h1a", "env": "dev", "logger": "citygisoo.geopackage_feature_processor", "request_id": "-", "msg": "Assigned Python-calculated values to field nrcan_area on nrcan_preserved_fixed_H1A for 7076 features."}
{"ts": "2026-08-24T16:39:38", "level": "INFO", "service": "gis-cities-mtl_fsa_gisoo-h1a", "env": "dev", "logger": "jug_gis_cities.mtl_fsa_gisoo.workflow", "request_id": "-", "msg": "Completed Montreal H1A workflow step: assign nrcan preserved area field in 0.318s."}
{"ts": "2026-08-24T16:39:38", "level": "INFO", "service": "gis-cities-mtl_fsa_gisoo-h1a", "env": "dev", "logger": "jug_gis_cities.mtl_fsa_gisoo.workflow", "request_id": "-", "msg": "Starting Montreal H1A workflow step: fix usage geometries."}
{"ts": "2026-08-24T16:39:39", "level": "INFO", "service": "gis-cities-mtl_fsa_gisoo-h1a", "env": "dev", "logger": "citygisoo.scrub_layer_class", "request_id": "-", "msg": "Fixed geometries for usage_clipped_H1A into D:/GIS/mtl_gisoo_fsa_data\\output_data\\H1A\\usage_fixed\\usage_fixed.gpkg."}
{"ts": "2026-08-24T16:39:39", "level": "INFO", "service": "gis-cities-mtl_fsa_gisoo-h1a", "env": "dev", "logger": "citygisoo.scrub_layer_class", "request_id": "-", "msg": "Loaded layer usage_fixed_H1A from D:/GIS/mtl_gisoo_fsa_data\\output_data\\H1A\\usage_fixed\\usage_fixed.gpkg."}
{"ts": "2026-08-24T16:39:39", "level": "INFO", "service": "gis-cities-mtl_fsa_gisoo-h1a", "env": "dev", "logger": "citygisoo.scrub_layer_class", "request_id": "-", "msg": "Creating spatial index for usage_fixed_H1A is completed."}
{"ts": "2026-08-24T16:39:39", "level": "INFO", "service": "gis-cities-mtl_fsa_gisoo-h1a", "env": "dev", "logger": "jug_gis_cities.mtl_fsa_gisoo.workflow", "request_id": "-", "msg": "The usage_fixed_H1A has 11628 records."}
{"ts": "2026-08-24T16:39:39", "level": "INFO", "service": "gis-cities-mtl_fsa_gisoo-h1a", "env": "dev", "logger": "jug_gis_cities.mtl_fsa_gisoo.workflow", "request_id": "-", "msg": "Completed Montreal H1A workflow step: fix usage geometries in 0.813s."}
{"ts": "2026-08-24T16:39:39", "level": "INFO", "service": "gis-cities-mtl_fsa_gisoo-h1a", "env": "dev", "logger": "jug_gis_cities.mtl_fsa_gisoo.workflow", "request_id": "-", "msg": "Starting Montreal H1A workflow step: fix usage duplicate geometries."}
{"ts": "2026-08-24T16:39:40", "level": "INFO", "service": "gis-cities-mtl_fsa_gisoo-h1a", "env": "dev", "logger": "citygisoo.scrub_layer_class", "request_id": "-", "msg": "Fixed geometries for usage_dup_H1A into D:/GIS/mtl_gisoo_fsa_data\\output_data\\H1A\\usage_dup_fixed\\usage_dup_fixed.gpkg."}
{"ts": "2026-08-24T16:39:40", "level": "INFO", "service": "gis-cities-mtl_fsa_gisoo-h1a", "env": "dev", "logger": "citygisoo.scrub_layer_class", "request_id": "-", "msg": "Loaded layer usage_dup_fixed_H1A from D:/GIS/mtl_gisoo_fsa_data\\output_data\\H1A\\usage_dup_fixed\\usage_dup_fixed.gpkg."}
{"ts": "2026-08-24T16:39:40", "level": "INFO", "service": "gis-cities-mtl_fsa_gisoo-h1a", "env": "dev", "logger": "citygisoo.scrub_layer_class", "request_id": "-", "msg": "Creating spatial index for usage_dup_fixed_H1A is completed."}
{"ts": "2026-08-24T16:39:40", "level": "INFO", "service": "gis-cities-mtl_fsa_gisoo-h1a", "env": "dev", "logger": "jug_gis_cities.mtl_fsa_gisoo.workflow", "request_id": "-", "msg": "The usage_dup_fixed_H1A has 11628 records."}
{"ts": "2026-08-24T16:39:40", "level": "INFO", "service": "gis-cities-mtl_fsa_gisoo-h1a", "env": "dev", "logger": "jug_gis_cities.mtl_fsa_gisoo.workflow", "request_id": "-", "msg": "Completed Montreal H1A workflow step: fix usage duplicate geometries in 0.809s."}
{"ts": "2026-08-24T16:39:40", "level": "INFO", "service": "gis-cities-mtl_fsa_gisoo-h1a", "env": "dev", "logger": "jug_gis_cities.mtl_fsa_gisoo.workflow", "request_id": "-", "msg": "Starting Montreal H1A workflow step: extract usage records missing from roll."}
{"ts": "2026-08-24T16:39:40", "level": "INFO", "service": "gis-cities-mtl_fsa_gisoo-h1a", "env": "dev", "logger": "citygisoo.geopackage_feature_processor", "request_id": "-", "msg": "Extracted 1109 features from usage_fixed_H1A by membership of g_id_provi in roll_clipped_H1A.id_provinc."}
{"ts": "2026-08-24T16:39:40", "level": "INFO", "service": "gis-cities-mtl_fsa_gisoo-h1a", "env": "dev", "logger": "citygisoo.geopackage_feature_processor", "request_id": "-", "msg": "Wrote 1109 features from usage_fixed_H1A to D:/GIS/mtl_gisoo_fsa_data\\output_data\\H1A\\usage_margin_san\\usage_margin_san.gpkg."}
{"ts": "2026-08-24T16:39:40", "level": "INFO", "service": "gis-cities-mtl_fsa_gisoo-h1a", "env": "dev", "logger": "citygisoo.scrub_layer_class", "request_id": "-", "msg": "Loaded layer usage_margin_san_H1A from D:/GIS/mtl_gisoo_fsa_data\\output_data\\H1A\\usage_margin_san\\usage_margin_san.gpkg."}
{"ts": "2026-08-24T16:39:40", "level": "INFO", "service": "gis-cities-mtl_fsa_gisoo-h1a", "env": "dev", "logger": "citygisoo.scrub_layer_class", "request_id": "-", "msg": "Creating spatial index for usage_margin_san_H1A is completed."}
{"ts": "2026-08-24T16:39:40", "level": "INFO", "service": "gis-cities-mtl_fsa_gisoo-h1a", "env": "dev", "logger": "jug_gis_cities.mtl_fsa_gisoo.workflow", "request_id": "-", "msg": "The usage_margin_san_H1A has 1109 records."}
{"ts": "2026-08-24T16:39:40", "level": "INFO", "service": "gis-cities-mtl_fsa_gisoo-h1a", "env": "dev", "logger": "jug_gis_cities.mtl_fsa_gisoo.workflow", "request_id": "-", "msg": "Completed Montreal H1A workflow step: extract usage records missing from roll in 0.422s."}
{"ts": "2026-08-24T16:39:40", "level": "INFO", "service": "gis-cities-mtl_fsa_gisoo-h1a", "env": "dev", "logger": "jug_gis_cities.mtl_fsa_gisoo.workflow", "request_id": "-", "msg": "Starting Montreal H1A workflow step: difference usage with usage margin san."}
{"ts": "2026-08-24T16:39:48", "level": "INFO", "service": "gis-cities-mtl_fsa_gisoo-h1a", "env": "dev", "logger": "citygisoo.scrub_layer_class", "request_id": "-", "msg": "Difference of usage_clipped_H1A with overlay D:/GIS/mtl_gisoo_fsa_data\\output_data\\H1A\\usage_margin_san\\usage_margin_san.gpkg is completed into D:/GIS/mtl_gisoo_fsa_data\\output_data\\H1A\\usage_clean\\usage_clean.gpkg."}
{"ts": "2026-08-24T16:39:48", "level": "INFO", "service": "gis-cities-mtl_fsa_gisoo-h1a", "env": "dev", "logger": "citygisoo.scrub_layer_class", "request_id": "-", "msg": "Loaded layer usage_clean_H1A from D:/GIS/mtl_gisoo_fsa_data\\output_data\\H1A\\usage_clean\\usage_clean.gpkg."}
{"ts": "2026-08-24T16:39:48", "level": "INFO", "service": "gis-cities-mtl_fsa_gisoo-h1a", "env": "dev", "logger": "citygisoo.scrub_layer_class", "request_id": "-", "msg": "Creating spatial index for usage_clean_H1A is completed."}
{"ts": "2026-08-24T16:39:48", "level": "INFO", "service": "gis-cities-mtl_fsa_gisoo-h1a", "env": "dev", "logger": "jug_gis_cities.mtl_fsa_gisoo.workflow", "request_id": "-", "msg": "The usage_clean_H1A has 10477 records."}
{"ts": "2026-08-24T16:39:48", "level": "INFO", "service": "gis-cities-mtl_fsa_gisoo-h1a", "env": "dev", "logger": "jug_gis_cities.mtl_fsa_gisoo.workflow", "request_id": "-", "msg": "Completed Montreal H1A workflow step: difference usage with usage margin san in 7.815s."}
{"ts": "2026-08-24T16:39:48", "level": "INFO", "service": "gis-cities-mtl_fsa_gisoo-h1a", "env": "dev", "logger": "jug_gis_cities.mtl_fsa_gisoo.workflow", "request_id": "-", "msg": "Starting Montreal H1A workflow step: extract usage margin records with provincial id."}
{"ts": "2026-08-24T16:39:48", "level": "INFO", "service": "gis-cities-mtl_fsa_gisoo-h1a", "env": "dev", "logger": "citygisoo.geopackage_feature_processor", "request_id": "-", "msg": "Wrote 177 features from usage_margin_san_H1A to D:/GIS/mtl_gisoo_fsa_data\\output_data\\H1A\\usage_margin\\usage_margin.gpkg."}
{"ts": "2026-08-24T16:39:48", "level": "INFO", "service": "gis-cities-mtl_fsa_gisoo-h1a", "env": "dev", "logger": "citygisoo.scrub_layer_class", "request_id": "-", "msg": "Loaded layer usage_margin_H1A from D:/GIS/mtl_gisoo_fsa_data\\output_data\\H1A\\usage_margin\\usage_margin.gpkg."}
{"ts": "2026-08-24T16:39:48", "level": "INFO", "service": "gis-cities-mtl_fsa_gisoo-h1a", "env": "dev", "logger": "citygisoo.scrub_layer_class", "request_id": "-", "msg": "Creating spatial index for usage_margin_H1A is completed."}
{"ts": "2026-08-24T16:39:48", "level": "INFO", "service": "gis-cities-mtl_fsa_gisoo-h1a", "env": "dev", "logger": "jug_gis_cities.mtl_fsa_gisoo.workflow", "request_id": "-", "msg": "The usage_margin_H1A has 177 records."}
{"ts": "2026-08-24T16:39:48", "level": "INFO", "service": "gis-cities-mtl_fsa_gisoo-h1a", "env": "dev", "logger": "jug_gis_cities.mtl_fsa_gisoo.workflow", "request_id": "-", "msg": "Completed Montreal H1A workflow step: extract usage margin records with provincial id in 0.092s."}
{"ts": "2026-08-24T16:39:48", "level": "INFO", "service": "gis-cities-mtl_fsa_gisoo-h1a", "env": "dev", "logger": "jug_gis_cities.mtl_fsa_gisoo.workflow", "request_id": "-", "msg": "Starting Montreal H1A workflow step: assign usage margin area field."}
{"ts": "2026-08-24T16:39:48", "level": "INFO", "service": "gis-cities-mtl_fsa_gisoo-h1a", "env": "dev", "logger": "citygisoo.geopackage_feature_processor", "request_id": "-", "msg": "Assigned Python-calculated values to field area_ex on usage_margin_H1A for 177 features."}
{"ts": "2026-08-24T16:39:48", "level": "INFO", "service": "gis-cities-mtl_fsa_gisoo-h1a", "env": "dev", "logger": "jug_gis_cities.mtl_fsa_gisoo.workflow", "request_id": "-", "msg": "Completed Montreal H1A workflow step: assign usage margin area field in 0.023s."}
{"ts": "2026-08-24T16:39:48", "level": "INFO", "service": "gis-cities-mtl_fsa_gisoo-h1a", "env": "dev", "logger": "jug_gis_cities.mtl_fsa_gisoo.workflow", "request_id": "-", "msg": "Starting Montreal H1A workflow step: extract usage-only records by area."}
{"ts": "2026-08-24T16:39:48", "level": "INFO", "service": "gis-cities-mtl_fsa_gisoo-h1a", "env": "dev", "logger": "citygisoo.geopackage_feature_processor", "request_id": "-", "msg": "Wrote 31 features from usage_margin_H1A to D:/GIS/mtl_gisoo_fsa_data\\output_data\\H1A\\usage_only\\usage_only.gpkg."}
{"ts": "2026-08-24T16:39:48", "level": "INFO", "service": "gis-cities-mtl_fsa_gisoo-h1a", "env": "dev", "logger": "citygisoo.scrub_layer_class", "request_id": "-", "msg": "Loaded layer usage_only_H1A from D:/GIS/mtl_gisoo_fsa_data\\output_data\\H1A\\usage_only\\usage_only.gpkg."}
{"ts": "2026-08-24T16:39:48", "level": "INFO", "service": "gis-cities-mtl_fsa_gisoo-h1a", "env": "dev", "logger": "citygisoo.scrub_layer_class", "request_id": "-", "msg": "Creating spatial index for usage_only_H1A is completed."}
{"ts": "2026-08-24T16:39:48", "level": "INFO", "service": "gis-cities-mtl_fsa_gisoo-h1a", "env": "dev", "logger": "jug_gis_cities.mtl_fsa_gisoo.workflow", "request_id": "-", "msg": "The usage_only_H1A has 31 records."}
{"ts": "2026-08-24T16:39:48", "level": "INFO", "service": "gis-cities-mtl_fsa_gisoo-h1a", "env": "dev", "logger": "jug_gis_cities.mtl_fsa_gisoo.workflow", "request_id": "-", "msg": "Completed Montreal H1A workflow step: extract usage-only records by area in 0.066s."}
{"ts": "2026-08-24T16:39:48", "level": "INFO", "service": "gis-cities-mtl_fsa_gisoo-h1a", "env": "dev", "logger": "jug_gis_cities.mtl_fsa_gisoo.workflow", "request_id": "-", "msg": "Starting Montreal H1A workflow step: extract roll records missing from usage."}
{"ts": "2026-08-24T16:39:49", "level": "INFO", "service": "gis-cities-mtl_fsa_gisoo-h1a", "env": "dev", "logger": "citygisoo.geopackage_feature_processor", "request_id": "-", "msg": "Extracted 57 features from roll_clipped_H1A by membership of id_provinc in usage_clipped_H1A.g_id_provi."}
{"ts": "2026-08-24T16:39:49", "level": "INFO", "service": "gis-cities-mtl_fsa_gisoo-h1a", "env": "dev", "logger": "citygisoo.geopackage_feature_processor", "request_id": "-", "msg": "Wrote 57 features from roll_clipped_H1A to D:/GIS/mtl_gisoo_fsa_data\\output_data\\H1A\\roll_only\\roll_only.gpkg."}
{"ts": "2026-08-24T16:39:49", "level": "INFO", "service": "gis-cities-mtl_fsa_gisoo-h1a", "env": "dev", "logger": "citygisoo.scrub_layer_class", "request_id": "-", "msg": "Loaded layer roll_only_H1A from D:/GIS/mtl_gisoo_fsa_data\\output_data\\H1A\\roll_only\\roll_only.gpkg."}
{"ts": "2026-08-24T16:39:49", "level": "INFO", "service": "gis-cities-mtl_fsa_gisoo-h1a", "env": "dev", "logger": "citygisoo.scrub_layer_class", "request_id": "-", "msg": "Creating spatial index for roll_only_H1A is completed."}
{"ts": "2026-08-24T16:39:49", "level": "INFO", "service": "gis-cities-mtl_fsa_gisoo-h1a", "env": "dev", "logger": "jug_gis_cities.mtl_fsa_gisoo.workflow", "request_id": "-", "msg": "The roll_only_H1A has 57 records."}
{"ts": "2026-08-24T16:39:49", "level": "INFO", "service": "gis-cities-mtl_fsa_gisoo-h1a", "env": "dev", "logger": "jug_gis_cities.mtl_fsa_gisoo.workflow", "request_id": "-", "msg": "Completed Montreal H1A workflow step: extract roll records missing from usage in 0.319s."}
{"ts": "2026-08-24T16:39:49", "level": "INFO", "service": "gis-cities-mtl_fsa_gisoo-h1a", "env": "dev", "logger": "jug_gis_cities.mtl_fsa_gisoo.workflow", "request_id": "-", "msg": "Starting Montreal H1A workflow step: spatial join usage with roll-only."}
{"ts": "2026-08-24T16:39:50", "level": "INFO", "service": "gis-cities-mtl_fsa_gisoo-h1a", "env": "dev", "logger": "citygisoo.scrub_layer_class", "request_id": "-", "msg": "Spatial join with input layer usage_clipped_H1A, predicate contains, method one-to-many, and prefix ro_ is completed."}
{"ts": "2026-08-24T16:39:50", "level": "INFO", "service": "gis-cities-mtl_fsa_gisoo-h1a", "env": "dev", "logger": "citygisoo.scrub_layer_class", "request_id": "-", "msg": "Loaded layer usage_roll_only_all_H1A from D:/GIS/mtl_gisoo_fsa_data\\output_data\\H1A\\usage_roll_only_all\\usage_roll_only_all.gpkg."}
{"ts": "2026-08-24T16:39:50", "level": "INFO", "service": "gis-cities-mtl_fsa_gisoo-h1a", "env": "dev", "logger": "citygisoo.scrub_layer_class", "request_id": "-", "msg": "Creating spatial index for usage_roll_only_all_H1A is completed."}
{"ts": "2026-08-24T16:39:50", "level": "INFO", "service": "gis-cities-mtl_fsa_gisoo-h1a", "env": "dev", "logger": "jug_gis_cities.mtl_fsa_gisoo.workflow", "request_id": "-", "msg": "The usage_roll_only_all_H1A has 11836 records."}
{"ts": "2026-08-24T16:39:50", "level": "INFO", "service": "gis-cities-mtl_fsa_gisoo-h1a", "env": "dev", "logger": "jug_gis_cities.mtl_fsa_gisoo.workflow", "request_id": "-", "msg": "Completed Montreal H1A workflow step: spatial join usage with roll-only in 1.150s."}
{"ts": "2026-08-24T16:39:50", "level": "INFO", "service": "gis-cities-mtl_fsa_gisoo-h1a", "env": "dev", "logger": "jug_gis_cities.mtl_fsa_gisoo.workflow", "request_id": "-", "msg": "Starting Montreal H1A workflow step: extract usage-roll-only matched records."}
{"ts": "2026-08-24T16:39:50", "level": "INFO", "service": "gis-cities-mtl_fsa_gisoo-h1a", "env": "dev", "logger": "citygisoo.geopackage_feature_processor", "request_id": "-", "msg": "Wrote 328 features from usage_roll_only_all_H1A to D:/GIS/mtl_gisoo_fsa_data\\output_data\\H1A\\usage_roll_only\\usage_roll_only.gpkg."}
{"ts": "2026-08-24T16:39:50", "level": "INFO", "service": "gis-cities-mtl_fsa_gisoo-h1a", "env": "dev", "logger": "citygisoo.scrub_layer_class", "request_id": "-", "msg": "Loaded layer usage_roll_only_H1A from D:/GIS/mtl_gisoo_fsa_data\\output_data\\H1A\\usage_roll_only\\usage_roll_only.gpkg."}
{"ts": "2026-08-24T16:39:50", "level": "INFO", "service": "gis-cities-mtl_fsa_gisoo-h1a", "env": "dev", "logger": "citygisoo.scrub_layer_class", "request_id": "-", "msg": "Creating spatial index for usage_roll_only_H1A is completed."}
{"ts": "2026-08-24T16:39:50", "level": "INFO", "service": "gis-cities-mtl_fsa_gisoo-h1a", "env": "dev", "logger": "jug_gis_cities.mtl_fsa_gisoo.workflow", "request_id": "-", "msg": "The usage_roll_only_H1A has 328 records."}
{"ts": "2026-08-24T16:39:50", "level": "INFO", "service": "gis-cities-mtl_fsa_gisoo-h1a", "env": "dev", "logger": "jug_gis_cities.mtl_fsa_gisoo.workflow", "request_id": "-", "msg": "Completed Montreal H1A workflow step: extract usage-roll-only matched records in 0.391s."}
{"ts": "2026-08-24T16:39:50", "level": "INFO", "service": "gis-cities-mtl_fsa_gisoo-h1a", "env": "dev", "logger": "jug_gis_cities.mtl_fsa_gisoo.workflow", "request_id": "-", "msg": "Starting Montreal H1A workflow step: extract unique usage-roll-only records."}
{"ts": "2026-08-24T16:39:50", "level": "INFO", "service": "gis-cities-mtl_fsa_gisoo-h1a", "env": "dev", "logger": "citygisoo.geopackage_feature_processor", "request_id": "-", "msg": "Wrote 48 features from usage_roll_only_H1A to D:/GIS/mtl_gisoo_fsa_data\\output_data\\H1A\\usage_roll_only_unique\\usage_roll_only_unique.gpkg."}
{"ts": "2026-08-24T16:39:50", "level": "INFO", "service": "gis-cities-mtl_fsa_gisoo-h1a", "env": "dev", "logger": "citygisoo.scrub_layer_class", "request_id": "-", "msg": "Loaded layer usage_roll_only_unique_H1A from D:/GIS/mtl_gisoo_fsa_data\\output_data\\H1A\\usage_roll_only_unique\\usage_roll_only_unique.gpkg."}
{"ts": "2026-08-24T16:39:50", "level": "INFO", "service": "gis-cities-mtl_fsa_gisoo-h1a", "env": "dev", "logger": "citygisoo.scrub_layer_class", "request_id": "-", "msg": "Creating spatial index for usage_roll_only_unique_H1A is completed."}
{"ts": "2026-08-24T16:39:50", "level": "INFO", "service": "gis-cities-mtl_fsa_gisoo-h1a", "env": "dev", "logger": "jug_gis_cities.mtl_fsa_gisoo.workflow", "request_id": "-", "msg": "The usage_roll_only_unique_H1A has 48 records."}
{"ts": "2026-08-24T16:39:50", "level": "INFO", "service": "gis-cities-mtl_fsa_gisoo-h1a", "env": "dev", "logger": "jug_gis_cities.mtl_fsa_gisoo.workflow", "request_id": "-", "msg": "Completed Montreal H1A workflow step: extract unique usage-roll-only records in 0.086s."}
{"ts": "2026-08-24T16:39:50", "level": "INFO", "service": "gis-cities-mtl_fsa_gisoo-h1a", "env": "dev", "logger": "jug_gis_cities.mtl_fsa_gisoo.workflow", "request_id": "-", "msg": "Starting Montreal H1A workflow step: difference roll with roll-only."}
{"ts": "2026-08-24T16:39:52", "level": "INFO", "service": "gis-cities-mtl_fsa_gisoo-h1a", "env": "dev", "logger": "citygisoo.scrub_layer_class", "request_id": "-", "msg": "Difference of roll_clipped_H1A with overlay D:/GIS/mtl_gisoo_fsa_data\\output_data\\H1A\\roll_only\\roll_only.gpkg is completed into D:/GIS/mtl_gisoo_fsa_data\\output_data\\H1A\\roll_clean\\roll_clean.gpkg."}
{"ts": "2026-08-24T16:39:52", "level": "INFO", "service": "gis-cities-mtl_fsa_gisoo-h1a", "env": "dev", "logger": "citygisoo.scrub_layer_class", "request_id": "-", "msg": "Loaded layer roll_clean_H1A from D:/GIS/mtl_gisoo_fsa_data\\output_data\\H1A\\roll_clean\\roll_clean.gpkg."}
{"ts": "2026-08-24T16:39:52", "level": "INFO", "service": "gis-cities-mtl_fsa_gisoo-h1a", "env": "dev", "logger": "citygisoo.scrub_layer_class", "request_id": "-", "msg": "Creating spatial index for roll_clean_H1A is completed."}
{"ts": "2026-08-24T16:39:52", "level": "INFO", "service": "gis-cities-mtl_fsa_gisoo-h1a", "env": "dev", "logger": "jug_gis_cities.mtl_fsa_gisoo.workflow", "request_id": "-", "msg": "The roll_clean_H1A has 10472 records."}
{"ts": "2026-08-24T16:39:52", "level": "INFO", "service": "gis-cities-mtl_fsa_gisoo-h1a", "env": "dev", "logger": "jug_gis_cities.mtl_fsa_gisoo.workflow", "request_id": "-", "msg": "Completed Montreal H1A workflow step: difference roll with roll-only in 1.681s."}
{"ts": "2026-08-24T16:39:52", "level": "INFO", "service": "gis-cities-mtl_fsa_gisoo-h1a", "env": "dev", "logger": "jug_gis_cities.mtl_fsa_gisoo.workflow", "request_id": "-", "msg": "Starting Montreal H1A workflow step: duplicate roll provincial id field."}
{"ts": "2026-08-24T16:39:52", "level": "WARNING", "service": "gis-cities-mtl_fsa_gisoo-h1a", "env": "dev", "logger": "py.warnings", "request_id": "-", "msg": "C:\\Users\\a_adli\\docker_projects\\sabu\\libs\\citygisoo\\src\\citygisoo\\scrub_layer_class.py:1310: DeprecationWarning: QgsField constructor is deprecated\n  new_field = QgsField(target_field, QVariant.String, len=field_length)\n"}
{"ts": "2026-08-24T16:39:52", "level": "INFO", "service": "gis-cities-mtl_fsa_gisoo-h1a", "env": "dev", "logger": "citygisoo.scrub_layer_class", "request_id": "-", "msg": "Copied 10472 values from id_provinc to text field r_id_provinc on roll_clean_H1A."}
{"ts": "2026-08-24T16:39:52", "level": "INFO", "service": "gis-cities-mtl_fsa_gisoo-h1a", "env": "dev", "logger": "jug_gis_cities.mtl_fsa_gisoo.workflow", "request_id": "-", "msg": "Completed Montreal H1A workflow step: duplicate roll provincial id field in 0.369s."}
{"ts": "2026-08-24T16:39:52", "level": "INFO", "service": "gis-cities-mtl_fsa_gisoo-h1a", "env": "dev", "logger": "jug_gis_cities.mtl_fsa_gisoo.workflow", "request_id": "-", "msg": "Starting Montreal H1A workflow step: join usage clean with roll clean."}
{"ts": "2026-08-24T16:39:53", "level": "INFO", "service": "gis-cities-mtl_fsa_gisoo-h1a", "env": "dev", "logger": "citygisoo.scrub_layer_class", "request_id": "-", "msg": "Field join of usage_clean_H1A with input layer roll_clean_H1A is completed."}
{"ts": "2026-08-24T16:39:53", "level": "INFO", "service": "gis-cities-mtl_fsa_gisoo-h1a", "env": "dev", "logger": "citygisoo.scrub_layer_class", "request_id": "-", "msg": "Loaded layer usage_roll_H1A from D:/GIS/mtl_gisoo_fsa_data\\output_data\\H1A\\usage_roll\\usage_roll.gpkg."}
{"ts": "2026-08-24T16:39:53", "level": "INFO", "service": "gis-cities-mtl_fsa_gisoo-h1a", "env": "dev", "logger": "citygisoo.scrub_layer_class", "request_id": "-", "msg": "Creating spatial index for usage_roll_H1A is completed."}
{"ts": "2026-08-24T16:39:53", "level": "INFO", "service": "gis-cities-mtl_fsa_gisoo-h1a", "env": "dev", "logger": "jug_gis_cities.mtl_fsa_gisoo.workflow", "request_id": "-", "msg": "The usage_roll_H1A has 10477 records."}
{"ts": "2026-08-24T16:39:53", "level": "INFO", "service": "gis-cities-mtl_fsa_gisoo-h1a", "env": "dev", "logger": "jug_gis_cities.mtl_fsa_gisoo.workflow", "request_id": "-", "msg": "Completed Montreal H1A workflow step: join usage clean with roll clean in 0.946s."}
{"ts": "2026-08-24T16:39:53", "level": "INFO", "service": "gis-cities-mtl_fsa_gisoo-h1a", "env": "dev", "logger": "jug_gis_cities.mtl_fsa_gisoo.workflow", "request_id": "-", "msg": "Starting Montreal H1A workflow step: merge usage roll layers."}
{"ts": "2026-08-24T16:39:55", "level": "INFO", "service": "gis-cities-mtl_fsa_gisoo-h1a", "env": "dev", "logger": "citygisoo.scrub_layer_class", "request_id": "-", "msg": "Merged 3 explicit layers into D:/GIS/mtl_gisoo_fsa_data\\output_data\\H1A\\usage_roll_all\\usage_roll_all.gpkg."}
{"ts": "2026-08-24T16:39:55", "level": "INFO", "service": "gis-cities-mtl_fsa_gisoo-h1a", "env": "dev", "logger": "citygisoo.scrub_layer_class", "request_id": "-", "msg": "Loaded layer usage_roll_all_H1A from D:/GIS/mtl_gisoo_fsa_data\\output_data\\H1A\\usage_roll_all\\usage_roll_all.gpkg."}
{"ts": "2026-08-24T16:39:55", "level": "INFO", "service": "gis-cities-mtl_fsa_gisoo-h1a", "env": "dev", "logger": "citygisoo.scrub_layer_class", "request_id": "-", "msg": "Creating spatial index for usage_roll_all_H1A is completed."}
{"ts": "2026-08-24T16:39:55", "level": "INFO", "service": "gis-cities-mtl_fsa_gisoo-h1a", "env": "dev", "logger": "jug_gis_cities.mtl_fsa_gisoo.workflow", "request_id": "-", "msg": "The usage_roll_all_H1A has 10556 records."}
{"ts": "2026-08-24T16:39:55", "level": "INFO", "service": "gis-cities-mtl_fsa_gisoo-h1a", "env": "dev", "logger": "jug_gis_cities.mtl_fsa_gisoo.workflow", "request_id": "-", "msg": "Completed Montreal H1A workflow step: merge usage roll layers in 1.852s."}
{"ts": "2026-08-24T16:39:55", "level": "INFO", "service": "gis-cities-mtl_fsa_gisoo-h1a", "env": "dev", "logger": "jug_gis_cities.mtl_fsa_gisoo.workflow", "request_id": "-", "msg": "Starting Montreal H1A workflow step: assign usage roll uuid field."}
{"ts": "2026-08-24T16:40:04", "level": "INFO", "service": "gis-cities-mtl_fsa_gisoo-h1a", "env": "dev", "logger": "citygisoo.scrub_layer_class", "request_id": "-", "msg": "Assigned expression values to field usage_roll_id on usage_roll_all_H1A for 10556 features."}
{"ts": "2026-08-24T16:40:04", "level": "INFO", "service": "gis-cities-mtl_fsa_gisoo-h1a", "env": "dev", "logger": "jug_gis_cities.mtl_fsa_gisoo.workflow", "request_id": "-", "msg": "Completed Montreal H1A workflow step: assign usage roll uuid field in 8.628s."}
{"ts": "2026-08-24T16:40:04", "level": "INFO", "service": "gis-cities-mtl_fsa_gisoo-h1a", "env": "dev", "logger": "jug_gis_cities.mtl_fsa_gisoo.workflow", "request_id": "-", "msg": "Starting Montreal H1A workflow step: delete duplicate usage geometries."}
{"ts": "2026-08-24T16:40:05", "level": "INFO", "service": "gis-cities-mtl_fsa_gisoo-h1a", "env": "dev", "logger": "citygisoo.scrub_layer_class", "request_id": "-", "msg": "Deleted duplicate geometries from usage_dup_fixed_H1A into D:/GIS/mtl_gisoo_fsa_data\\output_data\\H1A\\usage_dup_clean\\usage_dup_clean.gpkg."}
{"ts": "2026-08-24T16:40:05", "level": "INFO", "service": "gis-cities-mtl_fsa_gisoo-h1a", "env": "dev", "logger": "citygisoo.scrub_layer_class", "request_id": "-", "msg": "Loaded layer usage_dup_clean_H1A from D:/GIS/mtl_gisoo_fsa_data\\output_data\\H1A\\usage_dup_clean\\usage_dup_clean.gpkg."}
{"ts": "2026-08-24T16:40:05", "level": "INFO", "service": "gis-cities-mtl_fsa_gisoo-h1a", "env": "dev", "logger": "citygisoo.scrub_layer_class", "request_id": "-", "msg": "Creating spatial index for usage_dup_clean_H1A is completed."}
{"ts": "2026-08-24T16:40:05", "level": "INFO", "service": "gis-cities-mtl_fsa_gisoo-h1a", "env": "dev", "logger": "jug_gis_cities.mtl_fsa_gisoo.workflow", "request_id": "-", "msg": "The usage_dup_clean_H1A has 8600 records."}
{"ts": "2026-08-24T16:40:05", "level": "INFO", "service": "gis-cities-mtl_fsa_gisoo-h1a", "env": "dev", "logger": "jug_gis_cities.mtl_fsa_gisoo.workflow", "request_id": "-", "msg": "Completed Montreal H1A workflow step: delete duplicate usage geometries in 1.470s."}
{"ts": "2026-08-24T16:40:05", "level": "INFO", "service": "gis-cities-mtl_fsa_gisoo-h1a", "env": "dev", "logger": "jug_gis_cities.mtl_fsa_gisoo.workflow", "request_id": "-", "msg": "Starting Montreal H1A workflow step: intersect nrcan with clean usage duplicate."}
{"ts": "2026-08-24T16:40:15", "level": "INFO", "service": "gis-cities-mtl_fsa_gisoo-h1a", "env": "dev", "logger": "citygisoo.scrub_layer_class", "request_id": "-", "msg": "Intersection of nrcan_fixed_H1A with overlay D:/GIS/mtl_gisoo_fsa_data\\output_data\\H1A\\usage_dup_clean\\usage_dup_clean.gpkg is completed into D:/GIS/mtl_gisoo_fsa_data\\output_data\\H1A\\inter_nrcan\\inter_nrcan.gpkg."}
{"ts": "2026-08-24T16:40:15", "level": "INFO", "service": "gis-cities-mtl_fsa_gisoo-h1a", "env": "dev", "logger": "citygisoo.scrub_layer_class", "request_id": "-", "msg": "Loaded layer inter_nrcan_H1A from D:/GIS/mtl_gisoo_fsa_data\\output_data\\H1A\\inter_nrcan\\inter_nrcan.gpkg."}
{"ts": "2026-08-24T16:40:15", "level": "INFO", "service": "gis-cities-mtl_fsa_gisoo-h1a", "env": "dev", "logger": "citygisoo.scrub_layer_class", "request_id": "-", "msg": "Creating spatial index for inter_nrcan_H1A is completed."}
{"ts": "2026-08-24T16:40:15", "level": "INFO", "service": "gis-cities-mtl_fsa_gisoo-h1a", "env": "dev", "logger": "jug_gis_cities.mtl_fsa_gisoo.workflow", "request_id": "-", "msg": "The inter_nrcan_H1A has 10997 records."}
{"ts": "2026-08-24T16:40:15", "level": "INFO", "service": "gis-cities-mtl_fsa_gisoo-h1a", "env": "dev", "logger": "jug_gis_cities.mtl_fsa_gisoo.workflow", "request_id": "-", "msg": "Completed Montreal H1A workflow step: intersect nrcan with clean usage duplicate in 9.314s."}
{"ts": "2026-08-24T16:40:15", "level": "INFO", "service": "gis-cities-mtl_fsa_gisoo-h1a", "env": "dev", "logger": "jug_gis_cities.mtl_fsa_gisoo.workflow", "request_id": "-", "msg": "Starting Montreal H1A workflow step: assign inter nrcan area field."}
{"ts": "2026-08-24T16:40:15", "level": "INFO", "service": "gis-cities-mtl_fsa_gisoo-h1a", "env": "dev", "logger": "citygisoo.geopackage_feature_processor", "request_id": "-", "msg": "Assigned Python-calculated values to field inter_area on inter_nrcan_H1A for 10997 features."}
{"ts": "2026-08-24T16:40:15", "level": "INFO", "service": "gis-cities-mtl_fsa_gisoo-h1a", "env": "dev", "logger": "jug_gis_cities.mtl_fsa_gisoo.workflow", "request_id": "-", "msg": "Completed Montreal H1A workflow step: assign inter nrcan area field in 0.533s."}
{"ts": "2026-08-24T16:40:15", "level": "INFO", "service": "gis-cities-mtl_fsa_gisoo-h1a", "env": "dev", "logger": "jug_gis_cities.mtl_fsa_gisoo.workflow", "request_id": "-", "msg": "Starting Montreal H1A workflow step: assign inter nrcan area ratio field."}
{"ts": "2026-08-24T16:40:16", "level": "INFO", "service": "gis-cities-mtl_fsa_gisoo-h1a", "env": "dev", "logger": "citygisoo.geopackage_feature_processor", "request_id": "-", "msg": "Assigned Python-calculated values to field area_ratio on inter_nrcan_H1A for 10997 features."}
{"ts": "2026-08-24T16:40:16", "level": "INFO", "service": "gis-cities-mtl_fsa_gisoo-h1a", "env": "dev", "logger": "jug_gis_cities.mtl_fsa_gisoo.workflow", "request_id": "-", "msg": "Completed Montreal H1A workflow step: assign inter nrcan area ratio field in 0.561s."}
{"ts": "2026-08-24T16:40:16", "level": "INFO", "service": "gis-cities-mtl_fsa_gisoo-h1a", "env": "dev", "logger": "jug_gis_cities.mtl_fsa_gisoo.workflow", "request_id": "-", "msg": "Starting Montreal H1A workflow step: summarize inter nrcan by nrcan id."}
{"ts": "2026-08-24T16:40:16", "level": "INFO", "service": "gis-cities-mtl_fsa_gisoo-h1a", "env": "dev", "logger": "citygisoo.scrub_layer_class", "request_id": "-", "msg": "Loaded layer inter_summary_H1A from D:/GIS/mtl_gisoo_fsa_data\\output_data\\H1A\\inter_summary\\inter_summary.gpkg."}
{"ts": "2026-08-24T16:40:16", "level": "INFO", "service": "gis-cities-mtl_fsa_gisoo-h1a", "env": "dev", "logger": "citygisoo.scrub_layer_class", "request_id": "-", "msg": "Creating spatial index for inter_summary_H1A is completed."}
{"ts": "2026-08-24T16:40:16", "level": "INFO", "service": "gis-cities-mtl_fsa_gisoo-h1a", "env": "dev", "logger": "jug_gis_cities.mtl_fsa_gisoo.workflow", "request_id": "-", "msg": "The inter_summary_H1A has 7068 records."}
{"ts": "2026-08-24T16:40:16", "level": "INFO", "service": "gis-cities-mtl_fsa_gisoo-h1a", "env": "dev", "logger": "jug_gis_cities.mtl_fsa_gisoo.workflow", "request_id": "-", "msg": "Completed Montreal H1A workflow step: summarize inter nrcan by nrcan id in 0.609s."}
{"ts": "2026-08-24T16:40:16", "level": "INFO", "service": "gis-cities-mtl_fsa_gisoo-h1a", "env": "dev", "logger": "jug_gis_cities.mtl_fsa_gisoo.workflow", "request_id": "-", "msg": "Starting Montreal H1A workflow step: assign inter summary restore group field."}
{"ts": "2026-08-24T16:40:19", "level": "INFO", "service": "gis-cities-mtl_fsa_gisoo-h1a", "env": "dev", "logger": "citygisoo.scrub_layer_class", "request_id": "-", "msg": "Assigned expression values to field restore_group on inter_summary_H1A for 7068 features."}
{"ts": "2026-08-24T16:40:19", "level": "INFO", "service": "gis-cities-mtl_fsa_gisoo-h1a", "env": "dev", "logger": "jug_gis_cities.mtl_fsa_gisoo.workflow", "request_id": "-", "msg": "Completed Montreal H1A workflow step: assign inter summary restore group field in 2.951s."}
{"ts": "2026-08-24T16:40:19", "level": "INFO", "service": "gis-cities-mtl_fsa_gisoo-h1a", "env": "dev", "logger": "jug_gis_cities.mtl_fsa_gisoo.workflow", "request_id": "-", "msg": "Starting Montreal H1A workflow step: assign inter summary restore reason field."}
{"ts": "2026-08-24T16:40:22", "level": "INFO", "service": "gis-cities-mtl_fsa_gisoo-h1a", "env": "dev", "logger": "citygisoo.scrub_layer_class", "request_id": "-", "msg": "Assigned expression values to field restore_reason on inter_summary_H1A for 7068 features."}
{"ts": "2026-08-24T16:40:22", "level": "INFO", "service": "gis-cities-mtl_fsa_gisoo-h1a", "env": "dev", "logger": "jug_gis_cities.mtl_fsa_gisoo.workflow", "request_id": "-", "msg": "Completed Montreal H1A workflow step: assign inter summary restore reason field in 3.088s."}
{"ts": "2026-08-24T16:40:22", "level": "INFO", "service": "gis-cities-mtl_fsa_gisoo-h1a", "env": "dev", "logger": "jug_gis_cities.mtl_fsa_gisoo.workflow", "request_id": "-", "msg": "Starting Montreal H1A workflow step: join inter summary with inter nrcan."}
{"ts": "2026-08-24T16:40:23", "level": "INFO", "service": "gis-cities-mtl_fsa_gisoo-h1a", "env": "dev", "logger": "citygisoo.scrub_layer_class", "request_id": "-", "msg": "Field join of inter_nrcan_H1A with input layer inter_summary_H1A is completed."}
{"ts": "2026-08-24T16:40:23", "level": "INFO", "service": "gis-cities-mtl_fsa_gisoo-h1a", "env": "dev", "logger": "citygisoo.scrub_layer_class", "request_id": "-", "msg": "Loaded layer summary_joined_H1A from D:/GIS/mtl_gisoo_fsa_data\\output_data\\H1A\\summary_joined\\summary_joined.gpkg."}
{"ts": "2026-08-24T16:40:23", "level": "INFO", "service": "gis-cities-mtl_fsa_gisoo-h1a", "env": "dev", "logger": "citygisoo.scrub_layer_class", "request_id": "-", "msg": "Creating spatial index for summary_joined_H1A is completed."}
{"ts": "2026-08-24T16:40:23", "level": "INFO", "service": "gis-cities-mtl_fsa_gisoo-h1a", "env": "dev", "logger": "jug_gis_cities.mtl_fsa_gisoo.workflow", "request_id": "-", "msg": "The summary_joined_H1A has 10997 records."}
{"ts": "2026-08-24T16:40:23", "level": "INFO", "service": "gis-cities-mtl_fsa_gisoo-h1a", "env": "dev", "logger": "jug_gis_cities.mtl_fsa_gisoo.workflow", "request_id": "-", "msg": "Completed Montreal H1A workflow step: join inter summary with inter nrcan in 0.617s."}
{"ts": "2026-08-24T16:40:23", "level": "INFO", "service": "gis-cities-mtl_fsa_gisoo-h1a", "env": "dev", "logger": "jug_gis_cities.mtl_fsa_gisoo.workflow", "request_id": "-", "msg": "Starting Montreal H1A workflow step: extract kept summary joined records."}
{"ts": "2026-08-24T16:40:24", "level": "INFO", "service": "gis-cities-mtl_fsa_gisoo-h1a", "env": "dev", "logger": "citygisoo.geopackage_feature_processor", "request_id": "-", "msg": "Wrote 8379 features from summary_joined_H1A to D:/GIS/mtl_gisoo_fsa_data\\output_data\\H1A\\inter_kept\\inter_kept.gpkg."}
{"ts": "2026-08-24T16:40:24", "level": "INFO", "service": "gis-cities-mtl_fsa_gisoo-h1a", "env": "dev", "logger": "citygisoo.scrub_layer_class", "request_id": "-", "msg": "Loaded layer inter_kept_H1A from D:/GIS/mtl_gisoo_fsa_data\\output_data\\H1A\\inter_kept\\inter_kept.gpkg."}
{"ts": "2026-08-24T16:40:24", "level": "INFO", "service": "gis-cities-mtl_fsa_gisoo-h1a", "env": "dev", "logger": "citygisoo.scrub_layer_class", "request_id": "-", "msg": "Creating spatial index for inter_kept_H1A is completed."}
{"ts": "2026-08-24T16:40:24", "level": "INFO", "service": "gis-cities-mtl_fsa_gisoo-h1a", "env": "dev", "logger": "jug_gis_cities.mtl_fsa_gisoo.workflow", "request_id": "-", "msg": "The inter_kept_H1A has 8379 records."}
{"ts": "2026-08-24T16:40:24", "level": "INFO", "service": "gis-cities-mtl_fsa_gisoo-h1a", "env": "dev", "logger": "jug_gis_cities.mtl_fsa_gisoo.workflow", "request_id": "-", "msg": "Completed Montreal H1A workflow step: extract kept summary joined records in 0.801s."}
{"ts": "2026-08-24T16:40:24", "level": "INFO", "service": "gis-cities-mtl_fsa_gisoo-h1a", "env": "dev", "logger": "jug_gis_cities.mtl_fsa_gisoo.workflow", "request_id": "-", "msg": "Starting Montreal H1A workflow step: join nrcan with inter summary."}
{"ts": "2026-08-24T16:40:24", "level": "INFO", "service": "gis-cities-mtl_fsa_gisoo-h1a", "env": "dev", "logger": "citygisoo.scrub_layer_class", "request_id": "-", "msg": "Field join of nrcan_preserved_fixed_H1A with input layer inter_summary_H1A is completed."}
{"ts": "2026-08-24T16:40:24", "level": "INFO", "service": "gis-cities-mtl_fsa_gisoo-h1a", "env": "dev", "logger": "citygisoo.scrub_layer_class", "request_id": "-", "msg": "Loaded layer nrcan_joined_summary_H1A from D:/GIS/mtl_gisoo_fsa_data\\output_data\\H1A\\nrcan_joined_summary\\nrcan_joined_summary.gpkg."}
{"ts": "2026-08-24T16:40:24", "level": "INFO", "service": "gis-cities-mtl_fsa_gisoo-h1a", "env": "dev", "logger": "citygisoo.scrub_layer_class", "request_id": "-", "msg": "Creating spatial index for nrcan_joined_summary_H1A is completed."}
{"ts": "2026-08-24T16:40:24", "level": "INFO", "service": "gis-cities-mtl_fsa_gisoo-h1a", "env": "dev", "logger": "jug_gis_cities.mtl_fsa_gisoo.workflow", "request_id": "-", "msg": "The nrcan_joined_summary_H1A has 7076 records."}
{"ts": "2026-08-24T16:40:24", "level": "INFO", "service": "gis-cities-mtl_fsa_gisoo-h1a", "env": "dev", "logger": "jug_gis_cities.mtl_fsa_gisoo.workflow", "request_id": "-", "msg": "Completed Montreal H1A workflow step: join nrcan with inter summary in 0.398s."}
{"ts": "2026-08-24T16:40:24", "level": "INFO", "service": "gis-cities-mtl_fsa_gisoo-h1a", "env": "dev", "logger": "jug_gis_cities.mtl_fsa_gisoo.workflow", "request_id": "-", "msg": "Starting Montreal H1A workflow step: extract nrcan restored records."}
{"ts": "2026-08-24T16:40:24", "level": "INFO", "service": "gis-cities-mtl_fsa_gisoo-h1a", "env": "dev", "logger": "citygisoo.geopackage_feature_processor", "request_id": "-", "msg": "Wrote 1137 features from nrcan_joined_summary_H1A to D:/GIS/mtl_gisoo_fsa_data\\output_data\\H1A\\nrcan_restored\\nrcan_restored.gpkg."}
{"ts": "2026-08-24T16:40:24", "level": "INFO", "service": "gis-cities-mtl_fsa_gisoo-h1a", "env": "dev", "logger": "citygisoo.scrub_layer_class", "request_id": "-", "msg": "Loaded layer nrcan_restored_H1A from D:/GIS/mtl_gisoo_fsa_data\\output_data\\H1A\\nrcan_restored\\nrcan_restored.gpkg."}
{"ts": "2026-08-24T16:40:24", "level": "INFO", "service": "gis-cities-mtl_fsa_gisoo-h1a", "env": "dev", "logger": "citygisoo.scrub_layer_class", "request_id": "-", "msg": "Creating spatial index for nrcan_restored_H1A is completed."}
{"ts": "2026-08-24T16:40:24", "level": "INFO", "service": "gis-cities-mtl_fsa_gisoo-h1a", "env": "dev", "logger": "jug_gis_cities.mtl_fsa_gisoo.workflow", "request_id": "-", "msg": "The nrcan_restored_H1A has 1137 records."}
{"ts": "2026-08-24T16:40:24", "level": "INFO", "service": "gis-cities-mtl_fsa_gisoo-h1a", "env": "dev", "logger": "jug_gis_cities.mtl_fsa_gisoo.workflow", "request_id": "-", "msg": "Completed Montreal H1A workflow step: extract nrcan restored records in 0.250s."}
{"ts": "2026-08-24T16:40:24", "level": "INFO", "service": "gis-cities-mtl_fsa_gisoo-h1a", "env": "dev", "logger": "jug_gis_cities.mtl_fsa_gisoo.workflow", "request_id": "-", "msg": "Starting Montreal H1A workflow step: extract dominant summary joined parts."}
{"ts": "2026-08-24T16:40:25", "level": "INFO", "service": "gis-cities-mtl_fsa_gisoo-h1a", "env": "dev", "logger": "citygisoo.geopackage_feature_processor", "request_id": "-", "msg": "Wrote 1215 features from summary_joined_H1A to D:/GIS/mtl_gisoo_fsa_data\\output_data\\H1A\\dominant_parts\\dominant_parts.gpkg."}
{"ts": "2026-08-24T16:40:25", "level": "INFO", "service": "gis-cities-mtl_fsa_gisoo-h1a", "env": "dev", "logger": "citygisoo.scrub_layer_class", "request_id": "-", "msg": "Loaded layer dominant_parts_H1A from D:/GIS/mtl_gisoo_fsa_data\\output_data\\H1A\\dominant_parts\\dominant_parts.gpkg."}
{"ts": "2026-08-24T16:40:25", "level": "INFO", "service": "gis-cities-mtl_fsa_gisoo-h1a", "env": "dev", "logger": "citygisoo.scrub_layer_class", "request_id": "-", "msg": "Creating spatial index for dominant_parts_H1A is completed."}
{"ts": "2026-08-24T16:40:25", "level": "INFO", "service": "gis-cities-mtl_fsa_gisoo-h1a", "env": "dev", "logger": "jug_gis_cities.mtl_fsa_gisoo.workflow", "request_id": "-", "msg": "The dominant_parts_H1A has 1215 records."}
{"ts": "2026-08-24T16:40:25", "level": "INFO", "service": "gis-cities-mtl_fsa_gisoo-h1a", "env": "dev", "logger": "jug_gis_cities.mtl_fsa_gisoo.workflow", "request_id": "-", "msg": "Completed Montreal H1A workflow step: extract dominant summary joined parts in 0.333s."}
{"ts": "2026-08-24T16:40:25", "level": "INFO", "service": "gis-cities-mtl_fsa_gisoo-h1a", "env": "dev", "logger": "jug_gis_cities.mtl_fsa_gisoo.workflow", "request_id": "-", "msg": "Starting Montreal H1A workflow step: join nrcan restored with dominant usage id."}
{"ts": "2026-08-24T16:40:25", "level": "INFO", "service": "gis-cities-mtl_fsa_gisoo-h1a", "env": "dev", "logger": "citygisoo.scrub_layer_class", "request_id": "-", "msg": "Field join of nrcan_restored_H1A with input layer dominant_parts_H1A is completed."}
{"ts": "2026-08-24T16:40:25", "level": "INFO", "service": "gis-cities-mtl_fsa_gisoo-h1a", "env": "dev", "logger": "citygisoo.scrub_layer_class", "request_id": "-", "msg": "Loaded layer nrcan_restored_with_usage_id_H1A from D:/GIS/mtl_gisoo_fsa_data\\output_data\\H1A\\nrcan_restored_with_usage_id\\nrcan_restored_with_usage_id.gpkg."}
{"ts": "2026-08-24T16:40:25", "level": "INFO", "service": "gis-cities-mtl_fsa_gisoo-h1a", "env": "dev", "logger": "citygisoo.scrub_layer_class", "request_id": "-", "msg": "Creating spatial index for nrcan_restored_with_usage_id_H1A is completed."}
{"ts": "2026-08-24T16:40:25", "level": "INFO", "service": "gis-cities-mtl_fsa_gisoo-h1a", "env": "dev", "logger": "jug_gis_cities.mtl_fsa_gisoo.workflow", "request_id": "-", "msg": "The nrcan_restored_with_usage_id_H1A has 1137 records."}
{"ts": "2026-08-24T16:40:25", "level": "INFO", "service": "gis-cities-mtl_fsa_gisoo-h1a", "env": "dev", "logger": "jug_gis_cities.mtl_fsa_gisoo.workflow", "request_id": "-", "msg": "Completed Montreal H1A workflow step: join nrcan restored with dominant usage id in 0.150s."}
{"ts": "2026-08-24T16:40:25", "level": "INFO", "service": "gis-cities-mtl_fsa_gisoo-h1a", "env": "dev", "logger": "jug_gis_cities.mtl_fsa_gisoo.workflow", "request_id": "-", "msg": "Starting Montreal H1A workflow step: merge kept and restored nrcan intersections."}
{"ts": "2026-08-24T16:40:25", "level": "INFO", "service": "gis-cities-mtl_fsa_gisoo-h1a", "env": "dev", "logger": "citygisoo.scrub_layer_class", "request_id": "-", "msg": "Merged 2 explicit layers into D:/GIS/mtl_gisoo_fsa_data\\output_data\\H1A\\nrcan_intersected\\nrcan_intersected.gpkg."}
{"ts": "2026-08-24T16:40:25", "level": "INFO", "service": "gis-cities-mtl_fsa_gisoo-h1a", "env": "dev", "logger": "citygisoo.scrub_layer_class", "request_id": "-", "msg": "Loaded layer c_nrcan_intersected_H1A from D:/GIS/mtl_gisoo_fsa_data\\output_data\\H1A\\nrcan_intersected\\nrcan_intersected.gpkg."}
{"ts": "2026-08-24T16:40:25", "level": "INFO", "service": "gis-cities-mtl_fsa_gisoo-h1a", "env": "dev", "logger": "citygisoo.scrub_layer_class", "request_id": "-", "msg": "Creating spatial index for c_nrcan_intersected_H1A is completed."}
{"ts": "2026-08-24T16:40:25", "level": "INFO", "service": "gis-cities-mtl_fsa_gisoo-h1a", "env": "dev", "logger": "jug_gis_cities.mtl_fsa_gisoo.workflow", "request_id": "-", "msg": "The c_nrcan_intersected_H1A has 9516 records."}
{"ts": "2026-08-24T16:40:25", "level": "INFO", "service": "gis-cities-mtl_fsa_gisoo-h1a", "env": "dev", "logger": "jug_gis_cities.mtl_fsa_gisoo.workflow", "request_id": "-", "msg": "Completed Montreal H1A workflow step: merge kept and restored nrcan intersections in 0.658s."}
{"ts": "2026-08-24T16:40:25", "level": "INFO", "service": "gis-cities-mtl_fsa_gisoo-h1a", "env": "dev", "logger": "jug_gis_cities.mtl_fsa_gisoo.workflow", "request_id": "-", "msg": "Starting Montreal H1A workflow step: assign nrcan intersected uuid field."}
{"ts": "2026-08-24T16:40:32", "level": "INFO", "service": "gis-cities-mtl_fsa_gisoo-h1a", "env": "dev", "logger": "citygisoo.scrub_layer_class", "request_id": "-", "msg": "Assigned expression values to field nrcan_in_id on c_nrcan_intersected_H1A for 9516 features."}
{"ts": "2026-08-24T16:40:32", "level": "INFO", "service": "gis-cities-mtl_fsa_gisoo-h1a", "env": "dev", "logger": "jug_gis_cities.mtl_fsa_gisoo.workflow", "request_id": "-", "msg": "Completed Montreal H1A workflow step: assign nrcan intersected uuid field in 6.809s."}
{"ts": "2026-08-24T16:40:32", "level": "INFO", "service": "gis-cities-mtl_fsa_gisoo-h1a", "env": "dev", "logger": "jug_gis_cities.mtl_fsa_gisoo.workflow", "request_id": "-", "msg": "Starting Montreal H1A workflow step: create nrcan intersected points."}
{"ts": "2026-08-24T16:40:33", "level": "INFO", "service": "gis-cities-mtl_fsa_gisoo-h1a", "env": "dev", "logger": "citygisoo.scrub_layer_class", "request_id": "-", "msg": "Created point-on-surface layer from c_nrcan_intersected_H1A into D:/GIS/mtl_gisoo_fsa_data\\output_data\\H1A\\nrcan_intersected_points\\nrcan_intersected_points.gpkg."}
{"ts": "2026-08-24T16:40:33", "level": "INFO", "service": "gis-cities-mtl_fsa_gisoo-h1a", "env": "dev", "logger": "citygisoo.scrub_layer_class", "request_id": "-", "msg": "Loaded layer nrcan_intersected_points from D:/GIS/mtl_gisoo_fsa_data\\output_data\\H1A\\nrcan_intersected_points\\nrcan_intersected_points.gpkg."}
{"ts": "2026-08-24T16:40:33", "level": "INFO", "service": "gis-cities-mtl_fsa_gisoo-h1a", "env": "dev", "logger": "citygisoo.scrub_layer_class", "request_id": "-", "msg": "Creating spatial index for nrcan_intersected_points is completed."}
{"ts": "2026-08-24T16:40:33", "level": "INFO", "service": "gis-cities-mtl_fsa_gisoo-h1a", "env": "dev", "logger": "jug_gis_cities.mtl_fsa_gisoo.workflow", "request_id": "-", "msg": "The nrcan_intersected_points has 9516 records."}
{"ts": "2026-08-24T16:40:33", "level": "INFO", "service": "gis-cities-mtl_fsa_gisoo-h1a", "env": "dev", "logger": "jug_gis_cities.mtl_fsa_gisoo.workflow", "request_id": "-", "msg": "Completed Montreal H1A workflow step: create nrcan intersected points in 0.627s."}
{"ts": "2026-08-24T16:40:33", "level": "INFO", "service": "gis-cities-mtl_fsa_gisoo-h1a", "env": "dev", "logger": "jug_gis_cities.mtl_fsa_gisoo.workflow", "request_id": "-", "msg": "Starting Montreal H1A workflow step: spatial join nrcan intersected points with usage roll."}
{"ts": "2026-08-24T16:40:42", "level": "INFO", "service": "gis-cities-mtl_fsa_gisoo-h1a", "env": "dev", "logger": "citygisoo.scrub_layer_class", "request_id": "-", "msg": "Spatial join with input layer nrcan_intersected_points, predicate within, method one-to-many, and prefix ur_ is completed."}
{"ts": "2026-08-24T16:40:42", "level": "INFO", "service": "gis-cities-mtl_fsa_gisoo-h1a", "env": "dev", "logger": "citygisoo.scrub_layer_class", "request_id": "-", "msg": "Loaded layer nrcan_in_usage_roll_points_H1A from D:/GIS/mtl_gisoo_fsa_data\\output_data\\H1A\\nrcan_in_usage_roll_points\\nrcan_in_usage_roll_points.gpkg."}
{"ts": "2026-08-24T16:40:42", "level": "INFO", "service": "gis-cities-mtl_fsa_gisoo-h1a", "env": "dev", "logger": "citygisoo.scrub_layer_class", "request_id": "-", "msg": "Creating spatial index for nrcan_in_usage_roll_points_H1A is completed."}
{"ts": "2026-08-24T16:40:42", "level": "INFO", "service": "gis-cities-mtl_fsa_gisoo-h1a", "env": "dev", "logger": "jug_gis_cities.mtl_fsa_gisoo.workflow", "request_id": "-", "msg": "The nrcan_in_usage_roll_points_H1A has 16640 records."}
{"ts": "2026-08-24T16:40:42", "level": "INFO", "service": "gis-cities-mtl_fsa_gisoo-h1a", "env": "dev", "logger": "jug_gis_cities.mtl_fsa_gisoo.workflow", "request_id": "-", "msg": "Completed Montreal H1A workflow step: spatial join nrcan intersected points with usage roll in 9.087s."}
{"ts": "2026-08-24T16:40:42", "level": "INFO", "service": "gis-cities-mtl_fsa_gisoo-h1a", "env": "dev", "logger": "jug_gis_cities.mtl_fsa_gisoo.workflow", "request_id": "-", "msg": "Starting Montreal H1A workflow step: restore nrcan geometry on usage roll points."}
{"ts": "2026-08-24T16:41:31", "level": "INFO", "service": "gis-cities-mtl_fsa_gisoo-h1a", "env": "dev", "logger": "citygisoo.scrub_layer_class", "request_id": "-", "msg": "Created geometry-by-expression layer from nrcan_in_usage_roll_points_H1A into D:/GIS/mtl_gisoo_fsa_data\\output_data\\H1A\\nrcan_usage_roll_with_missing\\nrcan_usage_roll_with_missing.gpkg."}
{"ts": "2026-08-24T16:41:31", "level": "INFO", "service": "gis-cities-mtl_fsa_gisoo-h1a", "env": "dev", "logger": "citygisoo.scrub_layer_class", "request_id": "-", "msg": "Loaded layer nrcan_usage_roll_with_missing from D:/GIS/mtl_gisoo_fsa_data\\output_data\\H1A\\nrcan_usage_roll_with_missing\\nrcan_usage_roll_with_missing.gpkg."}
{"ts": "2026-08-24T16:41:31", "level": "INFO", "service": "gis-cities-mtl_fsa_gisoo-h1a", "env": "dev", "logger": "citygisoo.scrub_layer_class", "request_id": "-", "msg": "Creating spatial index for nrcan_usage_roll_with_missing is completed."}
{"ts": "2026-08-24T16:41:31", "level": "INFO", "service": "gis-cities-mtl_fsa_gisoo-h1a", "env": "dev", "logger": "jug_gis_cities.mtl_fsa_gisoo.workflow", "request_id": "-", "msg": "The nrcan_usage_roll_with_missing has 16640 records."}
{"ts": "2026-08-24T16:41:31", "level": "INFO", "service": "gis-cities-mtl_fsa_gisoo-h1a", "env": "dev", "logger": "jug_gis_cities.mtl_fsa_gisoo.workflow", "request_id": "-", "msg": "Completed Montreal H1A workflow step: restore nrcan geometry on usage roll points in 48.579s."}
{"ts": "2026-08-24T16:41:31", "level": "INFO", "service": "gis-cities-mtl_fsa_gisoo-h1a", "env": "dev", "logger": "jug_gis_cities.mtl_fsa_gisoo.workflow", "request_id": "-", "msg": "Starting Montreal H1A workflow step: extract usage roll missing nrcan geometry."}
{"ts": "2026-08-24T16:41:31", "level": "INFO", "service": "gis-cities-mtl_fsa_gisoo-h1a", "env": "dev", "logger": "citygisoo.geopackage_feature_processor", "request_id": "-", "msg": "Extracted 520 features from usage_roll_all_H1A by membership of id_provinc in nrcan_usage_roll_with_missing.ur_id_provinc."}
{"ts": "2026-08-24T16:41:32", "level": "INFO", "service": "gis-cities-mtl_fsa_gisoo-h1a", "env": "dev", "logger": "citygisoo.geopackage_feature_processor", "request_id": "-", "msg": "Wrote 520 features from usage_roll_all_H1A to D:/GIS/mtl_gisoo_fsa_data\\output_data\\H1A\\usage_roll_all_only\\usage_roll_all_only.gpkg."}
{"ts": "2026-08-24T16:41:32", "level": "INFO", "service": "gis-cities-mtl_fsa_gisoo-h1a", "env": "dev", "logger": "citygisoo.scrub_layer_class", "request_id": "-", "msg": "Loaded layer usage_roll_all_only_H1A from D:/GIS/mtl_gisoo_fsa_data\\output_data\\H1A\\usage_roll_all_only\\usage_roll_all_only.gpkg."}
{"ts": "2026-08-24T16:41:32", "level": "INFO", "service": "gis-cities-mtl_fsa_gisoo-h1a", "env": "dev", "logger": "citygisoo.scrub_layer_class", "request_id": "-", "msg": "Creating spatial index for usage_roll_all_only_H1A is completed."}
{"ts": "2026-08-24T16:41:32", "level": "INFO", "service": "gis-cities-mtl_fsa_gisoo-h1a", "env": "dev", "logger": "jug_gis_cities.mtl_fsa_gisoo.workflow", "request_id": "-", "msg": "The usage_roll_all_only_H1A has 520 records."}
{"ts": "2026-08-24T16:41:32", "level": "INFO", "service": "gis-cities-mtl_fsa_gisoo-h1a", "env": "dev", "logger": "jug_gis_cities.mtl_fsa_gisoo.workflow", "request_id": "-", "msg": "Completed Montreal H1A workflow step: extract usage roll missing nrcan geometry in 0.983s."}
{"ts": "2026-08-24T16:41:32", "level": "INFO", "service": "gis-cities-mtl_fsa_gisoo-h1a", "env": "dev", "logger": "jug_gis_cities.mtl_fsa_gisoo.workflow", "request_id": "-", "msg": "Starting Montreal H1A workflow step: merge nrcan usage roll layers."}
{"ts": "2026-08-24T16:41:43", "level": "INFO", "service": "gis-cities-mtl_fsa_gisoo-h1a", "env": "dev", "logger": "citygisoo.scrub_layer_class", "request_id": "-", "msg": "Merged 2 explicit layers into D:/GIS/mtl_gisoo_fsa_data\\output_data\\H1A\\nrcan_usage_roll\\nrcan_usage_roll.gpkg."}
{"ts": "2026-08-24T16:41:43", "level": "INFO", "service": "gis-cities-mtl_fsa_gisoo-h1a", "env": "dev", "logger": "citygisoo.scrub_layer_class", "request_id": "-", "msg": "Loaded layer nrcan_usage_roll_H1A from D:/GIS/mtl_gisoo_fsa_data\\output_data\\H1A\\nrcan_usage_roll\\nrcan_usage_roll.gpkg."}
{"ts": "2026-08-24T16:41:43", "level": "INFO", "service": "gis-cities-mtl_fsa_gisoo-h1a", "env": "dev", "logger": "citygisoo.scrub_layer_class", "request_id": "-", "msg": "Creating spatial index for nrcan_usage_roll_H1A is completed."}
{"ts": "2026-08-24T16:41:43", "level": "INFO", "service": "gis-cities-mtl_fsa_gisoo-h1a", "env": "dev", "logger": "jug_gis_cities.mtl_fsa_gisoo.workflow", "request_id": "-", "msg": "The nrcan_usage_roll_H1A has 17160 records."}
{"ts": "2026-08-24T16:41:43", "level": "INFO", "service": "gis-cities-mtl_fsa_gisoo-h1a", "env": "dev", "logger": "jug_gis_cities.mtl_fsa_gisoo.workflow", "request_id": "-", "msg": "Completed Montreal H1A workflow step: merge nrcan usage roll layers in 11.412s."}
{"ts": "2026-08-24T16:41:43", "level": "INFO", "service": "gis-cities-mtl_fsa_gisoo-h1a", "env": "dev", "logger": "jug_gis_cities.mtl_fsa_gisoo.workflow", "request_id": "-", "msg": "Starting Montreal H1A workflow step: assign nrcan usage roll FSA field."}
{"ts": "2026-08-24T16:42:09", "level": "INFO", "service": "gis-cities-mtl_fsa_gisoo-h1a", "env": "dev", "logger": "citygisoo.scrub_layer_class", "request_id": "-", "msg": "Assigned expression values to field FSA on nrcan_usage_roll_H1A for 17160 features."}
{"ts": "2026-08-24T16:42:09", "level": "INFO", "service": "gis-cities-mtl_fsa_gisoo-h1a", "env": "dev", "logger": "jug_gis_cities.mtl_fsa_gisoo.workflow", "request_id": "-", "msg": "Completed Montreal H1A workflow step: assign nrcan usage roll FSA field in 25.671s."}
{"ts": "2026-08-24T16:42:09", "level": "INFO", "service": "gis-cities-mtl_fsa_gisoo-h1a", "env": "dev", "logger": "jug_gis_cities.mtl_fsa_gisoo.workflow", "request_id": "-", "msg": "Starting Montreal H1A workflow step: assign nrcan usage roll citygisoo id field."}
{"ts": "2026-08-24T16:42:37", "level": "INFO", "service": "gis-cities-mtl_fsa_gisoo-h1a", "env": "dev", "logger": "citygisoo.scrub_layer_class", "request_id": "-", "msg": "Assigned expression values to field citygisoo_id on nrcan_usage_roll_H1A for 17160 features."}
{"ts": "2026-08-24T16:42:37", "level": "INFO", "service": "gis-cities-mtl_fsa_gisoo-h1a", "env": "dev", "logger": "jug_gis_cities.mtl_fsa_gisoo.workflow", "request_id": "-", "msg": "Completed Montreal H1A workflow step: assign nrcan usage roll citygisoo id field in 28.642s."}
{"ts": "2026-08-24T16:42:37", "level": "INFO", "service": "gis-cities-mtl_fsa_gisoo-h1a", "env": "dev", "logger": "jug_gis_cities.mtl_fsa_gisoo.workflow", "request_id": "-", "msg": "Starting Montreal H1A workflow step: assign nrcan usage roll citygisoo area field."}
{"ts": "2026-08-24T16:42:39", "level": "INFO", "service": "gis-cities-mtl_fsa_gisoo-h1a", "env": "dev", "logger": "citygisoo.geopackage_feature_processor", "request_id": "-", "msg": "Assigned Python-calculated values to field citygisoo_area on nrcan_usage_roll_H1A for 17160 features."}
{"ts": "2026-08-24T16:42:39", "level": "INFO", "service": "gis-cities-mtl_fsa_gisoo-h1a", "env": "dev", "logger": "jug_gis_cities.mtl_fsa_gisoo.workflow", "request_id": "-", "msg": "Completed Montreal H1A workflow step: assign nrcan usage roll citygisoo area field in 1.790s."}
{"ts": "2026-08-24T16:42:39", "level": "INFO", "service": "gis-cities-mtl_fsa_gisoo-h1a", "env": "dev", "logger": "jug_gis_cities.mtl_fsa_gisoo.workflow", "request_id": "-", "msg": "Starting Montreal H1A workflow step: assign nrcan usage roll processing tool field."}
{"ts": "2026-08-24T16:43:04", "level": "INFO", "service": "gis-cities-mtl_fsa_gisoo-h1a", "env": "dev", "logger": "citygisoo.scrub_layer_class", "request_id": "-", "msg": "Assigned expression values to field processing_tool on nrcan_usage_roll_H1A for 17160 features."}
{"ts": "2026-08-24T16:43:04", "level": "INFO", "service": "gis-cities-mtl_fsa_gisoo-h1a", "env": "dev", "logger": "jug_gis_cities.mtl_fsa_gisoo.workflow", "request_id": "-", "msg": "Completed Montreal H1A workflow step: assign nrcan usage roll processing tool field in 24.625s."}
{"ts": "2026-08-24T16:43:04", "level": "INFO", "service": "gis-cities-mtl_fsa_gisoo-h1a", "env": "dev", "logger": "jug_gis_cities.mtl_fsa_gisoo.workflow", "request_id": "-", "msg": "Starting Montreal H1A workflow step: assign nrcan usage roll processed by field."}
{"ts": "2026-08-24T16:43:29", "level": "INFO", "service": "gis-cities-mtl_fsa_gisoo-h1a", "env": "dev", "logger": "citygisoo.scrub_layer_class", "request_id": "-", "msg": "Assigned expression values to field processed_by on nrcan_usage_roll_H1A for 17160 features."}
{"ts": "2026-08-24T16:43:29", "level": "INFO", "service": "gis-cities-mtl_fsa_gisoo-h1a", "env": "dev", "logger": "jug_gis_cities.mtl_fsa_gisoo.workflow", "request_id": "-", "msg": "Completed Montreal H1A workflow step: assign nrcan usage roll processed by field in 25.518s."}
{"ts": "2026-08-24T16:43:29", "level": "INFO", "service": "gis-cities-mtl_fsa_gisoo-h1a", "env": "dev", "logger": "jug_gis_cities.mtl_fsa_gisoo.workflow", "request_id": "-", "msg": "Starting Montreal H1A workflow step: create finalized GISOO layer."}
{"ts": "2026-08-24T16:43:33", "level": "INFO", "service": "gis-cities-mtl_fsa_gisoo-h1a", "env": "dev", "logger": "citygisoo.geopackage_feature_processor", "request_id": "-", "msg": "Wrote 17160 features from nrcan_usage_roll_H1A to D:/GIS/mtl_gisoo_fsa_data\\output_data\\H1A\\mtl_H1A_gisoo\\mtl_H1A_gisoo.gpkg."}
{"ts": "2026-08-24T16:43:33", "level": "INFO", "service": "gis-cities-mtl_fsa_gisoo-h1a", "env": "dev", "logger": "citygisoo.scrub_layer_class", "request_id": "-", "msg": "Loaded layer mtl_H1A_gisoo from D:/GIS/mtl_gisoo_fsa_data\\output_data\\H1A\\mtl_H1A_gisoo\\mtl_H1A_gisoo.gpkg."}
{"ts": "2026-08-24T16:43:33", "level": "INFO", "service": "gis-cities-mtl_fsa_gisoo-h1a", "env": "dev", "logger": "citygisoo.scrub_layer_class", "request_id": "-", "msg": "Creating spatial index for mtl_H1A_gisoo is completed."}
{"ts": "2026-08-24T16:43:33", "level": "INFO", "service": "gis-cities-mtl_fsa_gisoo-h1a", "env": "dev", "logger": "jug_gis_cities.mtl_fsa_gisoo.workflow", "request_id": "-", "msg": "The mtl_H1A_gisoo has 17160 records."}
{"ts": "2026-08-24T16:43:33", "level": "INFO", "service": "gis-cities-mtl_fsa_gisoo-h1a", "env": "dev", "logger": "jug_gis_cities.mtl_fsa_gisoo.workflow", "request_id": "-", "msg": "Completed Montreal H1A workflow step: create finalized GISOO layer in 3.624s."}
{"ts": "2026-08-24T16:43:33", "level": "INFO", "service": "gis-cities-mtl_fsa_gisoo-h1a", "env": "dev", "logger": "jug_gis_cities.mtl_fsa_gisoo.workflow", "request_id": "-", "msg": "Completed Montreal FSA GISOO workflow. FSA=H1A Output=D:/GIS/mtl_gisoo_fsa_data\\output_data\\H1A\\mtl_H1A_gisoo\\mtl_H1A_gisoo.gpkg Elapsed=243.338s"}
{"ts": "2026-08-24T16:43:33", "level": "INFO", "service": "gis-cities-mtl_fsa_gisoo-h1a", "env": "dev", "logger": "jug_gis_cities.application.jug_gis_cities", "request_id": "-", "msg": "Running GIS city component callable with FSA. Component=mtl_fsa_gisoo Callable=contract_adapter.run_contract_adapter FSA=H1A"}
{"ts": "2026-08-24T16:43:33", "level": "INFO", "service": "gis-cities-mtl_fsa_gisoo-h1a", "env": "dev", "logger": "jug_gis_cities.mtl_fsa_gisoo.contract_adapter", "request_id": "-", "msg": "Starting Montreal FSA contract adapter. FSA=H1A Input=D:/GIS/mtl_gisoo_fsa_data\\output_data\\H1A\\mtl_H1A_gisoo\\mtl_H1A_gisoo.gpkg Output=D:/GIS/mtl_gisoo_fsa_data\\output_data\\H1A\\mtl_H1A_gisoo_standardized\\mtl_H1A_gisoo_standardized.geojson"}
{"ts": "2026-08-24T16:43:33", "level": "INFO", "service": "gis-cities-mtl_fsa_gisoo-h1a", "env": "dev", "logger": "citygisoo.building_contract_adapter", "request_id": "-", "msg": "Starting building contract adapter. Input=D:/GIS/mtl_gisoo_fsa_data\\output_data\\H1A\\mtl_H1A_gisoo\\mtl_H1A_gisoo.gpkg Output=D:/GIS/mtl_gisoo_fsa_data\\output_data\\H1A\\mtl_H1A_gisoo_standardized\\mtl_H1A_gisoo_standardized.geojson"}
{"ts": "2026-08-24T16:43:33", "level": "INFO", "service": "gis-cities-mtl_fsa_gisoo-h1a", "env": "dev", "logger": "citygisoo.scrub_layer_class", "request_id": "-", "msg": "Loaded layer mtl_H1A_gisoo from D:/GIS/mtl_gisoo_fsa_data\\output_data\\H1A\\mtl_H1A_gisoo\\mtl_H1A_gisoo.gpkg."}
{"ts": "2026-08-24T16:43:33", "level": "INFO", "service": "gis-cities-mtl_fsa_gisoo-h1a", "env": "dev", "logger": "citygisoo.field_schema_manager", "request_id": "-", "msg": "Refactoring 21 fields from layer mtl_H1A_gisoo into D:/GIS/mtl_gisoo_fsa_data\\output_data\\H1A\\mtl_H1A_gisoo_standardized\\mtl_H1A_gisoo_standardized.geojson in one operation."}
{"ts": "2026-08-24T16:43:37", "level": "INFO", "service": "gis-cities-mtl_fsa_gisoo-h1a", "env": "dev", "logger": "citygisoo.scrub_layer_class", "request_id": "-", "msg": "Loaded layer mtl_H1A_gisoo_standardized from D:/GIS/mtl_gisoo_fsa_data\\output_data\\H1A\\mtl_H1A_gisoo_standardized\\mtl_H1A_gisoo_standardized.geojson."}
{"ts": "2026-08-24T16:43:37", "level": "INFO", "service": "gis-cities-mtl_fsa_gisoo-h1a", "env": "dev", "logger": "citygisoo.field_schema_manager", "request_id": "-", "msg": "Standardized fields for layer mtl_H1A_gisoo_standardized."}
{"ts": "2026-08-24T16:43:37", "level": "INFO", "service": "gis-cities-mtl_fsa_gisoo-h1a", "env": "dev", "logger": "citygisoo.building_contract_adapter", "request_id": "-", "msg": "Skipping null-feature deletion because no non-null contract fields were configured."}
{"ts": "2026-08-24T16:43:37", "level": "WARNING", "service": "gis-cities-mtl_fsa_gisoo-h1a", "env": "dev", "logger": "py.warnings", "request_id": "-", "msg": "C:\\Users\\a_adli\\docker_projects\\sabu\\libs\\citygisoo\\src\\citygisoo\\field_schema_manager.py:696: DeprecationWarning: QgsField constructor is deprecated\n  new_field = QgsField(field_name, QVariant.Int)\n"}
{"ts": "2026-08-24T16:43:42", "level": "INFO", "service": "gis-cities-mtl_fsa_gisoo-h1a", "env": "dev", "logger": "citygisoo.field_schema_manager", "request_id": "-", "msg": "Assigned 17160 ID values to field id on layer mtl_H1A_gisoo_standardized."}
{"ts": "2026-08-24T16:43:44", "level": "INFO", "service": "gis-cities-mtl_fsa_gisoo-h1a", "env": "dev", "logger": "citygisoo.field_schema_manager", "request_id": "-", "msg": "Promoted property id to feature-level ID for layer mtl_H1A_gisoo_standardized."}
{"ts": "2026-08-24T16:43:44", "level": "INFO", "service": "gis-cities-mtl_fsa_gisoo-h1a", "env": "dev", "logger": "citygisoo.building_contract_adapter", "request_id": "-", "msg": "Completed building contract adapter. GeoJSON output=D:/GIS/mtl_gisoo_fsa_data\\output_data\\H1A\\mtl_H1A_gisoo_standardized\\mtl_H1A_gisoo_standardized.geojson"}
{"ts": "2026-08-24T16:43:44", "level": "INFO", "service": "gis-cities-mtl_fsa_gisoo-h1a", "env": "dev", "logger": "jug_gis_cities.mtl_fsa_gisoo.contract_adapter", "request_id": "-", "msg": "Completed Montreal FSA contract adapter. FSA=H1A Output=D:/GIS/mtl_gisoo_fsa_data\\output_data\\H1A\\mtl_H1A_gisoo_standardized\\mtl_H1A_gisoo_standardized.geojson Elapsed=10.989s"}
{"ts": "2026-08-24T16:43:44", "level": "INFO", "service": "gis-cities-mtl_fsa_gisoo-h1a", "env": "dev", "logger": "jug_gis_cities.application.jug_gis_cities", "request_id": "-", "msg": "Completed GIS city component. Component=mtl_fsa_gisoo Mode=standardize FSA=H1A WorkflowOutput=D:/GIS/mtl_gisoo_fsa_data\\output_data\\H1A\\mtl_H1A_gisoo\\mtl_H1A_gisoo.gpkg StandardizedOutput=D:/GIS/mtl_gisoo_fsa_data\\output_data\\H1A\\mtl_H1A_gisoo_standardized\\mtl_H1A_gisoo_standardized.geojson Cleaned=0 Elapsed=254.606s"}
{"ts": "2026-08-24T16:43:44", "level": "INFO", "service": "gis-cities-mtl_fsa_gisoo-h1a", "env": "dev", "logger": "jug_gis_cities.application.jug_gis_cities", "request_id": "-", "msg": "Disposable GIS component worker shut down QGIS."}
{"ts": "2026-08-24T16:43:44", "level": "INFO", "service": "gis-cities-mtl_fsa_gisoo-h1a", "env": "dev", "logger": "jug_gis_cities.application.jug_gis_cities", "request_id": "-", "msg": "Running GIS city component callable with FSA. Component=mtl_fsa_gisoo Callable=output_cleanup.cleanup_outputs FSA=H1A"}
{"ts": "2026-08-24T16:43:45", "level": "INFO", "service": "gis-cities-mtl_fsa_gisoo-h1a", "env": "dev", "logger": "jug_gis_cities.mtl_fsa_gisoo.output_cleanup", "request_id": "-", "msg": "Cleaned Montreal FSA workflow outputs. FSA=H1A Deleted=32 Retained=['fsa_boundary', 'mtl_{fsa}_gisoo', 'nrcan_fixed', 'roll', 'usage_fixed']"}
{"ts": "2026-08-24T16:43:45", "level": "INFO", "service": "gis-cities-mtl_fsa_gisoo-h1a", "env": "dev", "logger": "jug_gis_cities.application.jug_gis_cities", "request_id": "-", "msg": "Completed isolated GIS city component. Component=mtl_fsa_gisoo Mode=standardize FSA=H1A Cleaned=32 Elapsed=256.203s"}
{"ts": "2026-09-02T15:38:04", "level": "INFO", "service": "gis-cities-mtl_fsa_gisoo-h1a", "env": "dev", "logger": "jug_gis_cities.application.jug_gis_cities", "request_id": "-", "msg": "Starting GIS city component. Component=mtl_fsa_gisoo Mode=standardize FSA=H1A"}
{"ts": "2026-09-02T15:38:05", "level": "INFO", "service": "gis-cities-mtl_fsa_gisoo-h1a", "env": "dev", "logger": "jug_gis_cities.application.jug_gis_cities", "request_id": "-", "msg": "Running GIS city component callable with FSA. Component=mtl_fsa_gisoo Callable=workflow.run_workflow FSA=H1A"}
{"ts": "2026-09-02T15:38:05", "level": "INFO", "service": "gis-cities-mtl_fsa_gisoo-h1a", "env": "dev", "logger": "jug_gis_cities.mtl_fsa_gisoo.workflow", "request_id": "-", "msg": "Starting Montreal FSA GISOO workflow. FSA=H1A Output directory=D:/GIS/mtl_gisoo_fsa_data\\output_data\\H1A"}
{"ts": "2026-09-02T15:38:05", "level": "INFO", "service": "gis-cities-mtl_fsa_gisoo-h1a", "env": "dev", "logger": "jug_gis_cities.mtl_fsa_gisoo.workflow", "request_id": "-", "msg": "Starting Montreal H1A workflow step: prepare output folders."}
{"ts": "2026-09-02T15:38:05", "level": "INFO", "service": "gis-cities-mtl_fsa_gisoo-h1a", "env": "dev", "logger": "jug_gis_cities.mtl_fsa_gisoo.workflow", "request_id": "-", "msg": "Completed Montreal H1A workflow step: prepare output folders in 0.013s."}
{"ts": "2026-09-02T15:38:05", "level": "INFO", "service": "gis-cities-mtl_fsa_gisoo-h1a", "env": "dev", "logger": "jug_gis_cities.mtl_fsa_gisoo.workflow", "request_id": "-", "msg": "Starting Montreal H1A workflow step: load input layers."}
{"ts": "2026-09-02T15:38:05", "level": "INFO", "service": "gis-cities-mtl_fsa_gisoo-h1a", "env": "dev", "logger": "citygisoo.scrub_layer_class", "request_id": "-", "msg": "Loaded layer roll_mtl from D:/GIS/mtl_gisoo_fsa_data\\input_data\\mtl_role_2025_unit_eval_et_address_geopackage\\mtl_island_role_2025_unit_eval_et_address.gpkg."}
{"ts": "2026-09-02T15:38:05", "level": "INFO", "service": "gis-cities-mtl_fsa_gisoo-h1a", "env": "dev", "logger": "citygisoo.scrub_layer_class", "request_id": "-", "msg": "Loaded layer nrcan_mtl from D:/GIS/mtl_gisoo_fsa_data\\input_data\\mtl_auto_with_heights\\mtl_auto_with_heights.gpkg."}
{"ts": "2026-09-02T15:38:05", "level": "INFO", "service": "gis-cities-mtl_fsa_gisoo-h1a", "env": "dev", "logger": "citygisoo.scrub_layer_class", "request_id": "-", "msg": "Loaded layer nrcan_preserved_mtl from D:/GIS/mtl_gisoo_fsa_data\\input_data\\mtl_auto_with_heights_preserved\\mtl_auto_with_heights_preserved.gpkg."}
{"ts": "2026-09-02T15:38:05", "level": "INFO", "service": "gis-cities-mtl_fsa_gisoo-h1a", "env": "dev", "logger": "citygisoo.scrub_layer_class", "request_id": "-", "msg": "Loaded layer usage_mtl from D:/GIS/mtl_gisoo_fsa_data\\input_data\\mamh_usage_predo_2026_gpkg\\mamh_usage_predo_2026_s_poly.gpkg."}
{"ts": "2026-09-02T15:38:05", "level": "INFO", "service": "gis-cities-mtl_fsa_gisoo-h1a", "env": "dev", "logger": "citygisoo.scrub_layer_class", "request_id": "-", "msg": "Loaded layer usage_dup_mtl from D:/GIS/mtl_gisoo_fsa_data\\input_data\\mamh_usage_predo_2026_gpkg_dup\\mamh_usage_predo_2026_dup.gpkg."}
{"ts": "2026-09-02T15:38:05", "level": "INFO", "service": "gis-cities-mtl_fsa_gisoo-h1a", "env": "dev", "logger": "citygisoo.scrub_layer_class", "request_id": "-", "msg": "Loaded layer fsa_boundaries from D:/GIS/mtl_gisoo_fsa_data\\input_data\\mtl_island_fsa_boundaries\\mtl_island_fsa_boundaries_dmti_2025.gpkg."}
{"ts": "2026-09-02T15:38:05", "level": "INFO", "service": "gis-cities-mtl_fsa_gisoo-h1a", "env": "dev", "logger": "jug_gis_cities.mtl_fsa_gisoo.workflow", "request_id": "-", "msg": "The roll_mtl has 510932 records."}
{"ts": "2026-09-02T15:38:05", "level": "INFO", "service": "gis-cities-mtl_fsa_gisoo-h1a", "env": "dev", "logger": "jug_gis_cities.mtl_fsa_gisoo.workflow", "request_id": "-", "msg": "The nrcan_mtl has 221563 records."}
{"ts": "2026-09-02T15:38:05", "level": "INFO", "service": "gis-cities-mtl_fsa_gisoo-h1a", "env": "dev", "logger": "jug_gis_cities.mtl_fsa_gisoo.workflow", "request_id": "-", "msg": "The nrcan_preserved_mtl has 221563 records."}
{"ts": "2026-09-02T15:38:05", "level": "INFO", "service": "gis-cities-mtl_fsa_gisoo-h1a", "env": "dev", "logger": "jug_gis_cities.mtl_fsa_gisoo.workflow", "request_id": "-", "msg": "The usage_mtl has 553621 records."}
{"ts": "2026-09-02T15:38:05", "level": "INFO", "service": "gis-cities-mtl_fsa_gisoo-h1a", "env": "dev", "logger": "jug_gis_cities.mtl_fsa_gisoo.workflow", "request_id": "-", "msg": "The usage_dup_mtl has 553621 records."}
{"ts": "2026-09-02T15:38:05", "level": "INFO", "service": "gis-cities-mtl_fsa_gisoo-h1a", "env": "dev", "logger": "jug_gis_cities.mtl_fsa_gisoo.workflow", "request_id": "-", "msg": "The fsa_boundaries has 99 records."}
{"ts": "2026-09-02T15:38:05", "level": "INFO", "service": "gis-cities-mtl_fsa_gisoo-h1a", "env": "dev", "logger": "jug_gis_cities.mtl_fsa_gisoo.workflow", "request_id": "-", "msg": "Completed Montreal H1A workflow step: load input layers in 0.382s."}
{"ts": "2026-09-02T15:38:05", "level": "INFO", "service": "gis-cities-mtl_fsa_gisoo-h1a", "env": "dev", "logger": "jug_gis_cities.mtl_fsa_gisoo.workflow", "request_id": "-", "msg": "Starting Montreal H1A workflow step: extract FSA boundary."}
{"ts": "2026-09-02T15:38:06", "level": "INFO", "service": "gis-cities-mtl_fsa_gisoo-h1a", "env": "dev", "logger": "citygisoo.scrub_layer_class", "request_id": "-", "msg": "Extracted features from fsa_boundaries where g_fsa = H1A into D:/GIS/mtl_gisoo_fsa_data\\output_data\\H1A\\fsa_boundary\\fsa_boundary.gpkg."}
{"ts": "2026-09-02T15:38:06", "level": "INFO", "service": "gis-cities-mtl_fsa_gisoo-h1a", "env": "dev", "logger": "citygisoo.scrub_layer_class", "request_id": "-", "msg": "Loaded layer fsa_boundary_H1A from D:/GIS/mtl_gisoo_fsa_data\\output_data\\H1A\\fsa_boundary\\fsa_boundary.gpkg."}
{"ts": "2026-09-02T15:38:06", "level": "INFO", "service": "gis-cities-mtl_fsa_gisoo-h1a", "env": "dev", "logger": "citygisoo.scrub_layer_class", "request_id": "-", "msg": "Creating spatial index for fsa_boundary_H1A is completed."}
{"ts": "2026-09-02T15:38:06", "level": "INFO", "service": "gis-cities-mtl_fsa_gisoo-h1a", "env": "dev", "logger": "jug_gis_cities.mtl_fsa_gisoo.workflow", "request_id": "-", "msg": "The fsa_boundary_H1A has 1 records."}
{"ts": "2026-09-02T15:38:06", "level": "INFO", "service": "gis-cities-mtl_fsa_gisoo-h1a", "env": "dev", "logger": "jug_gis_cities.mtl_fsa_gisoo.workflow", "request_id": "-", "msg": "Completed Montreal H1A workflow step: extract FSA boundary in 0.178s."}
{"ts": "2026-09-02T15:38:06", "level": "INFO", "service": "gis-cities-mtl_fsa_gisoo-h1a", "env": "dev", "logger": "jug_gis_cities.mtl_fsa_gisoo.workflow", "request_id": "-", "msg": "Starting Montreal H1A workflow step: clip input layers to FSA boundary."}
{"ts": "2026-09-02T15:38:06", "level": "INFO", "service": "gis-cities-mtl_fsa_gisoo-h1a", "env": "dev", "logger": "citygisoo.scrub_layer_class", "request_id": "-", "msg": "Clipping of nrcan_mtl is completed."}
{"ts": "2026-09-02T15:38:06", "level": "INFO", "service": "gis-cities-mtl_fsa_gisoo-h1a", "env": "dev", "logger": "citygisoo.scrub_layer_class", "request_id": "-", "msg": "Loaded layer nrcan_clipped_H1A from D:/GIS/mtl_gisoo_fsa_data\\output_data\\H1A\\nrcan\\nrcan.gpkg."}
{"ts": "2026-09-02T15:38:06", "level": "INFO", "service": "gis-cities-mtl_fsa_gisoo-h1a", "env": "dev", "logger": "citygisoo.scrub_layer_class", "request_id": "-", "msg": "Creating spatial index for nrcan_clipped_H1A is completed."}
{"ts": "2026-09-02T15:38:06", "level": "INFO", "service": "gis-cities-mtl_fsa_gisoo-h1a", "env": "dev", "logger": "jug_gis_cities.mtl_fsa_gisoo.workflow", "request_id": "-", "msg": "The nrcan_clipped_H1A has 7076 records."}
{"ts": "2026-09-02T15:38:07", "level": "INFO", "service": "gis-cities-mtl_fsa_gisoo-h1a", "env": "dev", "logger": "citygisoo.scrub_layer_class", "request_id": "-", "msg": "Clipping of nrcan_preserved_mtl is completed."}
{"ts": "2026-09-02T15:38:07", "level": "INFO", "service": "gis-cities-mtl_fsa_gisoo-h1a", "env": "dev", "logger": "citygisoo.scrub_layer_class", "request_id": "-", "msg": "Loaded layer nrcan_preserved_H1A from D:/GIS/mtl_gisoo_fsa_data\\output_data\\H1A\\nrcan_preserved\\nrcan_preserved.gpkg."}
{"ts": "2026-09-02T15:38:07", "level": "INFO", "service": "gis-cities-mtl_fsa_gisoo-h1a", "env": "dev", "logger": "citygisoo.scrub_layer_class", "request_id": "-", "msg": "Creating spatial index for nrcan_preserved_H1A is completed."}
{"ts": "2026-09-02T15:38:07", "level": "INFO", "service": "gis-cities-mtl_fsa_gisoo-h1a", "env": "dev", "logger": "jug_gis_cities.mtl_fsa_gisoo.workflow", "request_id": "-", "msg": "The nrcan_preserved_H1A has 7076 records."}
{"ts": "2026-09-02T15:38:07", "level": "INFO", "service": "gis-cities-mtl_fsa_gisoo-h1a", "env": "dev", "logger": "citygisoo.scrub_layer_class", "request_id": "-", "msg": "Clipping of roll_mtl is completed."}
{"ts": "2026-09-02T15:38:07", "level": "INFO", "service": "gis-cities-mtl_fsa_gisoo-h1a", "env": "dev", "logger": "citygisoo.scrub_layer_class", "request_id": "-", "msg": "Loaded layer roll_clipped_H1A from D:/GIS/mtl_gisoo_fsa_data\\output_data\\H1A\\roll\\roll.gpkg."}
{"ts": "2026-09-02T15:38:07", "level": "INFO", "service": "gis-cities-mtl_fsa_gisoo-h1a", "env": "dev", "logger": "citygisoo.scrub_layer_class", "request_id": "-", "msg": "Creating spatial index for roll_clipped_H1A is completed."}
{"ts": "2026-09-02T15:38:07", "level": "INFO", "service": "gis-cities-mtl_fsa_gisoo-h1a", "env": "dev", "logger": "jug_gis_cities.mtl_fsa_gisoo.workflow", "request_id": "-", "msg": "The roll_clipped_H1A has 10472 records."}
{"ts": "2026-09-02T15:38:08", "level": "INFO", "service": "gis-cities-mtl_fsa_gisoo-h1a", "env": "dev", "logger": "citygisoo.scrub_layer_class", "request_id": "-", "msg": "Clipping of usage_mtl is completed."}
{"ts": "2026-09-02T15:38:08", "level": "INFO", "service": "gis-cities-mtl_fsa_gisoo-h1a", "env": "dev", "logger": "citygisoo.scrub_layer_class", "request_id": "-", "msg": "Loaded layer usage_clipped_H1A from D:/GIS/mtl_gisoo_fsa_data\\output_data\\H1A\\usage\\usage.gpkg."}
{"ts": "2026-09-02T15:38:08", "level": "INFO", "service": "gis-cities-mtl_fsa_gisoo-h1a", "env": "dev", "logger": "citygisoo.scrub_layer_class", "request_id": "-", "msg": "Creating spatial index for usage_clipped_H1A is completed."}
{"ts": "2026-09-02T15:38:08", "level": "INFO", "service": "gis-cities-mtl_fsa_gisoo-h1a", "env": "dev", "logger": "jug_gis_cities.mtl_fsa_gisoo.workflow", "request_id": "-", "msg": "The usage_clipped_H1A has 11628 records."}
{"ts": "2026-09-02T15:38:10", "level": "INFO", "service": "gis-cities-mtl_fsa_gisoo-h1a", "env": "dev", "logger": "citygisoo.scrub_layer_class", "request_id": "-", "msg": "Clipping of usage_dup_mtl is completed."}
{"ts": "2026-09-02T15:38:10", "level": "INFO", "service": "gis-cities-mtl_fsa_gisoo-h1a", "env": "dev", "logger": "citygisoo.scrub_layer_class", "request_id": "-", "msg": "Loaded layer usage_dup_H1A from D:/GIS/mtl_gisoo_fsa_data\\output_data\\H1A\\usage_dup\\usage_dup.gpkg."}
{"ts": "2026-09-02T15:38:10", "level": "INFO", "service": "gis-cities-mtl_fsa_gisoo-h1a", "env": "dev", "logger": "citygisoo.scrub_layer_class", "request_id": "-", "msg": "Creating spatial index for usage_dup_H1A is completed."}
{"ts": "2026-09-02T15:38:10", "level": "INFO", "service": "gis-cities-mtl_fsa_gisoo-h1a", "env": "dev", "logger": "jug_gis_cities.mtl_fsa_gisoo.workflow", "request_id": "-", "msg": "The usage_dup_H1A has 11628 records."}
{"ts": "2026-09-02T15:38:10", "level": "INFO", "service": "gis-cities-mtl_fsa_gisoo-h1a", "env": "dev", "logger": "jug_gis_cities.mtl_fsa_gisoo.workflow", "request_id": "-", "msg": "Completed Montreal H1A workflow step: clip input layers to FSA boundary in 4.122s."}
{"ts": "2026-09-02T15:38:10", "level": "INFO", "service": "gis-cities-mtl_fsa_gisoo-h1a", "env": "dev", "logger": "jug_gis_cities.mtl_fsa_gisoo.workflow", "request_id": "-", "msg": "Starting Montreal H1A workflow step: fix nrcan geometries."}
{"ts": "2026-09-02T15:38:10", "level": "INFO", "service": "gis-cities-mtl_fsa_gisoo-h1a", "env": "dev", "logger": "citygisoo.scrub_layer_class", "request_id": "-", "msg": "Fixed geometries for nrcan_clipped_H1A into D:/GIS/mtl_gisoo_fsa_data\\output_data\\H1A\\nrcan_fixed\\nrcan_fixed.gpkg."}
{"ts": "2026-09-02T15:38:10", "level": "INFO", "service": "gis-cities-mtl_fsa_gisoo-h1a", "env": "dev", "logger": "citygisoo.scrub_layer_class", "request_id": "-", "msg": "Loaded layer nrcan_fixed_H1A from D:/GIS/mtl_gisoo_fsa_data\\output_data\\H1A\\nrcan_fixed\\nrcan_fixed.gpkg."}
{"ts": "2026-09-02T15:38:10", "level": "INFO", "service": "gis-cities-mtl_fsa_gisoo-h1a", "env": "dev", "logger": "citygisoo.scrub_layer_class", "request_id": "-", "msg": "Creating spatial index for nrcan_fixed_H1A is completed."}
{"ts": "2026-09-02T15:38:10", "level": "INFO", "service": "gis-cities-mtl_fsa_gisoo-h1a", "env": "dev", "logger": "jug_gis_cities.mtl_fsa_gisoo.workflow", "request_id": "-", "msg": "The nrcan_fixed_H1A has 7076 records."}
{"ts": "2026-09-02T15:38:10", "level": "INFO", "service": "gis-cities-mtl_fsa_gisoo-h1a", "env": "dev", "logger": "jug_gis_cities.mtl_fsa_gisoo.workflow", "request_id": "-", "msg": "Completed Montreal H1A workflow step: fix nrcan geometries in 0.440s."}
{"ts": "2026-09-02T15:38:10", "level": "INFO", "service": "gis-cities-mtl_fsa_gisoo-h1a", "env": "dev", "logger": "jug_gis_cities.mtl_fsa_gisoo.workflow", "request_id": "-", "msg": "Starting Montreal H1A workflow step: assign nrcan area field."}
{"ts": "2026-09-02T15:38:10", "level": "WARNING", "service": "gis-cities-mtl_fsa_gisoo-h1a", "env": "dev", "logger": "py.warnings", "request_id": "-", "msg": "C:\\QGIS_I~1\\OSGeo4W\\apps\\Python312\\Lib\\site-packages\\citygisoo\\geopackage_feature_processor.py:264: DeprecationWarning: QgsField constructor is deprecated\n  return QgsField(\n"}
{"ts": "2026-09-02T15:38:10", "level": "INFO", "service": "gis-cities-mtl_fsa_gisoo-h1a", "env": "dev", "logger": "citygisoo.geopackage_feature_processor", "request_id": "-", "msg": "Assigned Python-calculated values to field nrcan_area on nrcan_fixed_H1A for 7076 features."}
{"ts": "2026-09-02T15:38:10", "level": "INFO", "service": "gis-cities-mtl_fsa_gisoo-h1a", "env": "dev", "logger": "jug_gis_cities.mtl_fsa_gisoo.workflow", "request_id": "-", "msg": "Completed Montreal H1A workflow step: assign nrcan area field in 0.322s."}
{"ts": "2026-09-02T15:38:10", "level": "INFO", "service": "gis-cities-mtl_fsa_gisoo-h1a", "env": "dev", "logger": "jug_gis_cities.mtl_fsa_gisoo.workflow", "request_id": "-", "msg": "Starting Montreal H1A workflow step: fix nrcan preserved geometries."}
{"ts": "2026-09-02T15:38:11", "level": "INFO", "service": "gis-cities-mtl_fsa_gisoo-h1a", "env": "dev", "logger": "citygisoo.scrub_layer_class", "request_id": "-", "msg": "Fixed geometries for nrcan_preserved_H1A into D:/GIS/mtl_gisoo_fsa_data\\output_data\\H1A\\nrcan_preserved_fixed\\nrcan_preserved_fixed.gpkg."}
{"ts": "2026-09-02T15:38:11", "level": "INFO", "service": "gis-cities-mtl_fsa_gisoo-h1a", "env": "dev", "logger": "citygisoo.scrub_layer_class", "request_id": "-", "msg": "Loaded layer nrcan_preserved_fixed_H1A from D:/GIS/mtl_gisoo_fsa_data\\output_data\\H1A\\nrcan_preserved_fixed\\nrcan_preserved_fixed.gpkg."}
{"ts": "2026-09-02T15:38:11", "level": "INFO", "service": "gis-cities-mtl_fsa_gisoo-h1a", "env": "dev", "logger": "citygisoo.scrub_layer_class", "request_id": "-", "msg": "Creating spatial index for nrcan_preserved_fixed_H1A is completed."}
{"ts": "2026-09-02T15:38:11", "level": "INFO", "service": "gis-cities-mtl_fsa_gisoo-h1a", "env": "dev", "logger": "jug_gis_cities.mtl_fsa_gisoo.workflow", "request_id": "-", "msg": "The nrcan_preserved_fixed_H1A has 7076 records."}
{"ts": "2026-09-02T15:38:11", "level": "INFO", "service": "gis-cities-mtl_fsa_gisoo-h1a", "env": "dev", "logger": "jug_gis_cities.mtl_fsa_gisoo.workflow", "request_id": "-", "msg": "Completed Montreal H1A workflow step: fix nrcan preserved geometries in 0.504s."}
{"ts": "2026-09-02T15:38:11", "level": "INFO", "service": "gis-cities-mtl_fsa_gisoo-h1a", "env": "dev", "logger": "jug_gis_cities.mtl_fsa_gisoo.workflow", "request_id": "-", "msg": "Starting Montreal H1A workflow step: assign nrcan preserved area field."}
{"ts": "2026-09-02T15:38:11", "level": "INFO", "service": "gis-cities-mtl_fsa_gisoo-h1a", "env": "dev", "logger": "citygisoo.geopackage_feature_processor", "request_id": "-", "msg": "Assigned Python-calculated values to field nrcan_area on nrcan_preserved_fixed_H1A for 7076 features."}
{"ts": "2026-09-02T15:38:11", "level": "INFO", "service": "gis-cities-mtl_fsa_gisoo-h1a", "env": "dev", "logger": "jug_gis_cities.mtl_fsa_gisoo.workflow", "request_id": "-", "msg": "Completed Montreal H1A workflow step: assign nrcan preserved area field in 0.341s."}
{"ts": "2026-09-02T15:38:11", "level": "INFO", "service": "gis-cities-mtl_fsa_gisoo-h1a", "env": "dev", "logger": "jug_gis_cities.mtl_fsa_gisoo.workflow", "request_id": "-", "msg": "Starting Montreal H1A workflow step: fix usage geometries."}
{"ts": "2026-09-02T15:38:12", "level": "INFO", "service": "gis-cities-mtl_fsa_gisoo-h1a", "env": "dev", "logger": "citygisoo.scrub_layer_class", "request_id": "-", "msg": "Fixed geometries for usage_clipped_H1A into D:/GIS/mtl_gisoo_fsa_data\\output_data\\H1A\\usage_fixed\\usage_fixed.gpkg."}
{"ts": "2026-09-02T15:38:12", "level": "INFO", "service": "gis-cities-mtl_fsa_gisoo-h1a", "env": "dev", "logger": "citygisoo.scrub_layer_class", "request_id": "-", "msg": "Loaded layer usage_fixed_H1A from D:/GIS/mtl_gisoo_fsa_data\\output_data\\H1A\\usage_fixed\\usage_fixed.gpkg."}
{"ts": "2026-09-02T15:38:12", "level": "INFO", "service": "gis-cities-mtl_fsa_gisoo-h1a", "env": "dev", "logger": "citygisoo.scrub_layer_class", "request_id": "-", "msg": "Creating spatial index for usage_fixed_H1A is completed."}
{"ts": "2026-09-02T15:38:12", "level": "INFO", "service": "gis-cities-mtl_fsa_gisoo-h1a", "env": "dev", "logger": "jug_gis_cities.mtl_fsa_gisoo.workflow", "request_id": "-", "msg": "The usage_fixed_H1A has 11628 records."}
{"ts": "2026-09-02T15:38:12", "level": "INFO", "service": "gis-cities-mtl_fsa_gisoo-h1a", "env": "dev", "logger": "jug_gis_cities.mtl_fsa_gisoo.workflow", "request_id": "-", "msg": "Completed Montreal H1A workflow step: fix usage geometries in 0.828s."}
{"ts": "2026-09-02T15:38:12", "level": "INFO", "service": "gis-cities-mtl_fsa_gisoo-h1a", "env": "dev", "logger": "jug_gis_cities.mtl_fsa_gisoo.workflow", "request_id": "-", "msg": "Starting Montreal H1A workflow step: fix usage duplicate geometries."}
{"ts": "2026-09-02T15:38:13", "level": "INFO", "service": "gis-cities-mtl_fsa_gisoo-h1a", "env": "dev", "logger": "citygisoo.scrub_layer_class", "request_id": "-", "msg": "Fixed geometries for usage_dup_H1A into D:/GIS/mtl_gisoo_fsa_data\\output_data\\H1A\\usage_dup_fixed\\usage_dup_fixed.gpkg."}
{"ts": "2026-09-02T15:38:13", "level": "INFO", "service": "gis-cities-mtl_fsa_gisoo-h1a", "env": "dev", "logger": "citygisoo.scrub_layer_class", "request_id": "-", "msg": "Loaded layer usage_dup_fixed_H1A from D:/GIS/mtl_gisoo_fsa_data\\output_data\\H1A\\usage_dup_fixed\\usage_dup_fixed.gpkg."}
{"ts": "2026-09-02T15:38:13", "level": "INFO", "service": "gis-cities-mtl_fsa_gisoo-h1a", "env": "dev", "logger": "citygisoo.scrub_layer_class", "request_id": "-", "msg": "Creating spatial index for usage_dup_fixed_H1A is completed."}
{"ts": "2026-09-02T15:38:13", "level": "INFO", "service": "gis-cities-mtl_fsa_gisoo-h1a", "env": "dev", "logger": "jug_gis_cities.mtl_fsa_gisoo.workflow", "request_id": "-", "msg": "The usage_dup_fixed_H1A has 11628 records."}
{"ts": "2026-09-02T15:38:13", "level": "INFO", "service": "gis-cities-mtl_fsa_gisoo-h1a", "env": "dev", "logger": "jug_gis_cities.mtl_fsa_gisoo.workflow", "request_id": "-", "msg": "Completed Montreal H1A workflow step: fix usage duplicate geometries in 0.978s."}
{"ts": "2026-09-02T15:38:13", "level": "INFO", "service": "gis-cities-mtl_fsa_gisoo-h1a", "env": "dev", "logger": "jug_gis_cities.mtl_fsa_gisoo.workflow", "request_id": "-", "msg": "Starting Montreal H1A workflow step: extract usage records missing from roll."}
{"ts": "2026-09-02T15:38:13", "level": "INFO", "service": "gis-cities-mtl_fsa_gisoo-h1a", "env": "dev", "logger": "citygisoo.geopackage_feature_processor", "request_id": "-", "msg": "Extracted 1109 features from usage_fixed_H1A by membership of g_id_provi in roll_clipped_H1A.id_provinc."}
{"ts": "2026-09-02T15:38:14", "level": "INFO", "service": "gis-cities-mtl_fsa_gisoo-h1a", "env": "dev", "logger": "citygisoo.geopackage_feature_processor", "request_id": "-", "msg": "Wrote 1109 features from usage_fixed_H1A to D:/GIS/mtl_gisoo_fsa_data\\output_data\\H1A\\usage_margin_san\\usage_margin_san.gpkg."}
{"ts": "2026-09-02T15:38:14", "level": "INFO", "service": "gis-cities-mtl_fsa_gisoo-h1a", "env": "dev", "logger": "citygisoo.scrub_layer_class", "request_id": "-", "msg": "Loaded layer usage_margin_san_H1A from D:/GIS/mtl_gisoo_fsa_data\\output_data\\H1A\\usage_margin_san\\usage_margin_san.gpkg."}
{"ts": "2026-09-02T15:38:14", "level": "INFO", "service": "gis-cities-mtl_fsa_gisoo-h1a", "env": "dev", "logger": "citygisoo.scrub_layer_class", "request_id": "-", "msg": "Creating spatial index for usage_margin_san_H1A is completed."}
{"ts": "2026-09-02T15:38:14", "level": "INFO", "service": "gis-cities-mtl_fsa_gisoo-h1a", "env": "dev", "logger": "jug_gis_cities.mtl_fsa_gisoo.workflow", "request_id": "-", "msg": "The usage_margin_san_H1A has 1109 records."}
{"ts": "2026-09-02T15:38:14", "level": "INFO", "service": "gis-cities-mtl_fsa_gisoo-h1a", "env": "dev", "logger": "jug_gis_cities.mtl_fsa_gisoo.workflow", "request_id": "-", "msg": "Completed Montreal H1A workflow step: extract usage records missing from roll in 0.430s."}
{"ts": "2026-09-02T15:38:14", "level": "INFO", "service": "gis-cities-mtl_fsa_gisoo-h1a", "env": "dev", "logger": "jug_gis_cities.mtl_fsa_gisoo.workflow", "request_id": "-", "msg": "Starting Montreal H1A workflow step: difference usage with usage margin san."}
{"ts": "2026-09-02T15:38:25", "level": "INFO", "service": "gis-cities-mtl_fsa_gisoo-h1a", "env": "dev", "logger": "citygisoo.scrub_layer_class", "request_id": "-", "msg": "Difference of usage_clipped_H1A with overlay D:/GIS/mtl_gisoo_fsa_data\\output_data\\H1A\\usage_margin_san\\usage_margin_san.gpkg is completed into D:/GIS/mtl_gisoo_fsa_data\\output_data\\H1A\\usage_clean\\usage_clean.gpkg."}
{"ts": "2026-09-02T15:38:25", "level": "INFO", "service": "gis-cities-mtl_fsa_gisoo-h1a", "env": "dev", "logger": "citygisoo.scrub_layer_class", "request_id": "-", "msg": "Loaded layer usage_clean_H1A from D:/GIS/mtl_gisoo_fsa_data\\output_data\\H1A\\usage_clean\\usage_clean.gpkg."}
{"ts": "2026-09-02T15:38:25", "level": "INFO", "service": "gis-cities-mtl_fsa_gisoo-h1a", "env": "dev", "logger": "citygisoo.scrub_layer_class", "request_id": "-", "msg": "Creating spatial index for usage_clean_H1A is completed."}
{"ts": "2026-09-02T15:38:25", "level": "INFO", "service": "gis-cities-mtl_fsa_gisoo-h1a", "env": "dev", "logger": "jug_gis_cities.mtl_fsa_gisoo.workflow", "request_id": "-", "msg": "The usage_clean_H1A has 10477 records."}
{"ts": "2026-09-02T15:38:25", "level": "INFO", "service": "gis-cities-mtl_fsa_gisoo-h1a", "env": "dev", "logger": "jug_gis_cities.mtl_fsa_gisoo.workflow", "request_id": "-", "msg": "Completed Montreal H1A workflow step: difference usage with usage margin san in 11.657s."}
{"ts": "2026-09-02T15:38:25", "level": "INFO", "service": "gis-cities-mtl_fsa_gisoo-h1a", "env": "dev", "logger": "jug_gis_cities.mtl_fsa_gisoo.workflow", "request_id": "-", "msg": "Starting Montreal H1A workflow step: extract usage margin records with provincial id."}
{"ts": "2026-09-02T15:38:25", "level": "INFO", "service": "gis-cities-mtl_fsa_gisoo-h1a", "env": "dev", "logger": "citygisoo.geopackage_feature_processor", "request_id": "-", "msg": "Wrote 177 features from usage_margin_san_H1A to D:/GIS/mtl_gisoo_fsa_data\\output_data\\H1A\\usage_margin\\usage_margin.gpkg."}
{"ts": "2026-09-02T15:38:25", "level": "INFO", "service": "gis-cities-mtl_fsa_gisoo-h1a", "env": "dev", "logger": "citygisoo.scrub_layer_class", "request_id": "-", "msg": "Loaded layer usage_margin_H1A from D:/GIS/mtl_gisoo_fsa_data\\output_data\\H1A\\usage_margin\\usage_margin.gpkg."}
{"ts": "2026-09-02T15:38:25", "level": "INFO", "service": "gis-cities-mtl_fsa_gisoo-h1a", "env": "dev", "logger": "citygisoo.scrub_layer_class", "request_id": "-", "msg": "Creating spatial index for usage_margin_H1A is completed."}
{"ts": "2026-09-02T15:38:25", "level": "INFO", "service": "gis-cities-mtl_fsa_gisoo-h1a", "env": "dev", "logger": "jug_gis_cities.mtl_fsa_gisoo.workflow", "request_id": "-", "msg": "The usage_margin_H1A has 177 records."}
{"ts": "2026-09-02T15:38:25", "level": "INFO", "service": "gis-cities-mtl_fsa_gisoo-h1a", "env": "dev", "logger": "jug_gis_cities.mtl_fsa_gisoo.workflow", "request_id": "-", "msg": "Completed Montreal H1A workflow step: extract usage margin records with provincial id in 0.097s."}
{"ts": "2026-09-02T15:38:25", "level": "INFO", "service": "gis-cities-mtl_fsa_gisoo-h1a", "env": "dev", "logger": "jug_gis_cities.mtl_fsa_gisoo.workflow", "request_id": "-", "msg": "Starting Montreal H1A workflow step: assign usage margin area field."}
{"ts": "2026-09-02T15:38:25", "level": "INFO", "service": "gis-cities-mtl_fsa_gisoo-h1a", "env": "dev", "logger": "citygisoo.geopackage_feature_processor", "request_id": "-", "msg": "Assigned Python-calculated values to field area_ex on usage_margin_H1A for 177 features."}
{"ts": "2026-09-02T15:38:25", "level": "INFO", "service": "gis-cities-mtl_fsa_gisoo-h1a", "env": "dev", "logger": "jug_gis_cities.mtl_fsa_gisoo.workflow", "request_id": "-", "msg": "Completed Montreal H1A workflow step: assign usage margin area field in 0.027s."}
{"ts": "2026-09-02T15:38:25", "level": "INFO", "service": "gis-cities-mtl_fsa_gisoo-h1a", "env": "dev", "logger": "jug_gis_cities.mtl_fsa_gisoo.workflow", "request_id": "-", "msg": "Starting Montreal H1A workflow step: extract usage-only records by area."}
{"ts": "2026-09-02T15:38:25", "level": "INFO", "service": "gis-cities-mtl_fsa_gisoo-h1a", "env": "dev", "logger": "citygisoo.geopackage_feature_processor", "request_id": "-", "msg": "Wrote 31 features from usage_margin_H1A to D:/GIS/mtl_gisoo_fsa_data\\output_data\\H1A\\usage_only\\usage_only.gpkg."}
{"ts": "2026-09-02T15:38:25", "level": "INFO", "service": "gis-cities-mtl_fsa_gisoo-h1a", "env": "dev", "logger": "citygisoo.scrub_layer_class", "request_id": "-", "msg": "Loaded layer usage_only_H1A from D:/GIS/mtl_gisoo_fsa_data\\output_data\\H1A\\usage_only\\usage_only.gpkg."}
{"ts": "2026-09-02T15:38:25", "level": "INFO", "service": "gis-cities-mtl_fsa_gisoo-h1a", "env": "dev", "logger": "citygisoo.scrub_layer_class", "request_id": "-", "msg": "Creating spatial index for usage_only_H1A is completed."}
{"ts": "2026-09-02T15:38:25", "level": "INFO", "service": "gis-cities-mtl_fsa_gisoo-h1a", "env": "dev", "logger": "jug_gis_cities.mtl_fsa_gisoo.workflow", "request_id": "-", "msg": "The usage_only_H1A has 31 records."}
{"ts": "2026-09-02T15:38:25", "level": "INFO", "service": "gis-cities-mtl_fsa_gisoo-h1a", "env": "dev", "logger": "jug_gis_cities.mtl_fsa_gisoo.workflow", "request_id": "-", "msg": "Completed Montreal H1A workflow step: extract usage-only records by area in 0.067s."}
{"ts": "2026-09-02T15:38:25", "level": "INFO", "service": "gis-cities-mtl_fsa_gisoo-h1a", "env": "dev", "logger": "jug_gis_cities.mtl_fsa_gisoo.workflow", "request_id": "-", "msg": "Starting Montreal H1A workflow step: extract roll records missing from usage."}
{"ts": "2026-09-02T15:38:26", "level": "INFO", "service": "gis-cities-mtl_fsa_gisoo-h1a", "env": "dev", "logger": "citygisoo.geopackage_feature_processor", "request_id": "-", "msg": "Extracted 57 features from roll_clipped_H1A by membership of id_provinc in usage_clipped_H1A.g_id_provi."}
{"ts": "2026-09-02T15:38:26", "level": "INFO", "service": "gis-cities-mtl_fsa_gisoo-h1a", "env": "dev", "logger": "citygisoo.geopackage_feature_processor", "request_id": "-", "msg": "Wrote 57 features from roll_clipped_H1A to D:/GIS/mtl_gisoo_fsa_data\\output_data\\H1A\\roll_only\\roll_only.gpkg."}
{"ts": "2026-09-02T15:38:26", "level": "INFO", "service": "gis-cities-mtl_fsa_gisoo-h1a", "env": "dev", "logger": "citygisoo.scrub_layer_class", "request_id": "-", "msg": "Loaded layer roll_only_H1A from D:/GIS/mtl_gisoo_fsa_data\\output_data\\H1A\\roll_only\\roll_only.gpkg."}
{"ts": "2026-09-02T15:38:26", "level": "INFO", "service": "gis-cities-mtl_fsa_gisoo-h1a", "env": "dev", "logger": "citygisoo.scrub_layer_class", "request_id": "-", "msg": "Creating spatial index for roll_only_H1A is completed."}
{"ts": "2026-09-02T15:38:26", "level": "INFO", "service": "gis-cities-mtl_fsa_gisoo-h1a", "env": "dev", "logger": "jug_gis_cities.mtl_fsa_gisoo.workflow", "request_id": "-", "msg": "The roll_only_H1A has 57 records."}
{"ts": "2026-09-02T15:38:26", "level": "INFO", "service": "gis-cities-mtl_fsa_gisoo-h1a", "env": "dev", "logger": "jug_gis_cities.mtl_fsa_gisoo.workflow", "request_id": "-", "msg": "Completed Montreal H1A workflow step: extract roll records missing from usage in 0.312s."}
{"ts": "2026-09-02T15:38:26", "level": "INFO", "service": "gis-cities-mtl_fsa_gisoo-h1a", "env": "dev", "logger": "jug_gis_cities.mtl_fsa_gisoo.workflow", "request_id": "-", "msg": "Starting Montreal H1A workflow step: spatial join usage with roll-only."}
{"ts": "2026-09-02T15:38:27", "level": "INFO", "service": "gis-cities-mtl_fsa_gisoo-h1a", "env": "dev", "logger": "citygisoo.scrub_layer_class", "request_id": "-", "msg": "Spatial join with input layer usage_clipped_H1A, predicate contains, method one-to-many, and prefix ro_ is completed."}
{"ts": "2026-09-02T15:38:27", "level": "INFO", "service": "gis-cities-mtl_fsa_gisoo-h1a", "env": "dev", "logger": "citygisoo.scrub_layer_class", "request_id": "-", "msg": "Loaded layer usage_roll_only_all_H1A from D:/GIS/mtl_gisoo_fsa_data\\output_data\\H1A\\usage_roll_only_all\\usage_roll_only_all.gpkg."}
{"ts": "2026-09-02T15:38:27", "level": "INFO", "service": "gis-cities-mtl_fsa_gisoo-h1a", "env": "dev", "logger": "citygisoo.scrub_layer_class", "request_id": "-", "msg": "Creating spatial index for usage_roll_only_all_H1A is completed."}
{"ts": "2026-09-02T15:38:27", "level": "INFO", "service": "gis-cities-mtl_fsa_gisoo-h1a", "env": "dev", "logger": "jug_gis_cities.mtl_fsa_gisoo.workflow", "request_id": "-", "msg": "The usage_roll_only_all_H1A has 11836 records."}
{"ts": "2026-09-02T15:38:27", "level": "INFO", "service": "gis-cities-mtl_fsa_gisoo-h1a", "env": "dev", "logger": "jug_gis_cities.mtl_fsa_gisoo.workflow", "request_id": "-", "msg": "Completed Montreal H1A workflow step: spatial join usage with roll-only in 1.374s."}
{"ts": "2026-09-02T15:38:27", "level": "INFO", "service": "gis-cities-mtl_fsa_gisoo-h1a", "env": "dev", "logger": "jug_gis_cities.mtl_fsa_gisoo.workflow", "request_id": "-", "msg": "Starting Montreal H1A workflow step: extract usage-roll-only matched records."}
{"ts": "2026-09-02T15:38:28", "level": "INFO", "service": "gis-cities-mtl_fsa_gisoo-h1a", "env": "dev", "logger": "citygisoo.geopackage_feature_processor", "request_id": "-", "msg": "Wrote 328 features from usage_roll_only_all_H1A to D:/GIS/mtl_gisoo_fsa_data\\output_data\\H1A\\usage_roll_only\\usage_roll_only.gpkg."}
{"ts": "2026-09-02T15:38:28", "level": "INFO", "service": "gis-cities-mtl_fsa_gisoo-h1a", "env": "dev", "logger": "citygisoo.scrub_layer_class", "request_id": "-", "msg": "Loaded layer usage_roll_only_H1A from D:/GIS/mtl_gisoo_fsa_data\\output_data\\H1A\\usage_roll_only\\usage_roll_only.gpkg."}
{"ts": "2026-09-02T15:38:28", "level": "INFO", "service": "gis-cities-mtl_fsa_gisoo-h1a", "env": "dev", "logger": "citygisoo.scrub_layer_class", "request_id": "-", "msg": "Creating spatial index for usage_roll_only_H1A is completed."}
{"ts": "2026-09-02T15:38:28", "level": "INFO", "service": "gis-cities-mtl_fsa_gisoo-h1a", "env": "dev", "logger": "jug_gis_cities.mtl_fsa_gisoo.workflow", "request_id": "-", "msg": "The usage_roll_only_H1A has 328 records."}
{"ts": "2026-09-02T15:38:28", "level": "INFO", "service": "gis-cities-mtl_fsa_gisoo-h1a", "env": "dev", "logger": "jug_gis_cities.mtl_fsa_gisoo.workflow", "request_id": "-", "msg": "Completed Montreal H1A workflow step: extract usage-roll-only matched records in 0.465s."}
{"ts": "2026-09-02T15:38:28", "level": "INFO", "service": "gis-cities-mtl_fsa_gisoo-h1a", "env": "dev", "logger": "jug_gis_cities.mtl_fsa_gisoo.workflow", "request_id": "-", "msg": "Starting Montreal H1A workflow step: extract unique usage-roll-only records."}
{"ts": "2026-09-02T15:38:28", "level": "INFO", "service": "gis-cities-mtl_fsa_gisoo-h1a", "env": "dev", "logger": "citygisoo.geopackage_feature_processor", "request_id": "-", "msg": "Wrote 48 features from usage_roll_only_H1A to D:/GIS/mtl_gisoo_fsa_data\\output_data\\H1A\\usage_roll_only_unique\\usage_roll_only_unique.gpkg."}
{"ts": "2026-09-02T15:38:28", "level": "INFO", "service": "gis-cities-mtl_fsa_gisoo-h1a", "env": "dev", "logger": "citygisoo.scrub_layer_class", "request_id": "-", "msg": "Loaded layer usage_roll_only_unique_H1A from D:/GIS/mtl_gisoo_fsa_data\\output_data\\H1A\\usage_roll_only_unique\\usage_roll_only_unique.gpkg."}
{"ts": "2026-09-02T15:38:28", "level": "INFO", "service": "gis-cities-mtl_fsa_gisoo-h1a", "env": "dev", "logger": "citygisoo.scrub_layer_class", "request_id": "-", "msg": "Creating spatial index for usage_roll_only_unique_H1A is completed."}
{"ts": "2026-09-02T15:38:28", "level": "INFO", "service": "gis-cities-mtl_fsa_gisoo-h1a", "env": "dev", "logger": "jug_gis_cities.mtl_fsa_gisoo.workflow", "request_id": "-", "msg": "The usage_roll_only_unique_H1A has 48 records."}
{"ts": "2026-09-02T15:38:28", "level": "INFO", "service": "gis-cities-mtl_fsa_gisoo-h1a", "env": "dev", "logger": "jug_gis_cities.mtl_fsa_gisoo.workflow", "request_id": "-", "msg": "Completed Montreal H1A workflow step: extract unique usage-roll-only records in 0.095s."}
{"ts": "2026-09-02T15:38:28", "level": "INFO", "service": "gis-cities-mtl_fsa_gisoo-h1a", "env": "dev", "logger": "jug_gis_cities.mtl_fsa_gisoo.workflow", "request_id": "-", "msg": "Starting Montreal H1A workflow step: difference roll with roll-only."}
{"ts": "2026-09-02T15:38:31", "level": "INFO", "service": "gis-cities-mtl_fsa_gisoo-h1a", "env": "dev", "logger": "citygisoo.scrub_layer_class", "request_id": "-", "msg": "Difference of roll_clipped_H1A with overlay D:/GIS/mtl_gisoo_fsa_data\\output_data\\H1A\\roll_only\\roll_only.gpkg is completed into D:/GIS/mtl_gisoo_fsa_data\\output_data\\H1A\\roll_clean\\roll_clean.gpkg."}
{"ts": "2026-09-02T15:38:31", "level": "INFO", "service": "gis-cities-mtl_fsa_gisoo-h1a", "env": "dev", "logger": "citygisoo.scrub_layer_class", "request_id": "-", "msg": "Loaded layer roll_clean_H1A from D:/GIS/mtl_gisoo_fsa_data\\output_data\\H1A\\roll_clean\\roll_clean.gpkg."}
{"ts": "2026-09-02T15:38:31", "level": "INFO", "service": "gis-cities-mtl_fsa_gisoo-h1a", "env": "dev", "logger": "citygisoo.scrub_layer_class", "request_id": "-", "msg": "Creating spatial index for roll_clean_H1A is completed."}
{"ts": "2026-09-02T15:38:31", "level": "INFO", "service": "gis-cities-mtl_fsa_gisoo-h1a", "env": "dev", "logger": "jug_gis_cities.mtl_fsa_gisoo.workflow", "request_id": "-", "msg": "The roll_clean_H1A has 10472 records."}
{"ts": "2026-09-02T15:38:31", "level": "INFO", "service": "gis-cities-mtl_fsa_gisoo-h1a", "env": "dev", "logger": "jug_gis_cities.mtl_fsa_gisoo.workflow", "request_id": "-", "msg": "Completed Montreal H1A workflow step: difference roll with roll-only in 3.367s."}
{"ts": "2026-09-02T15:38:31", "level": "INFO", "service": "gis-cities-mtl_fsa_gisoo-h1a", "env": "dev", "logger": "jug_gis_cities.mtl_fsa_gisoo.workflow", "request_id": "-", "msg": "Starting Montreal H1A workflow step: duplicate roll provincial id field."}
{"ts": "2026-09-02T15:38:31", "level": "WARNING", "service": "gis-cities-mtl_fsa_gisoo-h1a", "env": "dev", "logger": "py.warnings", "request_id": "-", "msg": "C:\\QGIS_I~1\\OSGeo4W\\apps\\Python312\\Lib\\site-packages\\citygisoo\\scrub_layer_class.py:1310: DeprecationWarning: QgsField constructor is deprecated\n  new_field = QgsField(target_field, QVariant.String, len=field_length)\n"}
{"ts": "2026-09-02T15:38:31", "level": "INFO", "service": "gis-cities-mtl_fsa_gisoo-h1a", "env": "dev", "logger": "citygisoo.scrub_layer_class", "request_id": "-", "msg": "Copied 10472 values from id_provinc to text field r_id_provinc on roll_clean_H1A."}
{"ts": "2026-09-02T15:38:31", "level": "INFO", "service": "gis-cities-mtl_fsa_gisoo-h1a", "env": "dev", "logger": "jug_gis_cities.mtl_fsa_gisoo.workflow", "request_id": "-", "msg": "Completed Montreal H1A workflow step: duplicate roll provincial id field in 0.333s."}
{"ts": "2026-09-02T15:38:31", "level": "INFO", "service": "gis-cities-mtl_fsa_gisoo-h1a", "env": "dev", "logger": "jug_gis_cities.mtl_fsa_gisoo.workflow", "request_id": "-", "msg": "Starting Montreal H1A workflow step: join usage clean with roll clean."}
{"ts": "2026-09-02T15:38:32", "level": "INFO", "service": "gis-cities-mtl_fsa_gisoo-h1a", "env": "dev", "logger": "citygisoo.scrub_layer_class", "request_id": "-", "msg": "Field join of usage_clean_H1A with input layer roll_clean_H1A is completed."}
{"ts": "2026-09-02T15:38:32", "level": "INFO", "service": "gis-cities-mtl_fsa_gisoo-h1a", "env": "dev", "logger": "citygisoo.scrub_layer_class", "request_id": "-", "msg": "Loaded layer usage_roll_H1A from D:/GIS/mtl_gisoo_fsa_data\\output_data\\H1A\\usage_roll\\usage_roll.gpkg."}
{"ts": "2026-09-02T15:38:32", "level": "INFO", "service": "gis-cities-mtl_fsa_gisoo-h1a", "env": "dev", "logger": "citygisoo.scrub_layer_class", "request_id": "-", "msg": "Creating spatial index for usage_roll_H1A is completed."}
{"ts": "2026-09-02T15:38:32", "level": "INFO", "service": "gis-cities-mtl_fsa_gisoo-h1a", "env": "dev", "logger": "jug_gis_cities.mtl_fsa_gisoo.workflow", "request_id": "-", "msg": "The usage_roll_H1A has 10477 records."}
{"ts": "2026-09-02T15:38:32", "level": "INFO", "service": "gis-cities-mtl_fsa_gisoo-h1a", "env": "dev", "logger": "jug_gis_cities.mtl_fsa_gisoo.workflow", "request_id": "-", "msg": "Completed Montreal H1A workflow step: join usage clean with roll clean in 1.034s."}
{"ts": "2026-09-02T15:38:32", "level": "INFO", "service": "gis-cities-mtl_fsa_gisoo-h1a", "env": "dev", "logger": "jug_gis_cities.mtl_fsa_gisoo.workflow", "request_id": "-", "msg": "Starting Montreal H1A workflow step: merge usage roll layers."}
{"ts": "2026-09-02T15:38:35", "level": "INFO", "service": "gis-cities-mtl_fsa_gisoo-h1a", "env": "dev", "logger": "citygisoo.scrub_layer_class", "request_id": "-", "msg": "Merged 3 explicit layers into D:/GIS/mtl_gisoo_fsa_data\\output_data\\H1A\\usage_roll_all\\usage_roll_all.gpkg."}
{"ts": "2026-09-02T15:38:35", "level": "INFO", "service": "gis-cities-mtl_fsa_gisoo-h1a", "env": "dev", "logger": "citygisoo.scrub_layer_class", "request_id": "-", "msg": "Loaded layer usage_roll_all_H1A from D:/GIS/mtl_gisoo_fsa_data\\output_data\\H1A\\usage_roll_all\\usage_roll_all.gpkg."}
{"ts": "2026-09-02T15:38:35", "level": "INFO", "service": "gis-cities-mtl_fsa_gisoo-h1a", "env": "dev", "logger": "citygisoo.scrub_layer_class", "request_id": "-", "msg": "Creating spatial index for usage_roll_all_H1A is completed."}
{"ts": "2026-09-02T15:38:35", "level": "INFO", "service": "gis-cities-mtl_fsa_gisoo-h1a", "env": "dev", "logger": "jug_gis_cities.mtl_fsa_gisoo.workflow", "request_id": "-", "msg": "The usage_roll_all_H1A has 10556 records."}
{"ts": "2026-09-02T15:38:35", "level": "INFO", "service": "gis-cities-mtl_fsa_gisoo-h1a", "env": "dev", "logger": "jug_gis_cities.mtl_fsa_gisoo.workflow", "request_id": "-", "msg": "Completed Montreal H1A workflow step: merge usage roll layers in 2.281s."}
{"ts": "2026-09-02T15:38:35", "level": "INFO", "service": "gis-cities-mtl_fsa_gisoo-h1a", "env": "dev", "logger": "jug_gis_cities.mtl_fsa_gisoo.workflow", "request_id": "-", "msg": "Starting Montreal H1A workflow step: assign usage roll uuid field."}
{"ts": "2026-09-02T15:38:48", "level": "INFO", "service": "gis-cities-mtl_fsa_gisoo-h1a", "env": "dev", "logger": "citygisoo.scrub_layer_class", "request_id": "-", "msg": "Assigned expression values to field usage_roll_id on usage_roll_all_H1A for 10556 features."}
{"ts": "2026-09-02T15:38:48", "level": "INFO", "service": "gis-cities-mtl_fsa_gisoo-h1a", "env": "dev", "logger": "jug_gis_cities.mtl_fsa_gisoo.workflow", "request_id": "-", "msg": "Completed Montreal H1A workflow step: assign usage roll uuid field in 13.288s."}
{"ts": "2026-09-02T15:38:48", "level": "INFO", "service": "gis-cities-mtl_fsa_gisoo-h1a", "env": "dev", "logger": "jug_gis_cities.mtl_fsa_gisoo.workflow", "request_id": "-", "msg": "Starting Montreal H1A workflow step: delete duplicate usage geometries."}
{"ts": "2026-09-02T15:38:49", "level": "INFO", "service": "gis-cities-mtl_fsa_gisoo-h1a", "env": "dev", "logger": "citygisoo.scrub_layer_class", "request_id": "-", "msg": "Deleted duplicate geometries from usage_dup_fixed_H1A into D:/GIS/mtl_gisoo_fsa_data\\output_data\\H1A\\usage_dup_clean\\usage_dup_clean.gpkg."}
{"ts": "2026-09-02T15:38:49", "level": "INFO", "service": "gis-cities-mtl_fsa_gisoo-h1a", "env": "dev", "logger": "citygisoo.scrub_layer_class", "request_id": "-", "msg": "Loaded layer usage_dup_clean_H1A from D:/GIS/mtl_gisoo_fsa_data\\output_data\\H1A\\usage_dup_clean\\usage_dup_clean.gpkg."}
{"ts": "2026-09-02T15:38:49", "level": "INFO", "service": "gis-cities-mtl_fsa_gisoo-h1a", "env": "dev", "logger": "citygisoo.scrub_layer_class", "request_id": "-", "msg": "Creating spatial index for usage_dup_clean_H1A is completed."}
{"ts": "2026-09-02T15:38:49", "level": "INFO", "service": "gis-cities-mtl_fsa_gisoo-h1a", "env": "dev", "logger": "jug_gis_cities.mtl_fsa_gisoo.workflow", "request_id": "-", "msg": "The usage_dup_clean_H1A has 8600 records."}
{"ts": "2026-09-02T15:38:49", "level": "INFO", "service": "gis-cities-mtl_fsa_gisoo-h1a", "env": "dev", "logger": "jug_gis_cities.mtl_fsa_gisoo.workflow", "request_id": "-", "msg": "Completed Montreal H1A workflow step: delete duplicate usage geometries in 1.344s."}
{"ts": "2026-09-02T15:38:49", "level": "INFO", "service": "gis-cities-mtl_fsa_gisoo-h1a", "env": "dev", "logger": "jug_gis_cities.mtl_fsa_gisoo.workflow", "request_id": "-", "msg": "Starting Montreal H1A workflow step: intersect nrcan with clean usage duplicate."}
{"ts": "2026-09-02T15:39:01", "level": "INFO", "service": "gis-cities-mtl_fsa_gisoo-h1a", "env": "dev", "logger": "citygisoo.scrub_layer_class", "request_id": "-", "msg": "Intersection of nrcan_fixed_H1A with overlay D:/GIS/mtl_gisoo_fsa_data\\output_data\\H1A\\usage_dup_clean\\usage_dup_clean.gpkg is completed into D:/GIS/mtl_gisoo_fsa_data\\output_data\\H1A\\inter_nrcan\\inter_nrcan.gpkg."}
{"ts": "2026-09-02T15:39:01", "level": "INFO", "service": "gis-cities-mtl_fsa_gisoo-h1a", "env": "dev", "logger": "citygisoo.scrub_layer_class", "request_id": "-", "msg": "Loaded layer inter_nrcan_H1A from D:/GIS/mtl_gisoo_fsa_data\\output_data\\H1A\\inter_nrcan\\inter_nrcan.gpkg."}
{"ts": "2026-09-02T15:39:01", "level": "INFO", "service": "gis-cities-mtl_fsa_gisoo-h1a", "env": "dev", "logger": "citygisoo.scrub_layer_class", "request_id": "-", "msg": "Creating spatial index for inter_nrcan_H1A is completed."}
{"ts": "2026-09-02T15:39:01", "level": "INFO", "service": "gis-cities-mtl_fsa_gisoo-h1a", "env": "dev", "logger": "jug_gis_cities.mtl_fsa_gisoo.workflow", "request_id": "-", "msg": "The inter_nrcan_H1A has 10997 records."}
{"ts": "2026-09-02T15:39:01", "level": "INFO", "service": "gis-cities-mtl_fsa_gisoo-h1a", "env": "dev", "logger": "jug_gis_cities.mtl_fsa_gisoo.workflow", "request_id": "-", "msg": "Completed Montreal H1A workflow step: intersect nrcan with clean usage duplicate in 11.913s."}
{"ts": "2026-09-02T15:39:01", "level": "INFO", "service": "gis-cities-mtl_fsa_gisoo-h1a", "env": "dev", "logger": "jug_gis_cities.mtl_fsa_gisoo.workflow", "request_id": "-", "msg": "Starting Montreal H1A workflow step: assign inter nrcan area field."}
{"ts": "2026-09-02T15:39:02", "level": "INFO", "service": "gis-cities-mtl_fsa_gisoo-h1a", "env": "dev", "logger": "citygisoo.geopackage_feature_processor", "request_id": "-", "msg": "Assigned Python-calculated values to field inter_area on inter_nrcan_H1A for 10997 features."}
{"ts": "2026-09-02T15:39:02", "level": "INFO", "service": "gis-cities-mtl_fsa_gisoo-h1a", "env": "dev", "logger": "jug_gis_cities.mtl_fsa_gisoo.workflow", "request_id": "-", "msg": "Completed Montreal H1A workflow step: assign inter nrcan area field in 0.623s."}
{"ts": "2026-09-02T15:39:02", "level": "INFO", "service": "gis-cities-mtl_fsa_gisoo-h1a", "env": "dev", "logger": "jug_gis_cities.mtl_fsa_gisoo.workflow", "request_id": "-", "msg": "Starting Montreal H1A workflow step: assign inter nrcan area ratio field."}
{"ts": "2026-09-02T15:39:02", "level": "INFO", "service": "gis-cities-mtl_fsa_gisoo-h1a", "env": "dev", "logger": "citygisoo.geopackage_feature_processor", "request_id": "-", "msg": "Assigned Python-calculated values to field area_ratio on inter_nrcan_H1A for 10997 features."}
{"ts": "2026-09-02T15:39:02", "level": "INFO", "service": "gis-cities-mtl_fsa_gisoo-h1a", "env": "dev", "logger": "jug_gis_cities.mtl_fsa_gisoo.workflow", "request_id": "-", "msg": "Completed Montreal H1A workflow step: assign inter nrcan area ratio field in 0.574s."}
{"ts": "2026-09-02T15:39:02", "level": "INFO", "service": "gis-cities-mtl_fsa_gisoo-h1a", "env": "dev", "logger": "jug_gis_cities.mtl_fsa_gisoo.workflow", "request_id": "-", "msg": "Starting Montreal H1A workflow step: summarize inter nrcan by nrcan id."}
{"ts": "2026-09-02T15:39:03", "level": "INFO", "service": "gis-cities-mtl_fsa_gisoo-h1a", "env": "dev", "logger": "citygisoo.scrub_layer_class", "request_id": "-", "msg": "Loaded layer inter_summary_H1A from D:/GIS/mtl_gisoo_fsa_data\\output_data\\H1A\\inter_summary\\inter_summary.gpkg."}
{"ts": "2026-09-02T15:39:03", "level": "INFO", "service": "gis-cities-mtl_fsa_gisoo-h1a", "env": "dev", "logger": "citygisoo.scrub_layer_class", "request_id": "-", "msg": "Creating spatial index for inter_summary_H1A is completed."}
{"ts": "2026-09-02T15:39:03", "level": "INFO", "service": "gis-cities-mtl_fsa_gisoo-h1a", "env": "dev", "logger": "jug_gis_cities.mtl_fsa_gisoo.workflow", "request_id": "-", "msg": "The inter_summary_H1A has 7068 records."}
{"ts": "2026-09-02T15:39:03", "level": "INFO", "service": "gis-cities-mtl_fsa_gisoo-h1a", "env": "dev", "logger": "jug_gis_cities.mtl_fsa_gisoo.workflow", "request_id": "-", "msg": "Completed Montreal H1A workflow step: summarize inter nrcan by nrcan id in 0.647s."}
{"ts": "2026-09-02T15:39:03", "level": "INFO", "service": "gis-cities-mtl_fsa_gisoo-h1a", "env": "dev", "logger": "jug_gis_cities.mtl_fsa_gisoo.workflow", "request_id": "-", "msg": "Starting Montreal H1A workflow step: assign inter summary restore group field."}
{"ts": "2026-09-02T15:39:08", "level": "INFO", "service": "gis-cities-mtl_fsa_gisoo-h1a", "env": "dev", "logger": "citygisoo.scrub_layer_class", "request_id": "-", "msg": "Assigned expression values to field restore_group on inter_summary_H1A for 7068 features."}
{"ts": "2026-09-02T15:39:08", "level": "INFO", "service": "gis-cities-mtl_fsa_gisoo-h1a", "env": "dev", "logger": "jug_gis_cities.mtl_fsa_gisoo.workflow", "request_id": "-", "msg": "Completed Montreal H1A workflow step: assign inter summary restore group field in 4.610s."}
{"ts": "2026-09-02T15:39:08", "level": "INFO", "service": "gis-cities-mtl_fsa_gisoo-h1a", "env": "dev", "logger": "jug_gis_cities.mtl_fsa_gisoo.workflow", "request_id": "-", "msg": "Starting Montreal H1A workflow step: assign inter summary restore reason field."}
{"ts": "2026-09-02T15:39:12", "level": "INFO", "service": "gis-cities-mtl_fsa_gisoo-h1a", "env": "dev", "logger": "citygisoo.scrub_layer_class", "request_id": "-", "msg": "Assigned expression values to field restore_reason on inter_summary_H1A for 7068 features."}
{"ts": "2026-09-02T15:39:12", "level": "INFO", "service": "gis-cities-mtl_fsa_gisoo-h1a", "env": "dev", "logger": "jug_gis_cities.mtl_fsa_gisoo.workflow", "request_id": "-", "msg": "Completed Montreal H1A workflow step: assign inter summary restore reason field in 4.661s."}
{"ts": "2026-09-02T15:39:12", "level": "INFO", "service": "gis-cities-mtl_fsa_gisoo-h1a", "env": "dev", "logger": "jug_gis_cities.mtl_fsa_gisoo.workflow", "request_id": "-", "msg": "Starting Montreal H1A workflow step: join inter summary with inter nrcan."}
{"ts": "2026-09-02T15:39:13", "level": "INFO", "service": "gis-cities-mtl_fsa_gisoo-h1a", "env": "dev", "logger": "citygisoo.scrub_layer_class", "request_id": "-", "msg": "Field join of inter_nrcan_H1A with input layer inter_summary_H1A is completed."}
{"ts": "2026-09-02T15:39:13", "level": "INFO", "service": "gis-cities-mtl_fsa_gisoo-h1a", "env": "dev", "logger": "citygisoo.scrub_layer_class", "request_id": "-", "msg": "Loaded layer summary_joined_H1A from D:/GIS/mtl_gisoo_fsa_data\\output_data\\H1A\\summary_joined\\summary_joined.gpkg."}
{"ts": "2026-09-02T15:39:13", "level": "INFO", "service": "gis-cities-mtl_fsa_gisoo-h1a", "env": "dev", "logger": "citygisoo.scrub_layer_class", "request_id": "-", "msg": "Creating spatial index for summary_joined_H1A is completed."}
{"ts": "2026-09-02T15:39:13", "level": "INFO", "service": "gis-cities-mtl_fsa_gisoo-h1a", "env": "dev", "logger": "jug_gis_cities.mtl_fsa_gisoo.workflow", "request_id": "-", "msg": "The summary_joined_H1A has 10997 records."}
{"ts": "2026-09-02T15:39:13", "level": "INFO", "service": "gis-cities-mtl_fsa_gisoo-h1a", "env": "dev", "logger": "jug_gis_cities.mtl_fsa_gisoo.workflow", "request_id": "-", "msg": "Completed Montreal H1A workflow step: join inter summary with inter nrcan in 0.665s."}
{"ts": "2026-09-02T15:39:13", "level": "INFO", "service": "gis-cities-mtl_fsa_gisoo-h1a", "env": "dev", "logger": "jug_gis_cities.mtl_fsa_gisoo.workflow", "request_id": "-", "msg": "Starting Montreal H1A workflow step: extract kept summary joined records."}
{"ts": "2026-09-02T15:39:14", "level": "INFO", "service": "gis-cities-mtl_fsa_gisoo-h1a", "env": "dev", "logger": "citygisoo.geopackage_feature_processor", "request_id": "-", "msg": "Wrote 8379 features from summary_joined_H1A to D:/GIS/mtl_gisoo_fsa_data\\output_data\\H1A\\inter_kept\\inter_kept.gpkg."}
{"ts": "2026-09-02T15:39:14", "level": "INFO", "service": "gis-cities-mtl_fsa_gisoo-h1a", "env": "dev", "logger": "citygisoo.scrub_layer_class", "request_id": "-", "msg": "Loaded layer inter_kept_H1A from D:/GIS/mtl_gisoo_fsa_data\\output_data\\H1A\\inter_kept\\inter_kept.gpkg."}
{"ts": "2026-09-02T15:39:14", "level": "INFO", "service": "gis-cities-mtl_fsa_gisoo-h1a", "env": "dev", "logger": "citygisoo.scrub_layer_class", "request_id": "-", "msg": "Creating spatial index for inter_kept_H1A is completed."}
{"ts": "2026-09-02T15:39:14", "level": "INFO", "service": "gis-cities-mtl_fsa_gisoo-h1a", "env": "dev", "logger": "jug_gis_cities.mtl_fsa_gisoo.workflow", "request_id": "-", "msg": "The inter_kept_H1A has 8379 records."}
{"ts": "2026-09-02T15:39:14", "level": "INFO", "service": "gis-cities-mtl_fsa_gisoo-h1a", "env": "dev", "logger": "jug_gis_cities.mtl_fsa_gisoo.workflow", "request_id": "-", "msg": "Completed Montreal H1A workflow step: extract kept summary joined records in 0.927s."}
{"ts": "2026-09-02T15:39:14", "level": "INFO", "service": "gis-cities-mtl_fsa_gisoo-h1a", "env": "dev", "logger": "jug_gis_cities.mtl_fsa_gisoo.workflow", "request_id": "-", "msg": "Starting Montreal H1A workflow step: join nrcan with inter summary."}
{"ts": "2026-09-02T15:39:14", "level": "INFO", "service": "gis-cities-mtl_fsa_gisoo-h1a", "env": "dev", "logger": "citygisoo.scrub_layer_class", "request_id": "-", "msg": "Field join of nrcan_preserved_fixed_H1A with input layer inter_summary_H1A is completed."}
{"ts": "2026-09-02T15:39:14", "level": "INFO", "service": "gis-cities-mtl_fsa_gisoo-h1a", "env": "dev", "logger": "citygisoo.scrub_layer_class", "request_id": "-", "msg": "Loaded layer nrcan_joined_summary_H1A from D:/GIS/mtl_gisoo_fsa_data\\output_data\\H1A\\nrcan_joined_summary\\nrcan_joined_summary.gpkg."}
{"ts": "2026-09-02T15:39:14", "level": "INFO", "service": "gis-cities-mtl_fsa_gisoo-h1a", "env": "dev", "logger": "citygisoo.scrub_layer_class", "request_id": "-", "msg": "Creating spatial index for nrcan_joined_summary_H1A is completed."}
{"ts": "2026-09-02T15:39:14", "level": "INFO", "service": "gis-cities-mtl_fsa_gisoo-h1a", "env": "dev", "logger": "jug_gis_cities.mtl_fsa_gisoo.workflow", "request_id": "-", "msg": "The nrcan_joined_summary_H1A has 7076 records."}
{"ts": "2026-09-02T15:39:14", "level": "INFO", "service": "gis-cities-mtl_fsa_gisoo-h1a", "env": "dev", "logger": "jug_gis_cities.mtl_fsa_gisoo.workflow", "request_id": "-", "msg": "Completed Montreal H1A workflow step: join nrcan with inter summary in 0.464s."}
{"ts": "2026-09-02T15:39:14", "level": "INFO", "service": "gis-cities-mtl_fsa_gisoo-h1a", "env": "dev", "logger": "jug_gis_cities.mtl_fsa_gisoo.workflow", "request_id": "-", "msg": "Starting Montreal H1A workflow step: extract nrcan restored records."}
{"ts": "2026-09-02T15:39:15", "level": "INFO", "service": "gis-cities-mtl_fsa_gisoo-h1a", "env": "dev", "logger": "citygisoo.geopackage_feature_processor", "request_id": "-", "msg": "Wrote 1137 features from nrcan_joined_summary_H1A to D:/GIS/mtl_gisoo_fsa_data\\output_data\\H1A\\nrcan_restored\\nrcan_restored.gpkg."}
{"ts": "2026-09-02T15:39:15", "level": "INFO", "service": "gis-cities-mtl_fsa_gisoo-h1a", "env": "dev", "logger": "citygisoo.scrub_layer_class", "request_id": "-", "msg": "Loaded layer nrcan_restored_H1A from D:/GIS/mtl_gisoo_fsa_data\\output_data\\H1A\\nrcan_restored\\nrcan_restored.gpkg."}
{"ts": "2026-09-02T15:39:15", "level": "INFO", "service": "gis-cities-mtl_fsa_gisoo-h1a", "env": "dev", "logger": "citygisoo.scrub_layer_class", "request_id": "-", "msg": "Creating spatial index for nrcan_restored_H1A is completed."}
{"ts": "2026-09-02T15:39:15", "level": "INFO", "service": "gis-cities-mtl_fsa_gisoo-h1a", "env": "dev", "logger": "jug_gis_cities.mtl_fsa_gisoo.workflow", "request_id": "-", "msg": "The nrcan_restored_H1A has 1137 records."}
{"ts": "2026-09-02T15:39:15", "level": "INFO", "service": "gis-cities-mtl_fsa_gisoo-h1a", "env": "dev", "logger": "jug_gis_cities.mtl_fsa_gisoo.workflow", "request_id": "-", "msg": "Completed Montreal H1A workflow step: extract nrcan restored records in 0.272s."}
{"ts": "2026-09-02T15:39:15", "level": "INFO", "service": "gis-cities-mtl_fsa_gisoo-h1a", "env": "dev", "logger": "jug_gis_cities.mtl_fsa_gisoo.workflow", "request_id": "-", "msg": "Starting Montreal H1A workflow step: extract dominant summary joined parts."}
{"ts": "2026-09-02T15:39:15", "level": "INFO", "service": "gis-cities-mtl_fsa_gisoo-h1a", "env": "dev", "logger": "citygisoo.geopackage_feature_processor", "request_id": "-", "msg": "Wrote 1215 features from summary_joined_H1A to D:/GIS/mtl_gisoo_fsa_data\\output_data\\H1A\\dominant_parts\\dominant_parts.gpkg."}
{"ts": "2026-09-02T15:39:15", "level": "INFO", "service": "gis-cities-mtl_fsa_gisoo-h1a", "env": "dev", "logger": "citygisoo.scrub_layer_class", "request_id": "-", "msg": "Loaded layer dominant_parts_H1A from D:/GIS/mtl_gisoo_fsa_data\\output_data\\H1A\\dominant_parts\\dominant_parts.gpkg."}
{"ts": "2026-09-02T15:39:15", "level": "INFO", "service": "gis-cities-mtl_fsa_gisoo-h1a", "env": "dev", "logger": "citygisoo.scrub_layer_class", "request_id": "-", "msg": "Creating spatial index for dominant_parts_H1A is completed."}
{"ts": "2026-09-02T15:39:15", "level": "INFO", "service": "gis-cities-mtl_fsa_gisoo-h1a", "env": "dev", "logger": "jug_gis_cities.mtl_fsa_gisoo.workflow", "request_id": "-", "msg": "The dominant_parts_H1A has 1215 records."}
{"ts": "2026-09-02T15:39:15", "level": "INFO", "service": "gis-cities-mtl_fsa_gisoo-h1a", "env": "dev", "logger": "jug_gis_cities.mtl_fsa_gisoo.workflow", "request_id": "-", "msg": "Completed Montreal H1A workflow step: extract dominant summary joined parts in 0.375s."}
{"ts": "2026-09-02T15:39:15", "level": "INFO", "service": "gis-cities-mtl_fsa_gisoo-h1a", "env": "dev", "logger": "jug_gis_cities.mtl_fsa_gisoo.workflow", "request_id": "-", "msg": "Starting Montreal H1A workflow step: join nrcan restored with dominant usage id."}
{"ts": "2026-09-02T15:39:15", "level": "INFO", "service": "gis-cities-mtl_fsa_gisoo-h1a", "env": "dev", "logger": "citygisoo.scrub_layer_class", "request_id": "-", "msg": "Field join of nrcan_restored_H1A with input layer dominant_parts_H1A is completed."}
{"ts": "2026-09-02T15:39:15", "level": "INFO", "service": "gis-cities-mtl_fsa_gisoo-h1a", "env": "dev", "logger": "citygisoo.scrub_layer_class", "request_id": "-", "msg": "Loaded layer nrcan_restored_with_usage_id_H1A from D:/GIS/mtl_gisoo_fsa_data\\output_data\\H1A\\nrcan_restored_with_usage_id\\nrcan_restored_with_usage_id.gpkg."}
{"ts": "2026-09-02T15:39:15", "level": "INFO", "service": "gis-cities-mtl_fsa_gisoo-h1a", "env": "dev", "logger": "citygisoo.scrub_layer_class", "request_id": "-", "msg": "Creating spatial index for nrcan_restored_with_usage_id_H1A is completed."}
{"ts": "2026-09-02T15:39:15", "level": "INFO", "service": "gis-cities-mtl_fsa_gisoo-h1a", "env": "dev", "logger": "jug_gis_cities.mtl_fsa_gisoo.workflow", "request_id": "-", "msg": "The nrcan_restored_with_usage_id_H1A has 1137 records."}
{"ts": "2026-09-02T15:39:15", "level": "INFO", "service": "gis-cities-mtl_fsa_gisoo-h1a", "env": "dev", "logger": "jug_gis_cities.mtl_fsa_gisoo.workflow", "request_id": "-", "msg": "Completed Montreal H1A workflow step: join nrcan restored with dominant usage id in 0.147s."}
{"ts": "2026-09-02T15:39:15", "level": "INFO", "service": "gis-cities-mtl_fsa_gisoo-h1a", "env": "dev", "logger": "jug_gis_cities.mtl_fsa_gisoo.workflow", "request_id": "-", "msg": "Starting Montreal H1A workflow step: merge kept and restored nrcan intersections."}
{"ts": "2026-09-02T15:39:16", "level": "INFO", "service": "gis-cities-mtl_fsa_gisoo-h1a", "env": "dev", "logger": "citygisoo.scrub_layer_class", "request_id": "-", "msg": "Merged 2 explicit layers into D:/GIS/mtl_gisoo_fsa_data\\output_data\\H1A\\nrcan_intersected\\nrcan_intersected.gpkg."}
{"ts": "2026-09-02T15:39:16", "level": "INFO", "service": "gis-cities-mtl_fsa_gisoo-h1a", "env": "dev", "logger": "citygisoo.scrub_layer_class", "request_id": "-", "msg": "Loaded layer c_nrcan_intersected_H1A from D:/GIS/mtl_gisoo_fsa_data\\output_data\\H1A\\nrcan_intersected\\nrcan_intersected.gpkg."}
{"ts": "2026-09-02T15:39:16", "level": "INFO", "service": "gis-cities-mtl_fsa_gisoo-h1a", "env": "dev", "logger": "citygisoo.scrub_layer_class", "request_id": "-", "msg": "Creating spatial index for c_nrcan_intersected_H1A is completed."}
{"ts": "2026-09-02T15:39:16", "level": "INFO", "service": "gis-cities-mtl_fsa_gisoo-h1a", "env": "dev", "logger": "jug_gis_cities.mtl_fsa_gisoo.workflow", "request_id": "-", "msg": "The c_nrcan_intersected_H1A has 9516 records."}
{"ts": "2026-09-02T15:39:16", "level": "INFO", "service": "gis-cities-mtl_fsa_gisoo-h1a", "env": "dev", "logger": "jug_gis_cities.mtl_fsa_gisoo.workflow", "request_id": "-", "msg": "Completed Montreal H1A workflow step: merge kept and restored nrcan intersections in 0.748s."}
{"ts": "2026-09-02T15:39:16", "level": "INFO", "service": "gis-cities-mtl_fsa_gisoo-h1a", "env": "dev", "logger": "jug_gis_cities.mtl_fsa_gisoo.workflow", "request_id": "-", "msg": "Starting Montreal H1A workflow step: assign nrcan intersected uuid field."}
{"ts": "2026-09-02T15:39:26", "level": "INFO", "service": "gis-cities-mtl_fsa_gisoo-h1a", "env": "dev", "logger": "citygisoo.scrub_layer_class", "request_id": "-", "msg": "Assigned expression values to field nrcan_in_id on c_nrcan_intersected_H1A for 9516 features."}
{"ts": "2026-09-02T15:39:26", "level": "INFO", "service": "gis-cities-mtl_fsa_gisoo-h1a", "env": "dev", "logger": "jug_gis_cities.mtl_fsa_gisoo.workflow", "request_id": "-", "msg": "Completed Montreal H1A workflow step: assign nrcan intersected uuid field in 9.930s."}
{"ts": "2026-09-02T15:39:26", "level": "INFO", "service": "gis-cities-mtl_fsa_gisoo-h1a", "env": "dev", "logger": "jug_gis_cities.mtl_fsa_gisoo.workflow", "request_id": "-", "msg": "Starting Montreal H1A workflow step: create nrcan intersected points."}
{"ts": "2026-09-02T15:39:27", "level": "INFO", "service": "gis-cities-mtl_fsa_gisoo-h1a", "env": "dev", "logger": "citygisoo.scrub_layer_class", "request_id": "-", "msg": "Created point-on-surface layer from c_nrcan_intersected_H1A into D:/GIS/mtl_gisoo_fsa_data\\output_data\\H1A\\nrcan_intersected_points\\nrcan_intersected_points.gpkg."}
{"ts": "2026-09-02T15:39:27", "level": "INFO", "service": "gis-cities-mtl_fsa_gisoo-h1a", "env": "dev", "logger": "citygisoo.scrub_layer_class", "request_id": "-", "msg": "Loaded layer nrcan_intersected_points from D:/GIS/mtl_gisoo_fsa_data\\output_data\\H1A\\nrcan_intersected_points\\nrcan_intersected_points.gpkg."}
{"ts": "2026-09-02T15:39:27", "level": "INFO", "service": "gis-cities-mtl_fsa_gisoo-h1a", "env": "dev", "logger": "citygisoo.scrub_layer_class", "request_id": "-", "msg": "Creating spatial index for nrcan_intersected_points is completed."}
{"ts": "2026-09-02T15:39:27", "level": "INFO", "service": "gis-cities-mtl_fsa_gisoo-h1a", "env": "dev", "logger": "jug_gis_cities.mtl_fsa_gisoo.workflow", "request_id": "-", "msg": "The nrcan_intersected_points has 9516 records."}
{"ts": "2026-09-02T15:39:27", "level": "INFO", "service": "gis-cities-mtl_fsa_gisoo-h1a", "env": "dev", "logger": "jug_gis_cities.mtl_fsa_gisoo.workflow", "request_id": "-", "msg": "Completed Montreal H1A workflow step: create nrcan intersected points in 0.723s."}
{"ts": "2026-09-02T15:39:27", "level": "INFO", "service": "gis-cities-mtl_fsa_gisoo-h1a", "env": "dev", "logger": "jug_gis_cities.mtl_fsa_gisoo.workflow", "request_id": "-", "msg": "Starting Montreal H1A workflow step: spatial join nrcan intersected points with usage roll."}
{"ts": "2026-09-02T15:39:38", "level": "INFO", "service": "gis-cities-mtl_fsa_gisoo-h1a", "env": "dev", "logger": "citygisoo.scrub_layer_class", "request_id": "-", "msg": "Spatial join with input layer nrcan_intersected_points, predicate within, method one-to-many, and prefix ur_ is completed."}
{"ts": "2026-09-02T15:39:38", "level": "INFO", "service": "gis-cities-mtl_fsa_gisoo-h1a", "env": "dev", "logger": "citygisoo.scrub_layer_class", "request_id": "-", "msg": "Loaded layer nrcan_in_usage_roll_points_H1A from D:/GIS/mtl_gisoo_fsa_data\\output_data\\H1A\\nrcan_in_usage_roll_points\\nrcan_in_usage_roll_points.gpkg."}
{"ts": "2026-09-02T15:39:38", "level": "INFO", "service": "gis-cities-mtl_fsa_gisoo-h1a", "env": "dev", "logger": "citygisoo.scrub_layer_class", "request_id": "-", "msg": "Creating spatial index for nrcan_in_usage_roll_points_H1A is completed."}
{"ts": "2026-09-02T15:39:38", "level": "INFO", "service": "gis-cities-mtl_fsa_gisoo-h1a", "env": "dev", "logger": "jug_gis_cities.mtl_fsa_gisoo.workflow", "request_id": "-", "msg": "The nrcan_in_usage_roll_points_H1A has 16640 records."}
{"ts": "2026-09-02T15:39:38", "level": "INFO", "service": "gis-cities-mtl_fsa_gisoo-h1a", "env": "dev", "logger": "jug_gis_cities.mtl_fsa_gisoo.workflow", "request_id": "-", "msg": "Completed Montreal H1A workflow step: spatial join nrcan intersected points with usage roll in 11.298s."}
{"ts": "2026-09-02T15:39:38", "level": "INFO", "service": "gis-cities-mtl_fsa_gisoo-h1a", "env": "dev", "logger": "jug_gis_cities.mtl_fsa_gisoo.workflow", "request_id": "-", "msg": "Starting Montreal H1A workflow step: restore nrcan geometry on usage roll points."}
{"ts": "2026-09-02T15:40:36", "level": "INFO", "service": "gis-cities-mtl_fsa_gisoo-h1a", "env": "dev", "logger": "citygisoo.scrub_layer_class", "request_id": "-", "msg": "Created geometry-by-expression layer from nrcan_in_usage_roll_points_H1A into D:/GIS/mtl_gisoo_fsa_data\\output_data\\H1A\\nrcan_usage_roll_with_missing\\nrcan_usage_roll_with_missing.gpkg."}
{"ts": "2026-09-02T15:40:36", "level": "INFO", "service": "gis-cities-mtl_fsa_gisoo-h1a", "env": "dev", "logger": "citygisoo.scrub_layer_class", "request_id": "-", "msg": "Loaded layer nrcan_usage_roll_with_missing from D:/GIS/mtl_gisoo_fsa_data\\output_data\\H1A\\nrcan_usage_roll_with_missing\\nrcan_usage_roll_with_missing.gpkg."}
{"ts": "2026-09-02T15:40:36", "level": "INFO", "service": "gis-cities-mtl_fsa_gisoo-h1a", "env": "dev", "logger": "citygisoo.scrub_layer_class", "request_id": "-", "msg": "Creating spatial index for nrcan_usage_roll_with_missing is completed."}
{"ts": "2026-09-02T15:40:36", "level": "INFO", "service": "gis-cities-mtl_fsa_gisoo-h1a", "env": "dev", "logger": "jug_gis_cities.mtl_fsa_gisoo.workflow", "request_id": "-", "msg": "The nrcan_usage_roll_with_missing has 16640 records."}
{"ts": "2026-09-02T15:40:36", "level": "INFO", "service": "gis-cities-mtl_fsa_gisoo-h1a", "env": "dev", "logger": "jug_gis_cities.mtl_fsa_gisoo.workflow", "request_id": "-", "msg": "Completed Montreal H1A workflow step: restore nrcan geometry on usage roll points in 58.338s."}
{"ts": "2026-09-02T15:40:36", "level": "INFO", "service": "gis-cities-mtl_fsa_gisoo-h1a", "env": "dev", "logger": "jug_gis_cities.mtl_fsa_gisoo.workflow", "request_id": "-", "msg": "Starting Montreal H1A workflow step: extract usage roll missing nrcan geometry."}
{"ts": "2026-09-02T15:40:37", "level": "INFO", "service": "gis-cities-mtl_fsa_gisoo-h1a", "env": "dev", "logger": "citygisoo.geopackage_feature_processor", "request_id": "-", "msg": "Extracted 520 features from usage_roll_all_H1A by membership of id_provinc in nrcan_usage_roll_with_missing.ur_id_provinc."}
{"ts": "2026-09-02T15:40:37", "level": "INFO", "service": "gis-cities-mtl_fsa_gisoo-h1a", "env": "dev", "logger": "citygisoo.geopackage_feature_processor", "request_id": "-", "msg": "Wrote 520 features from usage_roll_all_H1A to D:/GIS/mtl_gisoo_fsa_data\\output_data\\H1A\\usage_roll_all_only\\usage_roll_all_only.gpkg."}
{"ts": "2026-09-02T15:40:37", "level": "INFO", "service": "gis-cities-mtl_fsa_gisoo-h1a", "env": "dev", "logger": "citygisoo.scrub_layer_class", "request_id": "-", "msg": "Loaded layer usage_roll_all_only_H1A from D:/GIS/mtl_gisoo_fsa_data\\output_data\\H1A\\usage_roll_all_only\\usage_roll_all_only.gpkg."}
{"ts": "2026-09-02T15:40:37", "level": "INFO", "service": "gis-cities-mtl_fsa_gisoo-h1a", "env": "dev", "logger": "citygisoo.scrub_layer_class", "request_id": "-", "msg": "Creating spatial index for usage_roll_all_only_H1A is completed."}
{"ts": "2026-09-02T15:40:37", "level": "INFO", "service": "gis-cities-mtl_fsa_gisoo-h1a", "env": "dev", "logger": "jug_gis_cities.mtl_fsa_gisoo.workflow", "request_id": "-", "msg": "The usage_roll_all_only_H1A has 520 records."}
{"ts": "2026-09-02T15:40:37", "level": "INFO", "service": "gis-cities-mtl_fsa_gisoo-h1a", "env": "dev", "logger": "jug_gis_cities.mtl_fsa_gisoo.workflow", "request_id": "-", "msg": "Completed Montreal H1A workflow step: extract usage roll missing nrcan geometry in 0.889s."}
{"ts": "2026-09-02T15:40:37", "level": "INFO", "service": "gis-cities-mtl_fsa_gisoo-h1a", "env": "dev", "logger": "jug_gis_cities.mtl_fsa_gisoo.workflow", "request_id": "-", "msg": "Starting Montreal H1A workflow step: merge nrcan usage roll layers."}
{"ts": "2026-09-02T15:40:50", "level": "INFO", "service": "gis-cities-mtl_fsa_gisoo-h1a", "env": "dev", "logger": "citygisoo.scrub_layer_class", "request_id": "-", "msg": "Merged 2 explicit layers into D:/GIS/mtl_gisoo_fsa_data\\output_data\\H1A\\nrcan_usage_roll\\nrcan_usage_roll.gpkg."}
{"ts": "2026-09-02T15:40:50", "level": "INFO", "service": "gis-cities-mtl_fsa_gisoo-h1a", "env": "dev", "logger": "citygisoo.scrub_layer_class", "request_id": "-", "msg": "Loaded layer nrcan_usage_roll_H1A from D:/GIS/mtl_gisoo_fsa_data\\output_data\\H1A\\nrcan_usage_roll\\nrcan_usage_roll.gpkg."}
{"ts": "2026-09-02T15:40:50", "level": "INFO", "service": "gis-cities-mtl_fsa_gisoo-h1a", "env": "dev", "logger": "citygisoo.scrub_layer_class", "request_id": "-", "msg": "Creating spatial index for nrcan_usage_roll_H1A is completed."}
{"ts": "2026-09-02T15:40:50", "level": "INFO", "service": "gis-cities-mtl_fsa_gisoo-h1a", "env": "dev", "logger": "jug_gis_cities.mtl_fsa_gisoo.workflow", "request_id": "-", "msg": "The nrcan_usage_roll_H1A has 17160 records."}
{"ts": "2026-09-02T15:40:50", "level": "INFO", "service": "gis-cities-mtl_fsa_gisoo-h1a", "env": "dev", "logger": "jug_gis_cities.mtl_fsa_gisoo.workflow", "request_id": "-", "msg": "Completed Montreal H1A workflow step: merge nrcan usage roll layers in 12.822s."}
{"ts": "2026-09-02T15:40:50", "level": "INFO", "service": "gis-cities-mtl_fsa_gisoo-h1a", "env": "dev", "logger": "jug_gis_cities.mtl_fsa_gisoo.workflow", "request_id": "-", "msg": "Starting Montreal H1A workflow step: assign nrcan usage roll FSA field."}
{"ts": "2026-09-02T15:41:24", "level": "INFO", "service": "gis-cities-mtl_fsa_gisoo-h1a", "env": "dev", "logger": "citygisoo.scrub_layer_class", "request_id": "-", "msg": "Assigned expression values to field FSA on nrcan_usage_roll_H1A for 17160 features."}
{"ts": "2026-09-02T15:41:24", "level": "INFO", "service": "gis-cities-mtl_fsa_gisoo-h1a", "env": "dev", "logger": "jug_gis_cities.mtl_fsa_gisoo.workflow", "request_id": "-", "msg": "Completed Montreal H1A workflow step: assign nrcan usage roll FSA field in 34.031s."}
{"ts": "2026-09-02T15:41:24", "level": "INFO", "service": "gis-cities-mtl_fsa_gisoo-h1a", "env": "dev", "logger": "jug_gis_cities.mtl_fsa_gisoo.workflow", "request_id": "-", "msg": "Starting Montreal H1A workflow step: assign nrcan usage roll citygisoo id field."}
{"ts": "2026-09-02T15:41:57", "level": "INFO", "service": "gis-cities-mtl_fsa_gisoo-h1a", "env": "dev", "logger": "citygisoo.scrub_layer_class", "request_id": "-", "msg": "Assigned expression values to field citygisoo_id on nrcan_usage_roll_H1A for 17160 features."}
{"ts": "2026-09-02T15:41:57", "level": "INFO", "service": "gis-cities-mtl_fsa_gisoo-h1a", "env": "dev", "logger": "jug_gis_cities.mtl_fsa_gisoo.workflow", "request_id": "-", "msg": "Completed Montreal H1A workflow step: assign nrcan usage roll citygisoo id field in 33.485s."}
{"ts": "2026-09-02T15:41:57", "level": "INFO", "service": "gis-cities-mtl_fsa_gisoo-h1a", "env": "dev", "logger": "jug_gis_cities.mtl_fsa_gisoo.workflow", "request_id": "-", "msg": "Starting Montreal H1A workflow step: assign nrcan usage roll citygisoo area field."}
{"ts": "2026-09-02T15:41:59", "level": "INFO", "service": "gis-cities-mtl_fsa_gisoo-h1a", "env": "dev", "logger": "citygisoo.geopackage_feature_processor", "request_id": "-", "msg": "Assigned Python-calculated values to field citygisoo_area on nrcan_usage_roll_H1A for 17160 features."}
{"ts": "2026-09-02T15:41:59", "level": "INFO", "service": "gis-cities-mtl_fsa_gisoo-h1a", "env": "dev", "logger": "jug_gis_cities.mtl_fsa_gisoo.workflow", "request_id": "-", "msg": "Completed Montreal H1A workflow step: assign nrcan usage roll citygisoo area field in 2.016s."}
{"ts": "2026-09-02T15:41:59", "level": "INFO", "service": "gis-cities-mtl_fsa_gisoo-h1a", "env": "dev", "logger": "jug_gis_cities.mtl_fsa_gisoo.workflow", "request_id": "-", "msg": "Starting Montreal H1A workflow step: assign nrcan usage roll processing tool field."}
{"ts": "2026-09-02T15:42:33", "level": "INFO", "service": "gis-cities-mtl_fsa_gisoo-h1a", "env": "dev", "logger": "citygisoo.scrub_layer_class", "request_id": "-", "msg": "Assigned expression values to field processing_tool on nrcan_usage_roll_H1A for 17160 features."}
{"ts": "2026-09-02T15:42:33", "level": "INFO", "service": "gis-cities-mtl_fsa_gisoo-h1a", "env": "dev", "logger": "jug_gis_cities.mtl_fsa_gisoo.workflow", "request_id": "-", "msg": "Completed Montreal H1A workflow step: assign nrcan usage roll processing tool field in 33.687s."}
{"ts": "2026-09-02T15:42:33", "level": "INFO", "service": "gis-cities-mtl_fsa_gisoo-h1a", "env": "dev", "logger": "jug_gis_cities.mtl_fsa_gisoo.workflow", "request_id": "-", "msg": "Starting Montreal H1A workflow step: assign nrcan usage roll processed by field."}
{"ts": "2026-09-02T15:43:11", "level": "INFO", "service": "gis-cities-mtl_fsa_gisoo-h1a", "env": "dev", "logger": "citygisoo.scrub_layer_class", "request_id": "-", "msg": "Assigned expression values to field processed_by on nrcan_usage_roll_H1A for 17160 features."}
{"ts": "2026-09-02T15:43:11", "level": "INFO", "service": "gis-cities-mtl_fsa_gisoo-h1a", "env": "dev", "logger": "jug_gis_cities.mtl_fsa_gisoo.workflow", "request_id": "-", "msg": "Completed Montreal H1A workflow step: assign nrcan usage roll processed by field in 37.661s."}
{"ts": "2026-09-02T15:43:11", "level": "INFO", "service": "gis-cities-mtl_fsa_gisoo-h1a", "env": "dev", "logger": "jug_gis_cities.mtl_fsa_gisoo.workflow", "request_id": "-", "msg": "Starting Montreal H1A workflow step: create finalized GISOO layer."}
{"ts": "2026-09-02T15:43:15", "level": "INFO", "service": "gis-cities-mtl_fsa_gisoo-h1a", "env": "dev", "logger": "citygisoo.geopackage_feature_processor", "request_id": "-", "msg": "Wrote 17160 features from nrcan_usage_roll_H1A to D:/GIS/mtl_gisoo_fsa_data\\output_data\\H1A\\mtl_H1A_gisoo\\mtl_H1A_gisoo.gpkg."}
{"ts": "2026-09-02T15:43:15", "level": "INFO", "service": "gis-cities-mtl_fsa_gisoo-h1a", "env": "dev", "logger": "citygisoo.scrub_layer_class", "request_id": "-", "msg": "Loaded layer mtl_H1A_gisoo from D:/GIS/mtl_gisoo_fsa_data\\output_data\\H1A\\mtl_H1A_gisoo\\mtl_H1A_gisoo.gpkg."}
{"ts": "2026-09-02T15:43:15", "level": "INFO", "service": "gis-cities-mtl_fsa_gisoo-h1a", "env": "dev", "logger": "citygisoo.scrub_layer_class", "request_id": "-", "msg": "Creating spatial index for mtl_H1A_gisoo is completed."}
{"ts": "2026-09-02T15:43:15", "level": "INFO", "service": "gis-cities-mtl_fsa_gisoo-h1a", "env": "dev", "logger": "jug_gis_cities.mtl_fsa_gisoo.workflow", "request_id": "-", "msg": "The mtl_H1A_gisoo has 17160 records."}
{"ts": "2026-09-02T15:43:15", "level": "INFO", "service": "gis-cities-mtl_fsa_gisoo-h1a", "env": "dev", "logger": "jug_gis_cities.mtl_fsa_gisoo.workflow", "request_id": "-", "msg": "Completed Montreal H1A workflow step: create finalized GISOO layer in 3.997s."}
{"ts": "2026-09-02T15:43:15", "level": "INFO", "service": "gis-cities-mtl_fsa_gisoo-h1a", "env": "dev", "logger": "jug_gis_cities.mtl_fsa_gisoo.workflow", "request_id": "-", "msg": "Completed Montreal FSA GISOO workflow. FSA=H1A Output=D:/GIS/mtl_gisoo_fsa_data\\output_data\\H1A\\mtl_H1A_gisoo\\mtl_H1A_gisoo.gpkg Elapsed=309.793s"}
{"ts": "2026-09-02T15:43:15", "level": "INFO", "service": "gis-cities-mtl_fsa_gisoo-h1a", "env": "dev", "logger": "jug_gis_cities.application.jug_gis_cities", "request_id": "-", "msg": "Running GIS city component callable with FSA. Component=mtl_fsa_gisoo Callable=contract_adapter.run_contract_adapter FSA=H1A"}
{"ts": "2026-09-02T15:43:15", "level": "INFO", "service": "gis-cities-mtl_fsa_gisoo-h1a", "env": "dev", "logger": "jug_gis_cities.mtl_fsa_gisoo.contract_adapter", "request_id": "-", "msg": "Starting Montreal FSA contract adapter. FSA=H1A Input=D:/GIS/mtl_gisoo_fsa_data\\output_data\\H1A\\mtl_H1A_gisoo\\mtl_H1A_gisoo.gpkg Output=D:/GIS/mtl_gisoo_fsa_data\\output_data\\H1A\\mtl_H1A_gisoo_standardized\\mtl_H1A_gisoo_standardized.geojson"}
{"ts": "2026-09-02T15:43:15", "level": "INFO", "service": "gis-cities-mtl_fsa_gisoo-h1a", "env": "dev", "logger": "citygisoo.building_contract_adapter", "request_id": "-", "msg": "Starting building contract adapter. Input=D:/GIS/mtl_gisoo_fsa_data\\output_data\\H1A\\mtl_H1A_gisoo\\mtl_H1A_gisoo.gpkg Output=D:/GIS/mtl_gisoo_fsa_data\\output_data\\H1A\\mtl_H1A_gisoo_standardized\\mtl_H1A_gisoo_standardized.geojson"}
{"ts": "2026-09-02T15:43:15", "level": "INFO", "service": "gis-cities-mtl_fsa_gisoo-h1a", "env": "dev", "logger": "citygisoo.scrub_layer_class", "request_id": "-", "msg": "Loaded layer mtl_H1A_gisoo from D:/GIS/mtl_gisoo_fsa_data\\output_data\\H1A\\mtl_H1A_gisoo\\mtl_H1A_gisoo.gpkg."}
{"ts": "2026-09-02T15:43:15", "level": "INFO", "service": "gis-cities-mtl_fsa_gisoo-h1a", "env": "dev", "logger": "citygisoo.field_schema_manager", "request_id": "-", "msg": "Refactoring 21 fields from layer mtl_H1A_gisoo into D:/GIS/mtl_gisoo_fsa_data\\output_data\\H1A\\mtl_H1A_gisoo_standardized\\mtl_H1A_gisoo_standardized.gpkg in one operation."}
{"ts": "2026-09-02T15:43:16", "level": "INFO", "service": "gis-cities-mtl_fsa_gisoo-h1a", "env": "dev", "logger": "citygisoo.scrub_layer_class", "request_id": "-", "msg": "Loaded layer mtl_H1A_gisoo_standardized from D:/GIS/mtl_gisoo_fsa_data\\output_data\\H1A\\mtl_H1A_gisoo_standardized\\mtl_H1A_gisoo_standardized.gpkg."}
{"ts": "2026-09-02T15:43:16", "level": "INFO", "service": "gis-cities-mtl_fsa_gisoo-h1a", "env": "dev", "logger": "citygisoo.field_schema_manager", "request_id": "-", "msg": "Standardized fields for layer mtl_H1A_gisoo_standardized."}
{"ts": "2026-09-02T15:43:16", "level": "INFO", "service": "gis-cities-mtl_fsa_gisoo-h1a", "env": "dev", "logger": "citygisoo.building_contract_adapter", "request_id": "-", "msg": "Skipping null-feature deletion because no non-null contract fields were configured."}
{"ts": "2026-09-02T15:43:16", "level": "WARNING", "service": "gis-cities-mtl_fsa_gisoo-h1a", "env": "dev", "logger": "py.warnings", "request_id": "-", "msg": "C:\\QGIS_I~1\\OSGeo4W\\apps\\Python312\\Lib\\site-packages\\citygisoo\\field_schema_manager.py:696: DeprecationWarning: QgsField constructor is deprecated\n  new_field = QgsField(field_name, QVariant.Int)\n"}
{"ts": "2026-09-02T15:43:17", "level": "INFO", "service": "gis-cities-mtl_fsa_gisoo-h1a", "env": "dev", "logger": "citygisoo.field_schema_manager", "request_id": "-", "msg": "Assigned 17160 ID values to field id on layer mtl_H1A_gisoo_standardized."}
{"ts": "2026-09-02T15:43:17", "level": "INFO", "service": "gis-cities-mtl_fsa_gisoo-h1a", "env": "dev", "logger": "citygisoo.scrub_layer_class", "request_id": "-", "msg": "Creating spatial index for mtl_H1A_gisoo_standardized is completed."}
{"ts": "2026-09-02T15:43:17", "level": "INFO", "service": "gis-cities-mtl_fsa_gisoo-h1a", "env": "dev", "logger": "citygisoo.field_schema_manager", "request_id": "-", "msg": "Exporting layer mtl_H1A_gisoo_standardized to GeoJSON at D:/GIS/mtl_gisoo_fsa_data\\output_data\\H1A\\mtl_H1A_gisoo_standardized\\mtl_H1A_gisoo_standardized.geojson with 23 fields, 17160 features, CRS EPSG:4617, provider ogr."}
{"ts": "2026-09-02T15:43:17", "level": "INFO", "service": "gis-cities-mtl_fsa_gisoo-h1a", "env": "dev", "logger": "citygisoo.field_schema_manager", "request_id": "-", "msg": "Writing layer mtl_H1A_gisoo_standardized to D:/GIS/mtl_gisoo_fsa_data\\output_data\\H1A\\mtl_H1A_gisoo_standardized\\mtl_H1A_gisoo_standardized.geojson with driver GeoJSON using provider ogr."}
{"ts": "2026-09-02T15:43:19", "level": "INFO", "service": "gis-cities-mtl_fsa_gisoo-h1a", "env": "dev", "logger": "citygisoo.field_schema_manager", "request_id": "-", "msg": "Exported layer mtl_H1A_gisoo_standardized to D:/GIS/mtl_gisoo_fsa_data\\output_data\\H1A\\mtl_H1A_gisoo_standardized\\mtl_H1A_gisoo_standardized.geojson."}
{"ts": "2026-09-02T15:43:21", "level": "INFO", "service": "gis-cities-mtl_fsa_gisoo-h1a", "env": "dev", "logger": "citygisoo.scrub_layer_class", "request_id": "-", "msg": "Loaded layer mtl_H1A_gisoo_standardized from D:/GIS/mtl_gisoo_fsa_data\\output_data\\H1A\\mtl_H1A_gisoo_standardized\\mtl_H1A_gisoo_standardized.geojson."}
{"ts": "2026-09-02T15:43:23", "level": "INFO", "service": "gis-cities-mtl_fsa_gisoo-h1a", "env": "dev", "logger": "citygisoo.field_schema_manager", "request_id": "-", "msg": "Promoted property id to feature-level ID for layer mtl_H1A_gisoo_standardized."}
{"ts": "2026-09-02T15:43:23", "level": "INFO", "service": "gis-cities-mtl_fsa_gisoo-h1a", "env": "dev", "logger": "citygisoo.building_contract_adapter", "request_id": "-", "msg": "Completed building contract adapter. GeoJSON output=D:/GIS/mtl_gisoo_fsa_data\\output_data\\H1A\\mtl_H1A_gisoo_standardized\\mtl_H1A_gisoo_standardized.geojson GeoPackage output=D:/GIS/mtl_gisoo_fsa_data\\output_data\\H1A\\mtl_H1A_gisoo_standardized\\mtl_H1A_gisoo_standardized.gpkg"}
{"ts": "2026-09-02T15:43:23", "level": "INFO", "service": "gis-cities-mtl_fsa_gisoo-h1a", "env": "dev", "logger": "jug_gis_cities.mtl_fsa_gisoo.contract_adapter", "request_id": "-", "msg": "Completed Montreal FSA contract adapter. FSA=H1A Output=D:/GIS/mtl_gisoo_fsa_data\\output_data\\H1A\\mtl_H1A_gisoo_standardized\\mtl_H1A_gisoo_standardized.geojson Elapsed=8.027s"}
{"ts": "2026-09-02T15:43:23", "level": "INFO", "service": "gis-cities-mtl_fsa_gisoo-h1a", "env": "dev", "logger": "jug_gis_cities.application.jug_gis_cities", "request_id": "-", "msg": "Completed GIS city component. Component=mtl_fsa_gisoo Mode=standardize FSA=H1A WorkflowOutput=D:/GIS/mtl_gisoo_fsa_data\\output_data\\H1A\\mtl_H1A_gisoo\\mtl_H1A_gisoo.gpkg StandardizedOutput=D:/GIS/mtl_gisoo_fsa_data\\output_data\\H1A\\mtl_H1A_gisoo_standardized\\mtl_H1A_gisoo_standardized.geojson Cleaned=0 Elapsed=318.542s"}
