{"ts": "2026-08-24T17:02:13", "level": "INFO", "service": "gis-cities-mtl_fsa_gisoo-h2x", "env": "dev", "logger": "jug_gis_cities.application.jug_gis_cities", "request_id": "-", "msg": "Starting isolated GIS city component. Component=mtl_fsa_gisoo Mode=standardize FSA=H2X"}
{"ts": "2026-08-24T17:02:13", "level": "INFO", "service": "gis-cities-mtl_fsa_gisoo-h2x", "env": "dev", "logger": "jug_gis_cities.application.jug_gis_cities", "request_id": "-", "msg": "Running GIS city component callable with FSA. Component=mtl_fsa_gisoo Callable=output_cleanup.cleanup_outputs FSA=H2X"}
{"ts": "2026-08-24T17:02:14", "level": "INFO", "service": "gis-cities-mtl_fsa_gisoo-h2x", "env": "dev", "logger": "jug_gis_cities.application.jug_gis_cities", "request_id": "-", "msg": "Initialized QGIS in disposable GIS component worker. Prefix=C:/QGIS_I~1/OSGeo4W/apps/qgis-ltr"}
{"ts": "2026-08-24T17:02:14", "level": "INFO", "service": "gis-cities-mtl_fsa_gisoo-h2x", "env": "dev", "logger": "jug_gis_cities.application.jug_gis_cities", "request_id": "-", "msg": "Starting GIS city component. Component=mtl_fsa_gisoo Mode=standardize FSA=H2X"}
{"ts": "2026-08-24T17:02:14", "level": "INFO", "service": "gis-cities-mtl_fsa_gisoo-h2x", "env": "dev", "logger": "jug_gis_cities.application.jug_gis_cities", "request_id": "-", "msg": "Running GIS city component callable with FSA. Component=mtl_fsa_gisoo Callable=workflow.run_workflow FSA=H2X"}
{"ts": "2026-08-24T17:02:14", "level": "INFO", "service": "gis-cities-mtl_fsa_gisoo-h2x", "env": "dev", "logger": "jug_gis_cities.mtl_fsa_gisoo.workflow", "request_id": "-", "msg": "Starting Montreal FSA GISOO workflow. FSA=H2X Output directory=D:/GIS/mtl_gisoo_fsa_data\\output_data\\H2X"}
{"ts": "2026-08-24T17:02:14", "level": "INFO", "service": "gis-cities-mtl_fsa_gisoo-h2x", "env": "dev", "logger": "jug_gis_cities.mtl_fsa_gisoo.workflow", "request_id": "-", "msg": "Starting Montreal H2X workflow step: prepare output folders."}
{"ts": "2026-08-24T17:02:14", "level": "INFO", "service": "gis-cities-mtl_fsa_gisoo-h2x", "env": "dev", "logger": "jug_gis_cities.mtl_fsa_gisoo.workflow", "request_id": "-", "msg": "Completed Montreal H2X workflow step: prepare output folders in 0.007s."}
{"ts": "2026-08-24T17:02:14", "level": "INFO", "service": "gis-cities-mtl_fsa_gisoo-h2x", "env": "dev", "logger": "jug_gis_cities.mtl_fsa_gisoo.workflow", "request_id": "-", "msg": "Starting Montreal H2X workflow step: load input layers."}
{"ts": "2026-08-24T17:02:14", "level": "INFO", "service": "gis-cities-mtl_fsa_gisoo-h2x", "env": "dev", "logger": "citygisoo.scrub_layer_class", "request_id": "-", "msg": "Loaded layer roll_mtl from D:/GIS/mtl_gisoo_fsa_data\\input_data\\mtl_role_2025_unit_eval_et_address_geopackage\\mtl_island_role_2025_unit_eval_et_address.gpkg."}
{"ts": "2026-08-24T17:02:14", "level": "INFO", "service": "gis-cities-mtl_fsa_gisoo-h2x", "env": "dev", "logger": "citygisoo.scrub_layer_class", "request_id": "-", "msg": "Loaded layer nrcan_mtl from D:/GIS/mtl_gisoo_fsa_data\\input_data\\mtl_auto_with_heights\\mtl_auto_with_heights.gpkg."}
{"ts": "2026-08-24T17:02:14", "level": "INFO", "service": "gis-cities-mtl_fsa_gisoo-h2x", "env": "dev", "logger": "citygisoo.scrub_layer_class", "request_id": "-", "msg": "Loaded layer nrcan_preserved_mtl from D:/GIS/mtl_gisoo_fsa_data\\input_data\\mtl_auto_with_heights_preserved\\mtl_auto_with_heights_preserved.gpkg."}
{"ts": "2026-08-24T17:02:14", "level": "INFO", "service": "gis-cities-mtl_fsa_gisoo-h2x", "env": "dev", "logger": "citygisoo.scrub_layer_class", "request_id": "-", "msg": "Loaded layer usage_mtl from D:/GIS/mtl_gisoo_fsa_data\\input_data\\mamh_usage_predo_2026_gpkg\\mamh_usage_predo_2026_s_poly.gpkg."}
{"ts": "2026-08-24T17:02:14", "level": "INFO", "service": "gis-cities-mtl_fsa_gisoo-h2x", "env": "dev", "logger": "citygisoo.scrub_layer_class", "request_id": "-", "msg": "Loaded layer usage_dup_mtl from D:/GIS/mtl_gisoo_fsa_data\\input_data\\mamh_usage_predo_2026_gpkg_dup\\mamh_usage_predo_2026_dup.gpkg."}
{"ts": "2026-08-24T17:02:14", "level": "INFO", "service": "gis-cities-mtl_fsa_gisoo-h2x", "env": "dev", "logger": "citygisoo.scrub_layer_class", "request_id": "-", "msg": "Loaded layer fsa_boundaries from D:/GIS/mtl_gisoo_fsa_data\\input_data\\mtl_island_fsa_boundaries\\mtl_island_fsa_boundaries_dmti_2025.gpkg."}
{"ts": "2026-08-24T17:02:14", "level": "INFO", "service": "gis-cities-mtl_fsa_gisoo-h2x", "env": "dev", "logger": "jug_gis_cities.mtl_fsa_gisoo.workflow", "request_id": "-", "msg": "The roll_mtl has 510932 records."}
{"ts": "2026-08-24T17:02:14", "level": "INFO", "service": "gis-cities-mtl_fsa_gisoo-h2x", "env": "dev", "logger": "jug_gis_cities.mtl_fsa_gisoo.workflow", "request_id": "-", "msg": "The nrcan_mtl has 221563 records."}
{"ts": "2026-08-24T17:02:14", "level": "INFO", "service": "gis-cities-mtl_fsa_gisoo-h2x", "env": "dev", "logger": "jug_gis_cities.mtl_fsa_gisoo.workflow", "request_id": "-", "msg": "The nrcan_preserved_mtl has 221563 records."}
{"ts": "2026-08-24T17:02:14", "level": "INFO", "service": "gis-cities-mtl_fsa_gisoo-h2x", "env": "dev", "logger": "jug_gis_cities.mtl_fsa_gisoo.workflow", "request_id": "-", "msg": "The usage_mtl has 553622 records."}
{"ts": "2026-08-24T17:02:14", "level": "INFO", "service": "gis-cities-mtl_fsa_gisoo-h2x", "env": "dev", "logger": "jug_gis_cities.mtl_fsa_gisoo.workflow", "request_id": "-", "msg": "The usage_dup_mtl has 553622 records."}
{"ts": "2026-08-24T17:02:14", "level": "INFO", "service": "gis-cities-mtl_fsa_gisoo-h2x", "env": "dev", "logger": "jug_gis_cities.mtl_fsa_gisoo.workflow", "request_id": "-", "msg": "The fsa_boundaries has 99 records."}
{"ts": "2026-08-24T17:02:14", "level": "INFO", "service": "gis-cities-mtl_fsa_gisoo-h2x", "env": "dev", "logger": "jug_gis_cities.mtl_fsa_gisoo.workflow", "request_id": "-", "msg": "Completed Montreal H2X workflow step: load input layers in 0.306s."}
{"ts": "2026-08-24T17:02:14", "level": "INFO", "service": "gis-cities-mtl_fsa_gisoo-h2x", "env": "dev", "logger": "jug_gis_cities.mtl_fsa_gisoo.workflow", "request_id": "-", "msg": "Starting Montreal H2X workflow step: extract FSA boundary."}
{"ts": "2026-08-24T17:02:14", "level": "INFO", "service": "gis-cities-mtl_fsa_gisoo-h2x", "env": "dev", "logger": "citygisoo.scrub_layer_class", "request_id": "-", "msg": "Extracted features from fsa_boundaries where g_fsa = H2X into D:/GIS/mtl_gisoo_fsa_data\\output_data\\H2X\\fsa_boundary\\fsa_boundary.gpkg."}
{"ts": "2026-08-24T17:02:14", "level": "INFO", "service": "gis-cities-mtl_fsa_gisoo-h2x", "env": "dev", "logger": "citygisoo.scrub_layer_class", "request_id": "-", "msg": "Loaded layer fsa_boundary_H2X from D:/GIS/mtl_gisoo_fsa_data\\output_data\\H2X\\fsa_boundary\\fsa_boundary.gpkg."}
{"ts": "2026-08-24T17:02:14", "level": "INFO", "service": "gis-cities-mtl_fsa_gisoo-h2x", "env": "dev", "logger": "citygisoo.scrub_layer_class", "request_id": "-", "msg": "Creating spatial index for fsa_boundary_H2X is completed."}
{"ts": "2026-08-24T17:02:14", "level": "INFO", "service": "gis-cities-mtl_fsa_gisoo-h2x", "env": "dev", "logger": "jug_gis_cities.mtl_fsa_gisoo.workflow", "request_id": "-", "msg": "The fsa_boundary_H2X has 1 records."}
{"ts": "2026-08-24T17:02:14", "level": "INFO", "service": "gis-cities-mtl_fsa_gisoo-h2x", "env": "dev", "logger": "jug_gis_cities.mtl_fsa_gisoo.workflow", "request_id": "-", "msg": "Completed Montreal H2X workflow step: extract FSA boundary in 0.172s."}
{"ts": "2026-08-24T17:02:14", "level": "INFO", "service": "gis-cities-mtl_fsa_gisoo-h2x", "env": "dev", "logger": "jug_gis_cities.mtl_fsa_gisoo.workflow", "request_id": "-", "msg": "Starting Montreal H2X workflow step: clip input layers to FSA boundary."}
{"ts": "2026-08-24T17:02:14", "level": "INFO", "service": "gis-cities-mtl_fsa_gisoo-h2x", "env": "dev", "logger": "citygisoo.scrub_layer_class", "request_id": "-", "msg": "Clipping of nrcan_mtl is completed."}
{"ts": "2026-08-24T17:02:14", "level": "INFO", "service": "gis-cities-mtl_fsa_gisoo-h2x", "env": "dev", "logger": "citygisoo.scrub_layer_class", "request_id": "-", "msg": "Loaded layer nrcan_clipped_H2X from D:/GIS/mtl_gisoo_fsa_data\\output_data\\H2X\\nrcan\\nrcan.gpkg."}
{"ts": "2026-08-24T17:02:14", "level": "INFO", "service": "gis-cities-mtl_fsa_gisoo-h2x", "env": "dev", "logger": "citygisoo.scrub_layer_class", "request_id": "-", "msg": "Creating spatial index for nrcan_clipped_H2X is completed."}
{"ts": "2026-08-24T17:02:14", "level": "INFO", "service": "gis-cities-mtl_fsa_gisoo-h2x", "env": "dev", "logger": "jug_gis_cities.mtl_fsa_gisoo.workflow", "request_id": "-", "msg": "The nrcan_clipped_H2X has 417 records."}
{"ts": "2026-08-24T17:02:14", "level": "INFO", "service": "gis-cities-mtl_fsa_gisoo-h2x", "env": "dev", "logger": "citygisoo.scrub_layer_class", "request_id": "-", "msg": "Clipping of nrcan_preserved_mtl is completed."}
{"ts": "2026-08-24T17:02:14", "level": "INFO", "service": "gis-cities-mtl_fsa_gisoo-h2x", "env": "dev", "logger": "citygisoo.scrub_layer_class", "request_id": "-", "msg": "Loaded layer nrcan_preserved_H2X from D:/GIS/mtl_gisoo_fsa_data\\output_data\\H2X\\nrcan_preserved\\nrcan_preserved.gpkg."}
{"ts": "2026-08-24T17:02:15", "level": "INFO", "service": "gis-cities-mtl_fsa_gisoo-h2x", "env": "dev", "logger": "citygisoo.scrub_layer_class", "request_id": "-", "msg": "Creating spatial index for nrcan_preserved_H2X is completed."}
{"ts": "2026-08-24T17:02:15", "level": "INFO", "service": "gis-cities-mtl_fsa_gisoo-h2x", "env": "dev", "logger": "jug_gis_cities.mtl_fsa_gisoo.workflow", "request_id": "-", "msg": "The nrcan_preserved_H2X has 417 records."}
{"ts": "2026-08-24T17:02:15", "level": "INFO", "service": "gis-cities-mtl_fsa_gisoo-h2x", "env": "dev", "logger": "citygisoo.scrub_layer_class", "request_id": "-", "msg": "Clipping of roll_mtl is completed."}
{"ts": "2026-08-24T17:02:15", "level": "INFO", "service": "gis-cities-mtl_fsa_gisoo-h2x", "env": "dev", "logger": "citygisoo.scrub_layer_class", "request_id": "-", "msg": "Loaded layer roll_clipped_H2X from D:/GIS/mtl_gisoo_fsa_data\\output_data\\H2X\\roll\\roll.gpkg."}
{"ts": "2026-08-24T17:02:15", "level": "INFO", "service": "gis-cities-mtl_fsa_gisoo-h2x", "env": "dev", "logger": "citygisoo.scrub_layer_class", "request_id": "-", "msg": "Creating spatial index for roll_clipped_H2X is completed."}
{"ts": "2026-08-24T17:02:15", "level": "INFO", "service": "gis-cities-mtl_fsa_gisoo-h2x", "env": "dev", "logger": "jug_gis_cities.mtl_fsa_gisoo.workflow", "request_id": "-", "msg": "The roll_clipped_H2X has 6229 records."}
{"ts": "2026-08-24T17:02:16", "level": "INFO", "service": "gis-cities-mtl_fsa_gisoo-h2x", "env": "dev", "logger": "citygisoo.scrub_layer_class", "request_id": "-", "msg": "Clipping of usage_mtl is completed."}
{"ts": "2026-08-24T17:02:16", "level": "INFO", "service": "gis-cities-mtl_fsa_gisoo-h2x", "env": "dev", "logger": "citygisoo.scrub_layer_class", "request_id": "-", "msg": "Loaded layer usage_clipped_H2X from D:/GIS/mtl_gisoo_fsa_data\\output_data\\H2X\\usage\\usage.gpkg."}
{"ts": "2026-08-24T17:02:16", "level": "INFO", "service": "gis-cities-mtl_fsa_gisoo-h2x", "env": "dev", "logger": "citygisoo.scrub_layer_class", "request_id": "-", "msg": "Creating spatial index for usage_clipped_H2X is completed."}
{"ts": "2026-08-24T17:02:16", "level": "INFO", "service": "gis-cities-mtl_fsa_gisoo-h2x", "env": "dev", "logger": "jug_gis_cities.mtl_fsa_gisoo.workflow", "request_id": "-", "msg": "The usage_clipped_H2X has 7498 records."}
{"ts": "2026-08-24T17:02:17", "level": "INFO", "service": "gis-cities-mtl_fsa_gisoo-h2x", "env": "dev", "logger": "citygisoo.scrub_layer_class", "request_id": "-", "msg": "Clipping of usage_dup_mtl is completed."}
{"ts": "2026-08-24T17:02:17", "level": "INFO", "service": "gis-cities-mtl_fsa_gisoo-h2x", "env": "dev", "logger": "citygisoo.scrub_layer_class", "request_id": "-", "msg": "Loaded layer usage_dup_H2X from D:/GIS/mtl_gisoo_fsa_data\\output_data\\H2X\\usage_dup\\usage_dup.gpkg."}
{"ts": "2026-08-24T17:02:17", "level": "INFO", "service": "gis-cities-mtl_fsa_gisoo-h2x", "env": "dev", "logger": "citygisoo.scrub_layer_class", "request_id": "-", "msg": "Creating spatial index for usage_dup_H2X is completed."}
{"ts": "2026-08-24T17:02:17", "level": "INFO", "service": "gis-cities-mtl_fsa_gisoo-h2x", "env": "dev", "logger": "jug_gis_cities.mtl_fsa_gisoo.workflow", "request_id": "-", "msg": "The usage_dup_H2X has 7498 records."}
{"ts": "2026-08-24T17:02:17", "level": "INFO", "service": "gis-cities-mtl_fsa_gisoo-h2x", "env": "dev", "logger": "jug_gis_cities.mtl_fsa_gisoo.workflow", "request_id": "-", "msg": "Completed Montreal H2X workflow step: clip input layers to FSA boundary in 3.023s."}
{"ts": "2026-08-24T17:02:17", "level": "INFO", "service": "gis-cities-mtl_fsa_gisoo-h2x", "env": "dev", "logger": "jug_gis_cities.mtl_fsa_gisoo.workflow", "request_id": "-", "msg": "Starting Montreal H2X workflow step: fix nrcan geometries."}
{"ts": "2026-08-24T17:02:17", "level": "INFO", "service": "gis-cities-mtl_fsa_gisoo-h2x", "env": "dev", "logger": "citygisoo.scrub_layer_class", "request_id": "-", "msg": "Fixed geometries for nrcan_clipped_H2X into D:/GIS/mtl_gisoo_fsa_data\\output_data\\H2X\\nrcan_fixed\\nrcan_fixed.gpkg."}
{"ts": "2026-08-24T17:02:17", "level": "INFO", "service": "gis-cities-mtl_fsa_gisoo-h2x", "env": "dev", "logger": "citygisoo.scrub_layer_class", "request_id": "-", "msg": "Loaded layer nrcan_fixed_H2X from D:/GIS/mtl_gisoo_fsa_data\\output_data\\H2X\\nrcan_fixed\\nrcan_fixed.gpkg."}
{"ts": "2026-08-24T17:02:17", "level": "INFO", "service": "gis-cities-mtl_fsa_gisoo-h2x", "env": "dev", "logger": "citygisoo.scrub_layer_class", "request_id": "-", "msg": "Creating spatial index for nrcan_fixed_H2X is completed."}
{"ts": "2026-08-24T17:02:17", "level": "INFO", "service": "gis-cities-mtl_fsa_gisoo-h2x", "env": "dev", "logger": "jug_gis_cities.mtl_fsa_gisoo.workflow", "request_id": "-", "msg": "The nrcan_fixed_H2X has 417 records."}
{"ts": "2026-08-24T17:02:17", "level": "INFO", "service": "gis-cities-mtl_fsa_gisoo-h2x", "env": "dev", "logger": "jug_gis_cities.mtl_fsa_gisoo.workflow", "request_id": "-", "msg": "Completed Montreal H2X workflow step: fix nrcan geometries in 0.088s."}
{"ts": "2026-08-24T17:02:17", "level": "INFO", "service": "gis-cities-mtl_fsa_gisoo-h2x", "env": "dev", "logger": "jug_gis_cities.mtl_fsa_gisoo.workflow", "request_id": "-", "msg": "Starting Montreal H2X workflow step: assign nrcan area field."}
{"ts": "2026-08-24T17:02:17", "level": "WARNING", "service": "gis-cities-mtl_fsa_gisoo-h2x", "env": "dev", "logger": "py.warnings", "request_id": "-", "msg": "C:\\Users\\a_adli\\docker_projects\\sabu\\libs\\citygisoo\\src\\citygisoo\\geopackage_feature_processor.py:264: DeprecationWarning: QgsField constructor is deprecated\n  return QgsField(\n"}
{"ts": "2026-08-24T17:02:17", "level": "INFO", "service": "gis-cities-mtl_fsa_gisoo-h2x", "env": "dev", "logger": "citygisoo.geopackage_feature_processor", "request_id": "-", "msg": "Assigned Python-calculated values to field nrcan_area on nrcan_fixed_H2X for 417 features."}
{"ts": "2026-08-24T17:02:17", "level": "INFO", "service": "gis-cities-mtl_fsa_gisoo-h2x", "env": "dev", "logger": "jug_gis_cities.mtl_fsa_gisoo.workflow", "request_id": "-", "msg": "Completed Montreal H2X workflow step: assign nrcan area field in 0.038s."}
{"ts": "2026-08-24T17:02:17", "level": "INFO", "service": "gis-cities-mtl_fsa_gisoo-h2x", "env": "dev", "logger": "jug_gis_cities.mtl_fsa_gisoo.workflow", "request_id": "-", "msg": "Starting Montreal H2X workflow step: fix nrcan preserved geometries."}
{"ts": "2026-08-24T17:02:17", "level": "INFO", "service": "gis-cities-mtl_fsa_gisoo-h2x", "env": "dev", "logger": "citygisoo.scrub_layer_class", "request_id": "-", "msg": "Fixed geometries for nrcan_preserved_H2X into D:/GIS/mtl_gisoo_fsa_data\\output_data\\H2X\\nrcan_preserved_fixed\\nrcan_preserved_fixed.gpkg."}
{"ts": "2026-08-24T17:02:18", "level": "INFO", "service": "gis-cities-mtl_fsa_gisoo-h2x", "env": "dev", "logger": "citygisoo.scrub_layer_class", "request_id": "-", "msg": "Loaded layer nrcan_preserved_fixed_H2X from D:/GIS/mtl_gisoo_fsa_data\\output_data\\H2X\\nrcan_preserved_fixed\\nrcan_preserved_fixed.gpkg."}
{"ts": "2026-08-24T17:02:18", "level": "INFO", "service": "gis-cities-mtl_fsa_gisoo-h2x", "env": "dev", "logger": "citygisoo.scrub_layer_class", "request_id": "-", "msg": "Creating spatial index for nrcan_preserved_fixed_H2X is completed."}
{"ts": "2026-08-24T17:02:18", "level": "INFO", "service": "gis-cities-mtl_fsa_gisoo-h2x", "env": "dev", "logger": "jug_gis_cities.mtl_fsa_gisoo.workflow", "request_id": "-", "msg": "The nrcan_preserved_fixed_H2X has 417 records."}
{"ts": "2026-08-24T17:02:18", "level": "INFO", "service": "gis-cities-mtl_fsa_gisoo-h2x", "env": "dev", "logger": "jug_gis_cities.mtl_fsa_gisoo.workflow", "request_id": "-", "msg": "Completed Montreal H2X workflow step: fix nrcan preserved geometries in 0.091s."}
{"ts": "2026-08-24T17:02:18", "level": "INFO", "service": "gis-cities-mtl_fsa_gisoo-h2x", "env": "dev", "logger": "jug_gis_cities.mtl_fsa_gisoo.workflow", "request_id": "-", "msg": "Starting Montreal H2X workflow step: assign nrcan preserved area field."}
{"ts": "2026-08-24T17:02:18", "level": "INFO", "service": "gis-cities-mtl_fsa_gisoo-h2x", "env": "dev", "logger": "citygisoo.geopackage_feature_processor", "request_id": "-", "msg": "Assigned Python-calculated values to field nrcan_area on nrcan_preserved_fixed_H2X for 417 features."}
{"ts": "2026-08-24T17:02:18", "level": "INFO", "service": "gis-cities-mtl_fsa_gisoo-h2x", "env": "dev", "logger": "jug_gis_cities.mtl_fsa_gisoo.workflow", "request_id": "-", "msg": "Completed Montreal H2X workflow step: assign nrcan preserved area field in 0.039s."}
{"ts": "2026-08-24T17:02:18", "level": "INFO", "service": "gis-cities-mtl_fsa_gisoo-h2x", "env": "dev", "logger": "jug_gis_cities.mtl_fsa_gisoo.workflow", "request_id": "-", "msg": "Starting Montreal H2X workflow step: fix usage geometries."}
{"ts": "2026-08-24T17:02:18", "level": "INFO", "service": "gis-cities-mtl_fsa_gisoo-h2x", "env": "dev", "logger": "citygisoo.scrub_layer_class", "request_id": "-", "msg": "Fixed geometries for usage_clipped_H2X into D:/GIS/mtl_gisoo_fsa_data\\output_data\\H2X\\usage_fixed\\usage_fixed.gpkg."}
{"ts": "2026-08-24T17:02:18", "level": "INFO", "service": "gis-cities-mtl_fsa_gisoo-h2x", "env": "dev", "logger": "citygisoo.scrub_layer_class", "request_id": "-", "msg": "Loaded layer usage_fixed_H2X from D:/GIS/mtl_gisoo_fsa_data\\output_data\\H2X\\usage_fixed\\usage_fixed.gpkg."}
{"ts": "2026-08-24T17:02:18", "level": "INFO", "service": "gis-cities-mtl_fsa_gisoo-h2x", "env": "dev", "logger": "citygisoo.scrub_layer_class", "request_id": "-", "msg": "Creating spatial index for usage_fixed_H2X is completed."}
{"ts": "2026-08-24T17:02:18", "level": "INFO", "service": "gis-cities-mtl_fsa_gisoo-h2x", "env": "dev", "logger": "jug_gis_cities.mtl_fsa_gisoo.workflow", "request_id": "-", "msg": "The usage_fixed_H2X has 7498 records."}
{"ts": "2026-08-24T17:02:18", "level": "INFO", "service": "gis-cities-mtl_fsa_gisoo-h2x", "env": "dev", "logger": "jug_gis_cities.mtl_fsa_gisoo.workflow", "request_id": "-", "msg": "Completed Montreal H2X workflow step: fix usage geometries in 0.524s."}
{"ts": "2026-08-24T17:02:18", "level": "INFO", "service": "gis-cities-mtl_fsa_gisoo-h2x", "env": "dev", "logger": "jug_gis_cities.mtl_fsa_gisoo.workflow", "request_id": "-", "msg": "Starting Montreal H2X workflow step: fix usage duplicate geometries."}
{"ts": "2026-08-24T17:02:19", "level": "INFO", "service": "gis-cities-mtl_fsa_gisoo-h2x", "env": "dev", "logger": "citygisoo.scrub_layer_class", "request_id": "-", "msg": "Fixed geometries for usage_dup_H2X into D:/GIS/mtl_gisoo_fsa_data\\output_data\\H2X\\usage_dup_fixed\\usage_dup_fixed.gpkg."}
{"ts": "2026-08-24T17:02:19", "level": "INFO", "service": "gis-cities-mtl_fsa_gisoo-h2x", "env": "dev", "logger": "citygisoo.scrub_layer_class", "request_id": "-", "msg": "Loaded layer usage_dup_fixed_H2X from D:/GIS/mtl_gisoo_fsa_data\\output_data\\H2X\\usage_dup_fixed\\usage_dup_fixed.gpkg."}
{"ts": "2026-08-24T17:02:19", "level": "INFO", "service": "gis-cities-mtl_fsa_gisoo-h2x", "env": "dev", "logger": "citygisoo.scrub_layer_class", "request_id": "-", "msg": "Creating spatial index for usage_dup_fixed_H2X is completed."}
{"ts": "2026-08-24T17:02:19", "level": "INFO", "service": "gis-cities-mtl_fsa_gisoo-h2x", "env": "dev", "logger": "jug_gis_cities.mtl_fsa_gisoo.workflow", "request_id": "-", "msg": "The usage_dup_fixed_H2X has 7498 records."}
{"ts": "2026-08-24T17:02:19", "level": "INFO", "service": "gis-cities-mtl_fsa_gisoo-h2x", "env": "dev", "logger": "jug_gis_cities.mtl_fsa_gisoo.workflow", "request_id": "-", "msg": "Completed Montreal H2X workflow step: fix usage duplicate geometries in 0.521s."}
{"ts": "2026-08-24T17:02:19", "level": "INFO", "service": "gis-cities-mtl_fsa_gisoo-h2x", "env": "dev", "logger": "jug_gis_cities.mtl_fsa_gisoo.workflow", "request_id": "-", "msg": "Starting Montreal H2X workflow step: extract usage records missing from roll."}
{"ts": "2026-08-24T17:02:19", "level": "INFO", "service": "gis-cities-mtl_fsa_gisoo-h2x", "env": "dev", "logger": "citygisoo.geopackage_feature_processor", "request_id": "-", "msg": "Extracted 1665 features from usage_fixed_H2X by membership of g_id_provi in roll_clipped_H2X.id_provinc."}
{"ts": "2026-08-24T17:02:19", "level": "INFO", "service": "gis-cities-mtl_fsa_gisoo-h2x", "env": "dev", "logger": "citygisoo.geopackage_feature_processor", "request_id": "-", "msg": "Wrote 1665 features from usage_fixed_H2X to D:/GIS/mtl_gisoo_fsa_data\\output_data\\H2X\\usage_margin_san\\usage_margin_san.gpkg."}
{"ts": "2026-08-24T17:02:19", "level": "INFO", "service": "gis-cities-mtl_fsa_gisoo-h2x", "env": "dev", "logger": "citygisoo.scrub_layer_class", "request_id": "-", "msg": "Loaded layer usage_margin_san_H2X from D:/GIS/mtl_gisoo_fsa_data\\output_data\\H2X\\usage_margin_san\\usage_margin_san.gpkg."}
{"ts": "2026-08-24T17:02:19", "level": "INFO", "service": "gis-cities-mtl_fsa_gisoo-h2x", "env": "dev", "logger": "citygisoo.scrub_layer_class", "request_id": "-", "msg": "Creating spatial index for usage_margin_san_H2X is completed."}
{"ts": "2026-08-24T17:02:19", "level": "INFO", "service": "gis-cities-mtl_fsa_gisoo-h2x", "env": "dev", "logger": "jug_gis_cities.mtl_fsa_gisoo.workflow", "request_id": "-", "msg": "The usage_margin_san_H2X has 1665 records."}
{"ts": "2026-08-24T17:02:19", "level": "INFO", "service": "gis-cities-mtl_fsa_gisoo-h2x", "env": "dev", "logger": "jug_gis_cities.mtl_fsa_gisoo.workflow", "request_id": "-", "msg": "Completed Montreal H2X workflow step: extract usage records missing from roll in 0.310s."}
{"ts": "2026-08-24T17:02:19", "level": "INFO", "service": "gis-cities-mtl_fsa_gisoo-h2x", "env": "dev", "logger": "jug_gis_cities.mtl_fsa_gisoo.workflow", "request_id": "-", "msg": "Starting Montreal H2X workflow step: difference usage with usage margin san."}
{"ts": "2026-08-24T17:05:02", "level": "INFO", "service": "gis-cities-mtl_fsa_gisoo-h2x", "env": "dev", "logger": "citygisoo.scrub_layer_class", "request_id": "-", "msg": "Difference of usage_clipped_H2X with overlay D:/GIS/mtl_gisoo_fsa_data\\output_data\\H2X\\usage_margin_san\\usage_margin_san.gpkg is completed into D:/GIS/mtl_gisoo_fsa_data\\output_data\\H2X\\usage_clean\\usage_clean.gpkg."}
{"ts": "2026-08-24T17:05:02", "level": "INFO", "service": "gis-cities-mtl_fsa_gisoo-h2x", "env": "dev", "logger": "citygisoo.scrub_layer_class", "request_id": "-", "msg": "Loaded layer usage_clean_H2X from D:/GIS/mtl_gisoo_fsa_data\\output_data\\H2X\\usage_clean\\usage_clean.gpkg."}
{"ts": "2026-08-24T17:05:02", "level": "INFO", "service": "gis-cities-mtl_fsa_gisoo-h2x", "env": "dev", "logger": "citygisoo.scrub_layer_class", "request_id": "-", "msg": "Creating spatial index for usage_clean_H2X is completed."}
{"ts": "2026-08-24T17:05:02", "level": "INFO", "service": "gis-cities-mtl_fsa_gisoo-h2x", "env": "dev", "logger": "jug_gis_cities.mtl_fsa_gisoo.workflow", "request_id": "-", "msg": "The usage_clean_H2X has 5614 records."}
{"ts": "2026-08-24T17:05:02", "level": "INFO", "service": "gis-cities-mtl_fsa_gisoo-h2x", "env": "dev", "logger": "jug_gis_cities.mtl_fsa_gisoo.workflow", "request_id": "-", "msg": "Completed Montreal H2X workflow step: difference usage with usage margin san in 163.161s."}
{"ts": "2026-08-24T17:05:02", "level": "INFO", "service": "gis-cities-mtl_fsa_gisoo-h2x", "env": "dev", "logger": "jug_gis_cities.mtl_fsa_gisoo.workflow", "request_id": "-", "msg": "Starting Montreal H2X workflow step: extract usage margin records with provincial id."}
{"ts": "2026-08-24T17:05:02", "level": "INFO", "service": "gis-cities-mtl_fsa_gisoo-h2x", "env": "dev", "logger": "citygisoo.geopackage_feature_processor", "request_id": "-", "msg": "Wrote 1300 features from usage_margin_san_H2X to D:/GIS/mtl_gisoo_fsa_data\\output_data\\H2X\\usage_margin\\usage_margin.gpkg."}
{"ts": "2026-08-24T17:05:02", "level": "INFO", "service": "gis-cities-mtl_fsa_gisoo-h2x", "env": "dev", "logger": "citygisoo.scrub_layer_class", "request_id": "-", "msg": "Loaded layer usage_margin_H2X from D:/GIS/mtl_gisoo_fsa_data\\output_data\\H2X\\usage_margin\\usage_margin.gpkg."}
{"ts": "2026-08-24T17:05:02", "level": "INFO", "service": "gis-cities-mtl_fsa_gisoo-h2x", "env": "dev", "logger": "citygisoo.scrub_layer_class", "request_id": "-", "msg": "Creating spatial index for usage_margin_H2X is completed."}
{"ts": "2026-08-24T17:05:02", "level": "INFO", "service": "gis-cities-mtl_fsa_gisoo-h2x", "env": "dev", "logger": "jug_gis_cities.mtl_fsa_gisoo.workflow", "request_id": "-", "msg": "The usage_margin_H2X has 1300 records."}
{"ts": "2026-08-24T17:05:02", "level": "INFO", "service": "gis-cities-mtl_fsa_gisoo-h2x", "env": "dev", "logger": "jug_gis_cities.mtl_fsa_gisoo.workflow", "request_id": "-", "msg": "Completed Montreal H2X workflow step: extract usage margin records with provincial id in 0.153s."}
{"ts": "2026-08-24T17:05:02", "level": "INFO", "service": "gis-cities-mtl_fsa_gisoo-h2x", "env": "dev", "logger": "jug_gis_cities.mtl_fsa_gisoo.workflow", "request_id": "-", "msg": "Starting Montreal H2X workflow step: assign usage margin area field."}
{"ts": "2026-08-24T17:05:02", "level": "INFO", "service": "gis-cities-mtl_fsa_gisoo-h2x", "env": "dev", "logger": "citygisoo.geopackage_feature_processor", "request_id": "-", "msg": "Assigned Python-calculated values to field area_ex on usage_margin_H2X for 1300 features."}
{"ts": "2026-08-24T17:05:02", "level": "INFO", "service": "gis-cities-mtl_fsa_gisoo-h2x", "env": "dev", "logger": "jug_gis_cities.mtl_fsa_gisoo.workflow", "request_id": "-", "msg": "Completed Montreal H2X workflow step: assign usage margin area field in 0.094s."}
{"ts": "2026-08-24T17:05:02", "level": "INFO", "service": "gis-cities-mtl_fsa_gisoo-h2x", "env": "dev", "logger": "jug_gis_cities.mtl_fsa_gisoo.workflow", "request_id": "-", "msg": "Starting Montreal H2X workflow step: extract usage-only records by area."}
{"ts": "2026-08-24T17:05:02", "level": "INFO", "service": "gis-cities-mtl_fsa_gisoo-h2x", "env": "dev", "logger": "citygisoo.geopackage_feature_processor", "request_id": "-", "msg": "Wrote 1171 features from usage_margin_H2X to D:/GIS/mtl_gisoo_fsa_data\\output_data\\H2X\\usage_only\\usage_only.gpkg."}
{"ts": "2026-08-24T17:05:02", "level": "INFO", "service": "gis-cities-mtl_fsa_gisoo-h2x", "env": "dev", "logger": "citygisoo.scrub_layer_class", "request_id": "-", "msg": "Loaded layer usage_only_H2X from D:/GIS/mtl_gisoo_fsa_data\\output_data\\H2X\\usage_only\\usage_only.gpkg."}
{"ts": "2026-08-24T17:05:02", "level": "INFO", "service": "gis-cities-mtl_fsa_gisoo-h2x", "env": "dev", "logger": "citygisoo.scrub_layer_class", "request_id": "-", "msg": "Creating spatial index for usage_only_H2X is completed."}
{"ts": "2026-08-24T17:05:02", "level": "INFO", "service": "gis-cities-mtl_fsa_gisoo-h2x", "env": "dev", "logger": "jug_gis_cities.mtl_fsa_gisoo.workflow", "request_id": "-", "msg": "The usage_only_H2X has 1171 records."}
{"ts": "2026-08-24T17:05:02", "level": "INFO", "service": "gis-cities-mtl_fsa_gisoo-h2x", "env": "dev", "logger": "jug_gis_cities.mtl_fsa_gisoo.workflow", "request_id": "-", "msg": "Completed Montreal H2X workflow step: extract usage-only records by area in 0.154s."}
{"ts": "2026-08-24T17:05:02", "level": "INFO", "service": "gis-cities-mtl_fsa_gisoo-h2x", "env": "dev", "logger": "jug_gis_cities.mtl_fsa_gisoo.workflow", "request_id": "-", "msg": "Starting Montreal H2X workflow step: extract roll records missing from usage."}
{"ts": "2026-08-24T17:05:03", "level": "INFO", "service": "gis-cities-mtl_fsa_gisoo-h2x", "env": "dev", "logger": "citygisoo.geopackage_feature_processor", "request_id": "-", "msg": "Extracted 542 features from roll_clipped_H2X by membership of id_provinc in usage_clipped_H2X.g_id_provi."}
{"ts": "2026-08-24T17:05:03", "level": "INFO", "service": "gis-cities-mtl_fsa_gisoo-h2x", "env": "dev", "logger": "citygisoo.geopackage_feature_processor", "request_id": "-", "msg": "Wrote 542 features from roll_clipped_H2X to D:/GIS/mtl_gisoo_fsa_data\\output_data\\H2X\\roll_only\\roll_only.gpkg."}
{"ts": "2026-08-24T17:05:03", "level": "INFO", "service": "gis-cities-mtl_fsa_gisoo-h2x", "env": "dev", "logger": "citygisoo.scrub_layer_class", "request_id": "-", "msg": "Loaded layer roll_only_H2X from D:/GIS/mtl_gisoo_fsa_data\\output_data\\H2X\\roll_only\\roll_only.gpkg."}
{"ts": "2026-08-24T17:05:03", "level": "INFO", "service": "gis-cities-mtl_fsa_gisoo-h2x", "env": "dev", "logger": "citygisoo.scrub_layer_class", "request_id": "-", "msg": "Creating spatial index for roll_only_H2X is completed."}
{"ts": "2026-08-24T17:05:03", "level": "INFO", "service": "gis-cities-mtl_fsa_gisoo-h2x", "env": "dev", "logger": "jug_gis_cities.mtl_fsa_gisoo.workflow", "request_id": "-", "msg": "The roll_only_H2X has 542 records."}
{"ts": "2026-08-24T17:05:03", "level": "INFO", "service": "gis-cities-mtl_fsa_gisoo-h2x", "env": "dev", "logger": "jug_gis_cities.mtl_fsa_gisoo.workflow", "request_id": "-", "msg": "Completed Montreal H2X workflow step: extract roll records missing from usage in 0.199s."}
{"ts": "2026-08-24T17:05:03", "level": "INFO", "service": "gis-cities-mtl_fsa_gisoo-h2x", "env": "dev", "logger": "jug_gis_cities.mtl_fsa_gisoo.workflow", "request_id": "-", "msg": "Starting Montreal H2X workflow step: spatial join usage with roll-only."}
{"ts": "2026-08-24T17:05:15", "level": "INFO", "service": "gis-cities-mtl_fsa_gisoo-h2x", "env": "dev", "logger": "citygisoo.scrub_layer_class", "request_id": "-", "msg": "Spatial join with input layer usage_clipped_H2X, predicate contains, method one-to-many, and prefix ro_ is completed."}
{"ts": "2026-08-24T17:05:15", "level": "INFO", "service": "gis-cities-mtl_fsa_gisoo-h2x", "env": "dev", "logger": "citygisoo.scrub_layer_class", "request_id": "-", "msg": "Loaded layer usage_roll_only_all_H2X from D:/GIS/mtl_gisoo_fsa_data\\output_data\\H2X\\usage_roll_only_all\\usage_roll_only_all.gpkg."}
{"ts": "2026-08-24T17:05:15", "level": "INFO", "service": "gis-cities-mtl_fsa_gisoo-h2x", "env": "dev", "logger": "citygisoo.scrub_layer_class", "request_id": "-", "msg": "Creating spatial index for usage_roll_only_all_H2X is completed."}
{"ts": "2026-08-24T17:05:15", "level": "INFO", "service": "gis-cities-mtl_fsa_gisoo-h2x", "env": "dev", "logger": "jug_gis_cities.mtl_fsa_gisoo.workflow", "request_id": "-", "msg": "The usage_roll_only_all_H2X has 147279 records."}
{"ts": "2026-08-24T17:05:15", "level": "INFO", "service": "gis-cities-mtl_fsa_gisoo-h2x", "env": "dev", "logger": "jug_gis_cities.mtl_fsa_gisoo.workflow", "request_id": "-", "msg": "Completed Montreal H2X workflow step: spatial join usage with roll-only in 12.681s."}
{"ts": "2026-08-24T17:05:15", "level": "INFO", "service": "gis-cities-mtl_fsa_gisoo-h2x", "env": "dev", "logger": "jug_gis_cities.mtl_fsa_gisoo.workflow", "request_id": "-", "msg": "Starting Montreal H2X workflow step: extract usage-roll-only matched records."}
{"ts": "2026-08-24T17:05:31", "level": "INFO", "service": "gis-cities-mtl_fsa_gisoo-h2x", "env": "dev", "logger": "citygisoo.geopackage_feature_processor", "request_id": "-", "msg": "Wrote 141580 features from usage_roll_only_all_H2X to D:/GIS/mtl_gisoo_fsa_data\\output_data\\H2X\\usage_roll_only\\usage_roll_only.gpkg."}
{"ts": "2026-08-24T17:05:31", "level": "INFO", "service": "gis-cities-mtl_fsa_gisoo-h2x", "env": "dev", "logger": "citygisoo.scrub_layer_class", "request_id": "-", "msg": "Loaded layer usage_roll_only_H2X from D:/GIS/mtl_gisoo_fsa_data\\output_data\\H2X\\usage_roll_only\\usage_roll_only.gpkg."}
{"ts": "2026-08-24T17:05:31", "level": "INFO", "service": "gis-cities-mtl_fsa_gisoo-h2x", "env": "dev", "logger": "citygisoo.scrub_layer_class", "request_id": "-", "msg": "Creating spatial index for usage_roll_only_H2X is completed."}
{"ts": "2026-08-24T17:05:31", "level": "INFO", "service": "gis-cities-mtl_fsa_gisoo-h2x", "env": "dev", "logger": "jug_gis_cities.mtl_fsa_gisoo.workflow", "request_id": "-", "msg": "The usage_roll_only_H2X has 141580 records."}
{"ts": "2026-08-24T17:05:31", "level": "INFO", "service": "gis-cities-mtl_fsa_gisoo-h2x", "env": "dev", "logger": "jug_gis_cities.mtl_fsa_gisoo.workflow", "request_id": "-", "msg": "Completed Montreal H2X workflow step: extract usage-roll-only matched records in 15.663s."}
{"ts": "2026-08-24T17:05:31", "level": "INFO", "service": "gis-cities-mtl_fsa_gisoo-h2x", "env": "dev", "logger": "jug_gis_cities.mtl_fsa_gisoo.workflow", "request_id": "-", "msg": "Starting Montreal H2X workflow step: extract unique usage-roll-only records."}
{"ts": "2026-08-24T17:05:33", "level": "INFO", "service": "gis-cities-mtl_fsa_gisoo-h2x", "env": "dev", "logger": "citygisoo.geopackage_feature_processor", "request_id": "-", "msg": "Wrote 542 features from usage_roll_only_H2X to D:/GIS/mtl_gisoo_fsa_data\\output_data\\H2X\\usage_roll_only_unique\\usage_roll_only_unique.gpkg."}
{"ts": "2026-08-24T17:05:33", "level": "INFO", "service": "gis-cities-mtl_fsa_gisoo-h2x", "env": "dev", "logger": "citygisoo.scrub_layer_class", "request_id": "-", "msg": "Loaded layer usage_roll_only_unique_H2X from D:/GIS/mtl_gisoo_fsa_data\\output_data\\H2X\\usage_roll_only_unique\\usage_roll_only_unique.gpkg."}
{"ts": "2026-08-24T17:05:33", "level": "INFO", "service": "gis-cities-mtl_fsa_gisoo-h2x", "env": "dev", "logger": "citygisoo.scrub_layer_class", "request_id": "-", "msg": "Creating spatial index for usage_roll_only_unique_H2X is completed."}
{"ts": "2026-08-24T17:05:33", "level": "INFO", "service": "gis-cities-mtl_fsa_gisoo-h2x", "env": "dev", "logger": "jug_gis_cities.mtl_fsa_gisoo.workflow", "request_id": "-", "msg": "The usage_roll_only_unique_H2X has 542 records."}
{"ts": "2026-08-24T17:05:33", "level": "INFO", "service": "gis-cities-mtl_fsa_gisoo-h2x", "env": "dev", "logger": "jug_gis_cities.mtl_fsa_gisoo.workflow", "request_id": "-", "msg": "Completed Montreal H2X workflow step: extract unique usage-roll-only records in 2.363s."}
{"ts": "2026-08-24T17:05:33", "level": "INFO", "service": "gis-cities-mtl_fsa_gisoo-h2x", "env": "dev", "logger": "jug_gis_cities.mtl_fsa_gisoo.workflow", "request_id": "-", "msg": "Starting Montreal H2X workflow step: difference roll with roll-only."}
{"ts": "2026-08-24T17:05:36", "level": "INFO", "service": "gis-cities-mtl_fsa_gisoo-h2x", "env": "dev", "logger": "citygisoo.scrub_layer_class", "request_id": "-", "msg": "Difference of roll_clipped_H2X with overlay D:/GIS/mtl_gisoo_fsa_data\\output_data\\H2X\\roll_only\\roll_only.gpkg is completed into D:/GIS/mtl_gisoo_fsa_data\\output_data\\H2X\\roll_clean\\roll_clean.gpkg."}
{"ts": "2026-08-24T17:05:36", "level": "INFO", "service": "gis-cities-mtl_fsa_gisoo-h2x", "env": "dev", "logger": "citygisoo.scrub_layer_class", "request_id": "-", "msg": "Loaded layer roll_clean_H2X from D:/GIS/mtl_gisoo_fsa_data\\output_data\\H2X\\roll_clean\\roll_clean.gpkg."}
{"ts": "2026-08-24T17:05:37", "level": "INFO", "service": "gis-cities-mtl_fsa_gisoo-h2x", "env": "dev", "logger": "citygisoo.scrub_layer_class", "request_id": "-", "msg": "Creating spatial index for roll_clean_H2X is completed."}
{"ts": "2026-08-24T17:05:37", "level": "INFO", "service": "gis-cities-mtl_fsa_gisoo-h2x", "env": "dev", "logger": "jug_gis_cities.mtl_fsa_gisoo.workflow", "request_id": "-", "msg": "The roll_clean_H2X has 6229 records."}
{"ts": "2026-08-24T17:05:37", "level": "INFO", "service": "gis-cities-mtl_fsa_gisoo-h2x", "env": "dev", "logger": "jug_gis_cities.mtl_fsa_gisoo.workflow", "request_id": "-", "msg": "Completed Montreal H2X workflow step: difference roll with roll-only in 3.127s."}
{"ts": "2026-08-24T17:05:37", "level": "INFO", "service": "gis-cities-mtl_fsa_gisoo-h2x", "env": "dev", "logger": "jug_gis_cities.mtl_fsa_gisoo.workflow", "request_id": "-", "msg": "Starting Montreal H2X workflow step: duplicate roll provincial id field."}
{"ts": "2026-08-24T17:05:37", "level": "WARNING", "service": "gis-cities-mtl_fsa_gisoo-h2x", "env": "dev", "logger": "py.warnings", "request_id": "-", "msg": "C:\\Users\\a_adli\\docker_projects\\sabu\\libs\\citygisoo\\src\\citygisoo\\scrub_layer_class.py:1310: DeprecationWarning: QgsField constructor is deprecated\n  new_field = QgsField(target_field, QVariant.String, len=field_length)\n"}
{"ts": "2026-08-24T17:05:37", "level": "INFO", "service": "gis-cities-mtl_fsa_gisoo-h2x", "env": "dev", "logger": "citygisoo.scrub_layer_class", "request_id": "-", "msg": "Copied 6229 values from id_provinc to text field r_id_provinc on roll_clean_H2X."}
{"ts": "2026-08-24T17:05:37", "level": "INFO", "service": "gis-cities-mtl_fsa_gisoo-h2x", "env": "dev", "logger": "jug_gis_cities.mtl_fsa_gisoo.workflow", "request_id": "-", "msg": "Completed Montreal H2X workflow step: duplicate roll provincial id field in 0.203s."}
{"ts": "2026-08-24T17:05:37", "level": "INFO", "service": "gis-cities-mtl_fsa_gisoo-h2x", "env": "dev", "logger": "jug_gis_cities.mtl_fsa_gisoo.workflow", "request_id": "-", "msg": "Starting Montreal H2X workflow step: join usage clean with roll clean."}
{"ts": "2026-08-24T17:05:37", "level": "INFO", "service": "gis-cities-mtl_fsa_gisoo-h2x", "env": "dev", "logger": "citygisoo.scrub_layer_class", "request_id": "-", "msg": "Field join of usage_clean_H2X with input layer roll_clean_H2X is completed."}
{"ts": "2026-08-24T17:05:37", "level": "INFO", "service": "gis-cities-mtl_fsa_gisoo-h2x", "env": "dev", "logger": "citygisoo.scrub_layer_class", "request_id": "-", "msg": "Loaded layer usage_roll_H2X from D:/GIS/mtl_gisoo_fsa_data\\output_data\\H2X\\usage_roll\\usage_roll.gpkg."}
{"ts": "2026-08-24T17:05:37", "level": "INFO", "service": "gis-cities-mtl_fsa_gisoo-h2x", "env": "dev", "logger": "citygisoo.scrub_layer_class", "request_id": "-", "msg": "Creating spatial index for usage_roll_H2X is completed."}
{"ts": "2026-08-24T17:05:37", "level": "INFO", "service": "gis-cities-mtl_fsa_gisoo-h2x", "env": "dev", "logger": "jug_gis_cities.mtl_fsa_gisoo.workflow", "request_id": "-", "msg": "The usage_roll_H2X has 5614 records."}
{"ts": "2026-08-24T17:05:37", "level": "INFO", "service": "gis-cities-mtl_fsa_gisoo-h2x", "env": "dev", "logger": "jug_gis_cities.mtl_fsa_gisoo.workflow", "request_id": "-", "msg": "Completed Montreal H2X workflow step: join usage clean with roll clean in 0.506s."}
{"ts": "2026-08-24T17:05:37", "level": "INFO", "service": "gis-cities-mtl_fsa_gisoo-h2x", "env": "dev", "logger": "jug_gis_cities.mtl_fsa_gisoo.workflow", "request_id": "-", "msg": "Starting Montreal H2X workflow step: merge usage roll layers."}
{"ts": "2026-08-24T17:05:38", "level": "INFO", "service": "gis-cities-mtl_fsa_gisoo-h2x", "env": "dev", "logger": "citygisoo.scrub_layer_class", "request_id": "-", "msg": "Merged 3 explicit layers into D:/GIS/mtl_gisoo_fsa_data\\output_data\\H2X\\usage_roll_all\\usage_roll_all.gpkg."}
{"ts": "2026-08-24T17:05:38", "level": "INFO", "service": "gis-cities-mtl_fsa_gisoo-h2x", "env": "dev", "logger": "citygisoo.scrub_layer_class", "request_id": "-", "msg": "Loaded layer usage_roll_all_H2X from D:/GIS/mtl_gisoo_fsa_data\\output_data\\H2X\\usage_roll_all\\usage_roll_all.gpkg."}
{"ts": "2026-08-24T17:05:38", "level": "INFO", "service": "gis-cities-mtl_fsa_gisoo-h2x", "env": "dev", "logger": "citygisoo.scrub_layer_class", "request_id": "-", "msg": "Creating spatial index for usage_roll_all_H2X is completed."}
{"ts": "2026-08-24T17:05:38", "level": "INFO", "service": "gis-cities-mtl_fsa_gisoo-h2x", "env": "dev", "logger": "jug_gis_cities.mtl_fsa_gisoo.workflow", "request_id": "-", "msg": "The usage_roll_all_H2X has 7327 records."}
{"ts": "2026-08-24T17:05:38", "level": "INFO", "service": "gis-cities-mtl_fsa_gisoo-h2x", "env": "dev", "logger": "jug_gis_cities.mtl_fsa_gisoo.workflow", "request_id": "-", "msg": "Completed Montreal H2X workflow step: merge usage roll layers in 1.237s."}
{"ts": "2026-08-24T17:05:38", "level": "INFO", "service": "gis-cities-mtl_fsa_gisoo-h2x", "env": "dev", "logger": "jug_gis_cities.mtl_fsa_gisoo.workflow", "request_id": "-", "msg": "Starting Montreal H2X workflow step: assign usage roll uuid field."}
{"ts": "2026-08-24T17:05:44", "level": "INFO", "service": "gis-cities-mtl_fsa_gisoo-h2x", "env": "dev", "logger": "citygisoo.scrub_layer_class", "request_id": "-", "msg": "Assigned expression values to field usage_roll_id on usage_roll_all_H2X for 7327 features."}
{"ts": "2026-08-24T17:05:44", "level": "INFO", "service": "gis-cities-mtl_fsa_gisoo-h2x", "env": "dev", "logger": "jug_gis_cities.mtl_fsa_gisoo.workflow", "request_id": "-", "msg": "Completed Montreal H2X workflow step: assign usage roll uuid field in 5.286s."}
{"ts": "2026-08-24T17:05:44", "level": "INFO", "service": "gis-cities-mtl_fsa_gisoo-h2x", "env": "dev", "logger": "jug_gis_cities.mtl_fsa_gisoo.workflow", "request_id": "-", "msg": "Starting Montreal H2X workflow step: delete duplicate usage geometries."}
{"ts": "2026-08-24T17:05:44", "level": "INFO", "service": "gis-cities-mtl_fsa_gisoo-h2x", "env": "dev", "logger": "citygisoo.scrub_layer_class", "request_id": "-", "msg": "Deleted duplicate geometries from usage_dup_fixed_H2X into D:/GIS/mtl_gisoo_fsa_data\\output_data\\H2X\\usage_dup_clean\\usage_dup_clean.gpkg."}
{"ts": "2026-08-24T17:05:45", "level": "INFO", "service": "gis-cities-mtl_fsa_gisoo-h2x", "env": "dev", "logger": "citygisoo.scrub_layer_class", "request_id": "-", "msg": "Loaded layer usage_dup_clean_H2X from D:/GIS/mtl_gisoo_fsa_data\\output_data\\H2X\\usage_dup_clean\\usage_dup_clean.gpkg."}
{"ts": "2026-08-24T17:05:45", "level": "INFO", "service": "gis-cities-mtl_fsa_gisoo-h2x", "env": "dev", "logger": "citygisoo.scrub_layer_class", "request_id": "-", "msg": "Creating spatial index for usage_dup_clean_H2X is completed."}
{"ts": "2026-08-24T17:05:45", "level": "INFO", "service": "gis-cities-mtl_fsa_gisoo-h2x", "env": "dev", "logger": "jug_gis_cities.mtl_fsa_gisoo.workflow", "request_id": "-", "msg": "The usage_dup_clean_H2X has 2140 records."}
{"ts": "2026-08-24T17:05:45", "level": "INFO", "service": "gis-cities-mtl_fsa_gisoo-h2x", "env": "dev", "logger": "jug_gis_cities.mtl_fsa_gisoo.workflow", "request_id": "-", "msg": "Completed Montreal H2X workflow step: delete duplicate usage geometries in 0.798s."}
{"ts": "2026-08-24T17:05:45", "level": "INFO", "service": "gis-cities-mtl_fsa_gisoo-h2x", "env": "dev", "logger": "jug_gis_cities.mtl_fsa_gisoo.workflow", "request_id": "-", "msg": "Starting Montreal H2X workflow step: intersect nrcan with clean usage duplicate."}
{"ts": "2026-08-24T17:05:47", "level": "INFO", "service": "gis-cities-mtl_fsa_gisoo-h2x", "env": "dev", "logger": "citygisoo.scrub_layer_class", "request_id": "-", "msg": "Intersection of nrcan_fixed_H2X with overlay D:/GIS/mtl_gisoo_fsa_data\\output_data\\H2X\\usage_dup_clean\\usage_dup_clean.gpkg is completed into D:/GIS/mtl_gisoo_fsa_data\\output_data\\H2X\\inter_nrcan\\inter_nrcan.gpkg."}
{"ts": "2026-08-24T17:05:47", "level": "INFO", "service": "gis-cities-mtl_fsa_gisoo-h2x", "env": "dev", "logger": "citygisoo.scrub_layer_class", "request_id": "-", "msg": "Loaded layer inter_nrcan_H2X from D:/GIS/mtl_gisoo_fsa_data\\output_data\\H2X\\inter_nrcan\\inter_nrcan.gpkg."}
{"ts": "2026-08-24T17:05:48", "level": "INFO", "service": "gis-cities-mtl_fsa_gisoo-h2x", "env": "dev", "logger": "citygisoo.scrub_layer_class", "request_id": "-", "msg": "Creating spatial index for inter_nrcan_H2X is completed."}
{"ts": "2026-08-24T17:05:48", "level": "INFO", "service": "gis-cities-mtl_fsa_gisoo-h2x", "env": "dev", "logger": "jug_gis_cities.mtl_fsa_gisoo.workflow", "request_id": "-", "msg": "The inter_nrcan_H2X has 2674 records."}
{"ts": "2026-08-24T17:05:48", "level": "INFO", "service": "gis-cities-mtl_fsa_gisoo-h2x", "env": "dev", "logger": "jug_gis_cities.mtl_fsa_gisoo.workflow", "request_id": "-", "msg": "Completed Montreal H2X workflow step: intersect nrcan with clean usage duplicate in 2.965s."}
{"ts": "2026-08-24T17:05:48", "level": "INFO", "service": "gis-cities-mtl_fsa_gisoo-h2x", "env": "dev", "logger": "jug_gis_cities.mtl_fsa_gisoo.workflow", "request_id": "-", "msg": "Starting Montreal H2X workflow step: assign inter nrcan area field."}
{"ts": "2026-08-24T17:05:48", "level": "INFO", "service": "gis-cities-mtl_fsa_gisoo-h2x", "env": "dev", "logger": "citygisoo.geopackage_feature_processor", "request_id": "-", "msg": "Assigned Python-calculated values to field inter_area on inter_nrcan_H2X for 2674 features."}
{"ts": "2026-08-24T17:05:48", "level": "INFO", "service": "gis-cities-mtl_fsa_gisoo-h2x", "env": "dev", "logger": "jug_gis_cities.mtl_fsa_gisoo.workflow", "request_id": "-", "msg": "Completed Montreal H2X workflow step: assign inter nrcan area field in 0.141s."}
{"ts": "2026-08-24T17:05:48", "level": "INFO", "service": "gis-cities-mtl_fsa_gisoo-h2x", "env": "dev", "logger": "jug_gis_cities.mtl_fsa_gisoo.workflow", "request_id": "-", "msg": "Starting Montreal H2X workflow step: assign inter nrcan area ratio field."}
{"ts": "2026-08-24T17:05:48", "level": "INFO", "service": "gis-cities-mtl_fsa_gisoo-h2x", "env": "dev", "logger": "citygisoo.geopackage_feature_processor", "request_id": "-", "msg": "Assigned Python-calculated values to field area_ratio on inter_nrcan_H2X for 2674 features."}
{"ts": "2026-08-24T17:05:48", "level": "INFO", "service": "gis-cities-mtl_fsa_gisoo-h2x", "env": "dev", "logger": "jug_gis_cities.mtl_fsa_gisoo.workflow", "request_id": "-", "msg": "Completed Montreal H2X workflow step: assign inter nrcan area ratio field in 0.123s."}
{"ts": "2026-08-24T17:05:48", "level": "INFO", "service": "gis-cities-mtl_fsa_gisoo-h2x", "env": "dev", "logger": "jug_gis_cities.mtl_fsa_gisoo.workflow", "request_id": "-", "msg": "Starting Montreal H2X workflow step: summarize inter nrcan by nrcan id."}
{"ts": "2026-08-24T17:05:48", "level": "INFO", "service": "gis-cities-mtl_fsa_gisoo-h2x", "env": "dev", "logger": "citygisoo.scrub_layer_class", "request_id": "-", "msg": "Loaded layer inter_summary_H2X from D:/GIS/mtl_gisoo_fsa_data\\output_data\\H2X\\inter_summary\\inter_summary.gpkg."}
{"ts": "2026-08-24T17:05:48", "level": "INFO", "service": "gis-cities-mtl_fsa_gisoo-h2x", "env": "dev", "logger": "citygisoo.scrub_layer_class", "request_id": "-", "msg": "Creating spatial index for inter_summary_H2X is completed."}
{"ts": "2026-08-24T17:05:48", "level": "INFO", "service": "gis-cities-mtl_fsa_gisoo-h2x", "env": "dev", "logger": "jug_gis_cities.mtl_fsa_gisoo.workflow", "request_id": "-", "msg": "The inter_summary_H2X has 417 records."}
{"ts": "2026-08-24T17:05:48", "level": "INFO", "service": "gis-cities-mtl_fsa_gisoo-h2x", "env": "dev", "logger": "jug_gis_cities.mtl_fsa_gisoo.workflow", "request_id": "-", "msg": "Completed Montreal H2X workflow step: summarize inter nrcan by nrcan id in 0.159s."}
{"ts": "2026-08-24T17:05:48", "level": "INFO", "service": "gis-cities-mtl_fsa_gisoo-h2x", "env": "dev", "logger": "jug_gis_cities.mtl_fsa_gisoo.workflow", "request_id": "-", "msg": "Starting Montreal H2X workflow step: assign inter summary restore group field."}
{"ts": "2026-08-24T17:05:48", "level": "INFO", "service": "gis-cities-mtl_fsa_gisoo-h2x", "env": "dev", "logger": "citygisoo.scrub_layer_class", "request_id": "-", "msg": "Assigned expression values to field restore_group on inter_summary_H2X for 417 features."}
{"ts": "2026-08-24T17:05:48", "level": "INFO", "service": "gis-cities-mtl_fsa_gisoo-h2x", "env": "dev", "logger": "jug_gis_cities.mtl_fsa_gisoo.workflow", "request_id": "-", "msg": "Completed Montreal H2X workflow step: assign inter summary restore group field in 0.092s."}
{"ts": "2026-08-24T17:05:48", "level": "INFO", "service": "gis-cities-mtl_fsa_gisoo-h2x", "env": "dev", "logger": "jug_gis_cities.mtl_fsa_gisoo.workflow", "request_id": "-", "msg": "Starting Montreal H2X workflow step: assign inter summary restore reason field."}
{"ts": "2026-08-24T17:05:48", "level": "INFO", "service": "gis-cities-mtl_fsa_gisoo-h2x", "env": "dev", "logger": "citygisoo.scrub_layer_class", "request_id": "-", "msg": "Assigned expression values to field restore_reason on inter_summary_H2X for 417 features."}
{"ts": "2026-08-24T17:05:48", "level": "INFO", "service": "gis-cities-mtl_fsa_gisoo-h2x", "env": "dev", "logger": "jug_gis_cities.mtl_fsa_gisoo.workflow", "request_id": "-", "msg": "Completed Montreal H2X workflow step: assign inter summary restore reason field in 0.099s."}
{"ts": "2026-08-24T17:05:48", "level": "INFO", "service": "gis-cities-mtl_fsa_gisoo-h2x", "env": "dev", "logger": "jug_gis_cities.mtl_fsa_gisoo.workflow", "request_id": "-", "msg": "Starting Montreal H2X workflow step: join inter summary with inter nrcan."}
{"ts": "2026-08-24T17:05:48", "level": "INFO", "service": "gis-cities-mtl_fsa_gisoo-h2x", "env": "dev", "logger": "citygisoo.scrub_layer_class", "request_id": "-", "msg": "Field join of inter_nrcan_H2X with input layer inter_summary_H2X is completed."}
{"ts": "2026-08-24T17:05:48", "level": "INFO", "service": "gis-cities-mtl_fsa_gisoo-h2x", "env": "dev", "logger": "citygisoo.scrub_layer_class", "request_id": "-", "msg": "Loaded layer summary_joined_H2X from D:/GIS/mtl_gisoo_fsa_data\\output_data\\H2X\\summary_joined\\summary_joined.gpkg."}
{"ts": "2026-08-24T17:05:48", "level": "INFO", "service": "gis-cities-mtl_fsa_gisoo-h2x", "env": "dev", "logger": "citygisoo.scrub_layer_class", "request_id": "-", "msg": "Creating spatial index for summary_joined_H2X is completed."}
{"ts": "2026-08-24T17:05:48", "level": "INFO", "service": "gis-cities-mtl_fsa_gisoo-h2x", "env": "dev", "logger": "jug_gis_cities.mtl_fsa_gisoo.workflow", "request_id": "-", "msg": "The summary_joined_H2X has 2674 records."}
{"ts": "2026-08-24T17:05:48", "level": "INFO", "service": "gis-cities-mtl_fsa_gisoo-h2x", "env": "dev", "logger": "jug_gis_cities.mtl_fsa_gisoo.workflow", "request_id": "-", "msg": "Completed Montreal H2X workflow step: join inter summary with inter nrcan in 0.214s."}
{"ts": "2026-08-24T17:05:48", "level": "INFO", "service": "gis-cities-mtl_fsa_gisoo-h2x", "env": "dev", "logger": "jug_gis_cities.mtl_fsa_gisoo.workflow", "request_id": "-", "msg": "Starting Montreal H2X workflow step: extract kept summary joined records."}
{"ts": "2026-08-24T17:05:49", "level": "INFO", "service": "gis-cities-mtl_fsa_gisoo-h2x", "env": "dev", "logger": "citygisoo.geopackage_feature_processor", "request_id": "-", "msg": "Wrote 2233 features from summary_joined_H2X to D:/GIS/mtl_gisoo_fsa_data\\output_data\\H2X\\inter_kept\\inter_kept.gpkg."}
{"ts": "2026-08-24T17:05:49", "level": "INFO", "service": "gis-cities-mtl_fsa_gisoo-h2x", "env": "dev", "logger": "citygisoo.scrub_layer_class", "request_id": "-", "msg": "Loaded layer inter_kept_H2X from D:/GIS/mtl_gisoo_fsa_data\\output_data\\H2X\\inter_kept\\inter_kept.gpkg."}
{"ts": "2026-08-24T17:05:49", "level": "INFO", "service": "gis-cities-mtl_fsa_gisoo-h2x", "env": "dev", "logger": "citygisoo.scrub_layer_class", "request_id": "-", "msg": "Creating spatial index for inter_kept_H2X is completed."}
{"ts": "2026-08-24T17:05:49", "level": "INFO", "service": "gis-cities-mtl_fsa_gisoo-h2x", "env": "dev", "logger": "jug_gis_cities.mtl_fsa_gisoo.workflow", "request_id": "-", "msg": "The inter_kept_H2X has 2233 records."}
{"ts": "2026-08-24T17:05:49", "level": "INFO", "service": "gis-cities-mtl_fsa_gisoo-h2x", "env": "dev", "logger": "jug_gis_cities.mtl_fsa_gisoo.workflow", "request_id": "-", "msg": "Completed Montreal H2X workflow step: extract kept summary joined records in 0.251s."}
{"ts": "2026-08-24T17:05:49", "level": "INFO", "service": "gis-cities-mtl_fsa_gisoo-h2x", "env": "dev", "logger": "jug_gis_cities.mtl_fsa_gisoo.workflow", "request_id": "-", "msg": "Starting Montreal H2X workflow step: join nrcan with inter summary."}
{"ts": "2026-08-24T17:05:49", "level": "INFO", "service": "gis-cities-mtl_fsa_gisoo-h2x", "env": "dev", "logger": "citygisoo.scrub_layer_class", "request_id": "-", "msg": "Field join of nrcan_preserved_fixed_H2X with input layer inter_summary_H2X is completed."}
{"ts": "2026-08-24T17:05:49", "level": "INFO", "service": "gis-cities-mtl_fsa_gisoo-h2x", "env": "dev", "logger": "citygisoo.scrub_layer_class", "request_id": "-", "msg": "Loaded layer nrcan_joined_summary_H2X from D:/GIS/mtl_gisoo_fsa_data\\output_data\\H2X\\nrcan_joined_summary\\nrcan_joined_summary.gpkg."}
{"ts": "2026-08-24T17:05:49", "level": "INFO", "service": "gis-cities-mtl_fsa_gisoo-h2x", "env": "dev", "logger": "citygisoo.scrub_layer_class", "request_id": "-", "msg": "Creating spatial index for nrcan_joined_summary_H2X is completed."}
{"ts": "2026-08-24T17:05:49", "level": "INFO", "service": "gis-cities-mtl_fsa_gisoo-h2x", "env": "dev", "logger": "jug_gis_cities.mtl_fsa_gisoo.workflow", "request_id": "-", "msg": "The nrcan_joined_summary_H2X has 417 records."}
{"ts": "2026-08-24T17:05:49", "level": "INFO", "service": "gis-cities-mtl_fsa_gisoo-h2x", "env": "dev", "logger": "jug_gis_cities.mtl_fsa_gisoo.workflow", "request_id": "-", "msg": "Completed Montreal H2X workflow step: join nrcan with inter summary in 0.102s."}
{"ts": "2026-08-24T17:05:49", "level": "INFO", "service": "gis-cities-mtl_fsa_gisoo-h2x", "env": "dev", "logger": "jug_gis_cities.mtl_fsa_gisoo.workflow", "request_id": "-", "msg": "Starting Montreal H2X workflow step: extract nrcan restored records."}
{"ts": "2026-08-24T17:05:49", "level": "INFO", "service": "gis-cities-mtl_fsa_gisoo-h2x", "env": "dev", "logger": "citygisoo.geopackage_feature_processor", "request_id": "-", "msg": "Wrote 129 features from nrcan_joined_summary_H2X to D:/GIS/mtl_gisoo_fsa_data\\output_data\\H2X\\nrcan_restored\\nrcan_restored.gpkg."}
{"ts": "2026-08-24T17:05:49", "level": "INFO", "service": "gis-cities-mtl_fsa_gisoo-h2x", "env": "dev", "logger": "citygisoo.scrub_layer_class", "request_id": "-", "msg": "Loaded layer nrcan_restored_H2X from D:/GIS/mtl_gisoo_fsa_data\\output_data\\H2X\\nrcan_restored\\nrcan_restored.gpkg."}
{"ts": "2026-08-24T17:05:49", "level": "INFO", "service": "gis-cities-mtl_fsa_gisoo-h2x", "env": "dev", "logger": "citygisoo.scrub_layer_class", "request_id": "-", "msg": "Creating spatial index for nrcan_restored_H2X is completed."}
{"ts": "2026-08-24T17:05:49", "level": "INFO", "service": "gis-cities-mtl_fsa_gisoo-h2x", "env": "dev", "logger": "jug_gis_cities.mtl_fsa_gisoo.workflow", "request_id": "-", "msg": "The nrcan_restored_H2X has 129 records."}
{"ts": "2026-08-24T17:05:49", "level": "INFO", "service": "gis-cities-mtl_fsa_gisoo-h2x", "env": "dev", "logger": "jug_gis_cities.mtl_fsa_gisoo.workflow", "request_id": "-", "msg": "Completed Montreal H2X workflow step: extract nrcan restored records in 0.076s."}
{"ts": "2026-08-24T17:05:49", "level": "INFO", "service": "gis-cities-mtl_fsa_gisoo-h2x", "env": "dev", "logger": "jug_gis_cities.mtl_fsa_gisoo.workflow", "request_id": "-", "msg": "Starting Montreal H2X workflow step: extract dominant summary joined parts."}
{"ts": "2026-08-24T17:05:49", "level": "INFO", "service": "gis-cities-mtl_fsa_gisoo-h2x", "env": "dev", "logger": "citygisoo.geopackage_feature_processor", "request_id": "-", "msg": "Wrote 155 features from summary_joined_H2X to D:/GIS/mtl_gisoo_fsa_data\\output_data\\H2X\\dominant_parts\\dominant_parts.gpkg."}
{"ts": "2026-08-24T17:05:49", "level": "INFO", "service": "gis-cities-mtl_fsa_gisoo-h2x", "env": "dev", "logger": "citygisoo.scrub_layer_class", "request_id": "-", "msg": "Loaded layer dominant_parts_H2X from D:/GIS/mtl_gisoo_fsa_data\\output_data\\H2X\\dominant_parts\\dominant_parts.gpkg."}
{"ts": "2026-08-24T17:05:49", "level": "INFO", "service": "gis-cities-mtl_fsa_gisoo-h2x", "env": "dev", "logger": "citygisoo.scrub_layer_class", "request_id": "-", "msg": "Creating spatial index for dominant_parts_H2X is completed."}
{"ts": "2026-08-24T17:05:49", "level": "INFO", "service": "gis-cities-mtl_fsa_gisoo-h2x", "env": "dev", "logger": "jug_gis_cities.mtl_fsa_gisoo.workflow", "request_id": "-", "msg": "The dominant_parts_H2X has 155 records."}
{"ts": "2026-08-24T17:05:49", "level": "INFO", "service": "gis-cities-mtl_fsa_gisoo-h2x", "env": "dev", "logger": "jug_gis_cities.mtl_fsa_gisoo.workflow", "request_id": "-", "msg": "Completed Montreal H2X workflow step: extract dominant summary joined parts in 0.121s."}
{"ts": "2026-08-24T17:05:49", "level": "INFO", "service": "gis-cities-mtl_fsa_gisoo-h2x", "env": "dev", "logger": "jug_gis_cities.mtl_fsa_gisoo.workflow", "request_id": "-", "msg": "Starting Montreal H2X workflow step: join nrcan restored with dominant usage id."}
{"ts": "2026-08-24T17:05:49", "level": "INFO", "service": "gis-cities-mtl_fsa_gisoo-h2x", "env": "dev", "logger": "citygisoo.scrub_layer_class", "request_id": "-", "msg": "Field join of nrcan_restored_H2X with input layer dominant_parts_H2X is completed."}
{"ts": "2026-08-24T17:05:49", "level": "INFO", "service": "gis-cities-mtl_fsa_gisoo-h2x", "env": "dev", "logger": "citygisoo.scrub_layer_class", "request_id": "-", "msg": "Loaded layer nrcan_restored_with_usage_id_H2X from D:/GIS/mtl_gisoo_fsa_data\\output_data\\H2X\\nrcan_restored_with_usage_id\\nrcan_restored_with_usage_id.gpkg."}
{"ts": "2026-08-24T17:05:49", "level": "INFO", "service": "gis-cities-mtl_fsa_gisoo-h2x", "env": "dev", "logger": "citygisoo.scrub_layer_class", "request_id": "-", "msg": "Creating spatial index for nrcan_restored_with_usage_id_H2X is completed."}
{"ts": "2026-08-24T17:05:49", "level": "INFO", "service": "gis-cities-mtl_fsa_gisoo-h2x", "env": "dev", "logger": "jug_gis_cities.mtl_fsa_gisoo.workflow", "request_id": "-", "msg": "The nrcan_restored_with_usage_id_H2X has 129 records."}
{"ts": "2026-08-24T17:05:49", "level": "INFO", "service": "gis-cities-mtl_fsa_gisoo-h2x", "env": "dev", "logger": "jug_gis_cities.mtl_fsa_gisoo.workflow", "request_id": "-", "msg": "Completed Montreal H2X workflow step: join nrcan restored with dominant usage id in 0.096s."}
{"ts": "2026-08-24T17:05:49", "level": "INFO", "service": "gis-cities-mtl_fsa_gisoo-h2x", "env": "dev", "logger": "jug_gis_cities.mtl_fsa_gisoo.workflow", "request_id": "-", "msg": "Starting Montreal H2X workflow step: merge kept and restored nrcan intersections."}
{"ts": "2026-08-24T17:05:49", "level": "INFO", "service": "gis-cities-mtl_fsa_gisoo-h2x", "env": "dev", "logger": "citygisoo.scrub_layer_class", "request_id": "-", "msg": "Merged 2 explicit layers into D:/GIS/mtl_gisoo_fsa_data\\output_data\\H2X\\nrcan_intersected\\nrcan_intersected.gpkg."}
{"ts": "2026-08-24T17:05:49", "level": "INFO", "service": "gis-cities-mtl_fsa_gisoo-h2x", "env": "dev", "logger": "citygisoo.scrub_layer_class", "request_id": "-", "msg": "Loaded layer c_nrcan_intersected_H2X from D:/GIS/mtl_gisoo_fsa_data\\output_data\\H2X\\nrcan_intersected\\nrcan_intersected.gpkg."}
{"ts": "2026-08-24T17:05:49", "level": "INFO", "service": "gis-cities-mtl_fsa_gisoo-h2x", "env": "dev", "logger": "citygisoo.scrub_layer_class", "request_id": "-", "msg": "Creating spatial index for c_nrcan_intersected_H2X is completed."}
{"ts": "2026-08-24T17:05:49", "level": "INFO", "service": "gis-cities-mtl_fsa_gisoo-h2x", "env": "dev", "logger": "jug_gis_cities.mtl_fsa_gisoo.workflow", "request_id": "-", "msg": "The c_nrcan_intersected_H2X has 2362 records."}
{"ts": "2026-08-24T17:05:49", "level": "INFO", "service": "gis-cities-mtl_fsa_gisoo-h2x", "env": "dev", "logger": "jug_gis_cities.mtl_fsa_gisoo.workflow", "request_id": "-", "msg": "Completed Montreal H2X workflow step: merge kept and restored nrcan intersections in 0.218s."}
{"ts": "2026-08-24T17:05:49", "level": "INFO", "service": "gis-cities-mtl_fsa_gisoo-h2x", "env": "dev", "logger": "jug_gis_cities.mtl_fsa_gisoo.workflow", "request_id": "-", "msg": "Starting Montreal H2X workflow step: assign nrcan intersected uuid field."}
{"ts": "2026-08-24T17:05:50", "level": "INFO", "service": "gis-cities-mtl_fsa_gisoo-h2x", "env": "dev", "logger": "citygisoo.scrub_layer_class", "request_id": "-", "msg": "Assigned expression values to field nrcan_in_id on c_nrcan_intersected_H2X for 2362 features."}
{"ts": "2026-08-24T17:05:50", "level": "INFO", "service": "gis-cities-mtl_fsa_gisoo-h2x", "env": "dev", "logger": "jug_gis_cities.mtl_fsa_gisoo.workflow", "request_id": "-", "msg": "Completed Montreal H2X workflow step: assign nrcan intersected uuid field in 1.001s."}
{"ts": "2026-08-24T17:05:50", "level": "INFO", "service": "gis-cities-mtl_fsa_gisoo-h2x", "env": "dev", "logger": "jug_gis_cities.mtl_fsa_gisoo.workflow", "request_id": "-", "msg": "Starting Montreal H2X workflow step: create nrcan intersected points."}
{"ts": "2026-08-24T17:05:50", "level": "INFO", "service": "gis-cities-mtl_fsa_gisoo-h2x", "env": "dev", "logger": "citygisoo.scrub_layer_class", "request_id": "-", "msg": "Created point-on-surface layer from c_nrcan_intersected_H2X into D:/GIS/mtl_gisoo_fsa_data\\output_data\\H2X\\nrcan_intersected_points\\nrcan_intersected_points.gpkg."}
{"ts": "2026-08-24T17:05:50", "level": "INFO", "service": "gis-cities-mtl_fsa_gisoo-h2x", "env": "dev", "logger": "citygisoo.scrub_layer_class", "request_id": "-", "msg": "Loaded layer nrcan_intersected_points from D:/GIS/mtl_gisoo_fsa_data\\output_data\\H2X\\nrcan_intersected_points\\nrcan_intersected_points.gpkg."}
{"ts": "2026-08-24T17:05:50", "level": "INFO", "service": "gis-cities-mtl_fsa_gisoo-h2x", "env": "dev", "logger": "citygisoo.scrub_layer_class", "request_id": "-", "msg": "Creating spatial index for nrcan_intersected_points is completed."}
{"ts": "2026-08-24T17:05:50", "level": "INFO", "service": "gis-cities-mtl_fsa_gisoo-h2x", "env": "dev", "logger": "jug_gis_cities.mtl_fsa_gisoo.workflow", "request_id": "-", "msg": "The nrcan_intersected_points has 2362 records."}
{"ts": "2026-08-24T17:05:50", "level": "INFO", "service": "gis-cities-mtl_fsa_gisoo-h2x", "env": "dev", "logger": "jug_gis_cities.mtl_fsa_gisoo.workflow", "request_id": "-", "msg": "Completed Montreal H2X workflow step: create nrcan intersected points in 0.207s."}
{"ts": "2026-08-24T17:05:50", "level": "INFO", "service": "gis-cities-mtl_fsa_gisoo-h2x", "env": "dev", "logger": "jug_gis_cities.mtl_fsa_gisoo.workflow", "request_id": "-", "msg": "Starting Montreal H2X workflow step: spatial join nrcan intersected points with usage roll."}
{"ts": "2026-08-24T17:06:04", "level": "INFO", "service": "gis-cities-mtl_fsa_gisoo-h2x", "env": "dev", "logger": "citygisoo.scrub_layer_class", "request_id": "-", "msg": "Spatial join with input layer nrcan_intersected_points, predicate within, method one-to-many, and prefix ur_ is completed."}
{"ts": "2026-08-24T17:06:04", "level": "INFO", "service": "gis-cities-mtl_fsa_gisoo-h2x", "env": "dev", "logger": "citygisoo.scrub_layer_class", "request_id": "-", "msg": "Loaded layer nrcan_in_usage_roll_points_H2X from D:/GIS/mtl_gisoo_fsa_data\\output_data\\H2X\\nrcan_in_usage_roll_points\\nrcan_in_usage_roll_points.gpkg."}
{"ts": "2026-08-24T17:06:04", "level": "INFO", "service": "gis-cities-mtl_fsa_gisoo-h2x", "env": "dev", "logger": "citygisoo.scrub_layer_class", "request_id": "-", "msg": "Creating spatial index for nrcan_in_usage_roll_points_H2X is completed."}
{"ts": "2026-08-24T17:06:04", "level": "INFO", "service": "gis-cities-mtl_fsa_gisoo-h2x", "env": "dev", "logger": "jug_gis_cities.mtl_fsa_gisoo.workflow", "request_id": "-", "msg": "The nrcan_in_usage_roll_points_H2X has 13148 records."}
{"ts": "2026-08-24T17:06:04", "level": "INFO", "service": "gis-cities-mtl_fsa_gisoo-h2x", "env": "dev", "logger": "jug_gis_cities.mtl_fsa_gisoo.workflow", "request_id": "-", "msg": "Completed Montreal H2X workflow step: spatial join nrcan intersected points with usage roll in 13.604s."}
{"ts": "2026-08-24T17:06:04", "level": "INFO", "service": "gis-cities-mtl_fsa_gisoo-h2x", "env": "dev", "logger": "jug_gis_cities.mtl_fsa_gisoo.workflow", "request_id": "-", "msg": "Starting Montreal H2X workflow step: restore nrcan geometry on usage roll points."}
{"ts": "2026-08-24T17:06:09", "level": "INFO", "service": "gis-cities-mtl_fsa_gisoo-h2x", "env": "dev", "logger": "citygisoo.scrub_layer_class", "request_id": "-", "msg": "Created geometry-by-expression layer from nrcan_in_usage_roll_points_H2X into D:/GIS/mtl_gisoo_fsa_data\\output_data\\H2X\\nrcan_usage_roll_with_missing\\nrcan_usage_roll_with_missing.gpkg."}
{"ts": "2026-08-24T17:06:09", "level": "INFO", "service": "gis-cities-mtl_fsa_gisoo-h2x", "env": "dev", "logger": "citygisoo.scrub_layer_class", "request_id": "-", "msg": "Loaded layer nrcan_usage_roll_with_missing from D:/GIS/mtl_gisoo_fsa_data\\output_data\\H2X\\nrcan_usage_roll_with_missing\\nrcan_usage_roll_with_missing.gpkg."}
{"ts": "2026-08-24T17:06:09", "level": "INFO", "service": "gis-cities-mtl_fsa_gisoo-h2x", "env": "dev", "logger": "citygisoo.scrub_layer_class", "request_id": "-", "msg": "Creating spatial index for nrcan_usage_roll_with_missing is completed."}
{"ts": "2026-08-24T17:06:09", "level": "INFO", "service": "gis-cities-mtl_fsa_gisoo-h2x", "env": "dev", "logger": "jug_gis_cities.mtl_fsa_gisoo.workflow", "request_id": "-", "msg": "The nrcan_usage_roll_with_missing has 13148 records."}
{"ts": "2026-08-24T17:06:09", "level": "INFO", "service": "gis-cities-mtl_fsa_gisoo-h2x", "env": "dev", "logger": "jug_gis_cities.mtl_fsa_gisoo.workflow", "request_id": "-", "msg": "Completed Montreal H2X workflow step: restore nrcan geometry on usage roll points in 4.984s."}
{"ts": "2026-08-24T17:06:09", "level": "INFO", "service": "gis-cities-mtl_fsa_gisoo-h2x", "env": "dev", "logger": "jug_gis_cities.mtl_fsa_gisoo.workflow", "request_id": "-", "msg": "Starting Montreal H2X workflow step: extract usage roll missing nrcan geometry."}
{"ts": "2026-08-24T17:06:10", "level": "INFO", "service": "gis-cities-mtl_fsa_gisoo-h2x", "env": "dev", "logger": "citygisoo.geopackage_feature_processor", "request_id": "-", "msg": "Extracted 410 features from usage_roll_all_H2X by membership of id_provinc in nrcan_usage_roll_with_missing.ur_id_provinc."}
{"ts": "2026-08-24T17:06:10", "level": "INFO", "service": "gis-cities-mtl_fsa_gisoo-h2x", "env": "dev", "logger": "citygisoo.geopackage_feature_processor", "request_id": "-", "msg": "Wrote 410 features from usage_roll_all_H2X to D:/GIS/mtl_gisoo_fsa_data\\output_data\\H2X\\usage_roll_all_only\\usage_roll_all_only.gpkg."}
{"ts": "2026-08-24T17:06:10", "level": "INFO", "service": "gis-cities-mtl_fsa_gisoo-h2x", "env": "dev", "logger": "citygisoo.scrub_layer_class", "request_id": "-", "msg": "Loaded layer usage_roll_all_only_H2X from D:/GIS/mtl_gisoo_fsa_data\\output_data\\H2X\\usage_roll_all_only\\usage_roll_all_only.gpkg."}
{"ts": "2026-08-24T17:06:10", "level": "INFO", "service": "gis-cities-mtl_fsa_gisoo-h2x", "env": "dev", "logger": "citygisoo.scrub_layer_class", "request_id": "-", "msg": "Creating spatial index for usage_roll_all_only_H2X is completed."}
{"ts": "2026-08-24T17:06:10", "level": "INFO", "service": "gis-cities-mtl_fsa_gisoo-h2x", "env": "dev", "logger": "jug_gis_cities.mtl_fsa_gisoo.workflow", "request_id": "-", "msg": "The usage_roll_all_only_H2X has 410 records."}
{"ts": "2026-08-24T17:06:10", "level": "INFO", "service": "gis-cities-mtl_fsa_gisoo-h2x", "env": "dev", "logger": "jug_gis_cities.mtl_fsa_gisoo.workflow", "request_id": "-", "msg": "Completed Montreal H2X workflow step: extract usage roll missing nrcan geometry in 0.660s."}
{"ts": "2026-08-24T17:06:10", "level": "INFO", "service": "gis-cities-mtl_fsa_gisoo-h2x", "env": "dev", "logger": "jug_gis_cities.mtl_fsa_gisoo.workflow", "request_id": "-", "msg": "Starting Montreal H2X workflow step: merge nrcan usage roll layers."}
{"ts": "2026-08-24T17:06:19", "level": "INFO", "service": "gis-cities-mtl_fsa_gisoo-h2x", "env": "dev", "logger": "citygisoo.scrub_layer_class", "request_id": "-", "msg": "Merged 2 explicit layers into D:/GIS/mtl_gisoo_fsa_data\\output_data\\H2X\\nrcan_usage_roll\\nrcan_usage_roll.gpkg."}
{"ts": "2026-08-24T17:06:19", "level": "INFO", "service": "gis-cities-mtl_fsa_gisoo-h2x", "env": "dev", "logger": "citygisoo.scrub_layer_class", "request_id": "-", "msg": "Loaded layer nrcan_usage_roll_H2X from D:/GIS/mtl_gisoo_fsa_data\\output_data\\H2X\\nrcan_usage_roll\\nrcan_usage_roll.gpkg."}
{"ts": "2026-08-24T17:06:19", "level": "INFO", "service": "gis-cities-mtl_fsa_gisoo-h2x", "env": "dev", "logger": "citygisoo.scrub_layer_class", "request_id": "-", "msg": "Creating spatial index for nrcan_usage_roll_H2X is completed."}
{"ts": "2026-08-24T17:06:19", "level": "INFO", "service": "gis-cities-mtl_fsa_gisoo-h2x", "env": "dev", "logger": "jug_gis_cities.mtl_fsa_gisoo.workflow", "request_id": "-", "msg": "The nrcan_usage_roll_H2X has 13558 records."}
{"ts": "2026-08-24T17:06:19", "level": "INFO", "service": "gis-cities-mtl_fsa_gisoo-h2x", "env": "dev", "logger": "jug_gis_cities.mtl_fsa_gisoo.workflow", "request_id": "-", "msg": "Completed Montreal H2X workflow step: merge nrcan usage roll layers in 9.105s."}
{"ts": "2026-08-24T17:06:19", "level": "INFO", "service": "gis-cities-mtl_fsa_gisoo-h2x", "env": "dev", "logger": "jug_gis_cities.mtl_fsa_gisoo.workflow", "request_id": "-", "msg": "Starting Montreal H2X workflow step: assign nrcan usage roll FSA field."}
{"ts": "2026-08-24T17:06:36", "level": "INFO", "service": "gis-cities-mtl_fsa_gisoo-h2x", "env": "dev", "logger": "citygisoo.scrub_layer_class", "request_id": "-", "msg": "Assigned expression values to field FSA on nrcan_usage_roll_H2X for 13558 features."}
{"ts": "2026-08-24T17:06:36", "level": "INFO", "service": "gis-cities-mtl_fsa_gisoo-h2x", "env": "dev", "logger": "jug_gis_cities.mtl_fsa_gisoo.workflow", "request_id": "-", "msg": "Completed Montreal H2X workflow step: assign nrcan usage roll FSA field in 17.159s."}
{"ts": "2026-08-24T17:06:36", "level": "INFO", "service": "gis-cities-mtl_fsa_gisoo-h2x", "env": "dev", "logger": "jug_gis_cities.mtl_fsa_gisoo.workflow", "request_id": "-", "msg": "Starting Montreal H2X workflow step: assign nrcan usage roll citygisoo id field."}
{"ts": "2026-08-24T17:06:54", "level": "INFO", "service": "gis-cities-mtl_fsa_gisoo-h2x", "env": "dev", "logger": "citygisoo.scrub_layer_class", "request_id": "-", "msg": "Assigned expression values to field citygisoo_id on nrcan_usage_roll_H2X for 13558 features."}
{"ts": "2026-08-24T17:06:54", "level": "INFO", "service": "gis-cities-mtl_fsa_gisoo-h2x", "env": "dev", "logger": "jug_gis_cities.mtl_fsa_gisoo.workflow", "request_id": "-", "msg": "Completed Montreal H2X workflow step: assign nrcan usage roll citygisoo id field in 18.360s."}
{"ts": "2026-08-24T17:06:54", "level": "INFO", "service": "gis-cities-mtl_fsa_gisoo-h2x", "env": "dev", "logger": "jug_gis_cities.mtl_fsa_gisoo.workflow", "request_id": "-", "msg": "Starting Montreal H2X workflow step: assign nrcan usage roll citygisoo area field."}
{"ts": "2026-08-24T17:06:56", "level": "INFO", "service": "gis-cities-mtl_fsa_gisoo-h2x", "env": "dev", "logger": "citygisoo.geopackage_feature_processor", "request_id": "-", "msg": "Assigned Python-calculated values to field citygisoo_area on nrcan_usage_roll_H2X for 13558 features."}
{"ts": "2026-08-24T17:06:56", "level": "INFO", "service": "gis-cities-mtl_fsa_gisoo-h2x", "env": "dev", "logger": "jug_gis_cities.mtl_fsa_gisoo.workflow", "request_id": "-", "msg": "Completed Montreal H2X workflow step: assign nrcan usage roll citygisoo area field in 1.853s."}
{"ts": "2026-08-24T17:06:56", "level": "INFO", "service": "gis-cities-mtl_fsa_gisoo-h2x", "env": "dev", "logger": "jug_gis_cities.mtl_fsa_gisoo.workflow", "request_id": "-", "msg": "Starting Montreal H2X workflow step: assign nrcan usage roll processing tool field."}
{"ts": "2026-08-24T17:07:13", "level": "INFO", "service": "gis-cities-mtl_fsa_gisoo-h2x", "env": "dev", "logger": "citygisoo.scrub_layer_class", "request_id": "-", "msg": "Assigned expression values to field processing_tool on nrcan_usage_roll_H2X for 13558 features."}
{"ts": "2026-08-24T17:07:13", "level": "INFO", "service": "gis-cities-mtl_fsa_gisoo-h2x", "env": "dev", "logger": "jug_gis_cities.mtl_fsa_gisoo.workflow", "request_id": "-", "msg": "Completed Montreal H2X workflow step: assign nrcan usage roll processing tool field in 16.747s."}
{"ts": "2026-08-24T17:07:13", "level": "INFO", "service": "gis-cities-mtl_fsa_gisoo-h2x", "env": "dev", "logger": "jug_gis_cities.mtl_fsa_gisoo.workflow", "request_id": "-", "msg": "Starting Montreal H2X workflow step: assign nrcan usage roll processed by field."}
{"ts": "2026-08-24T17:07:31", "level": "INFO", "service": "gis-cities-mtl_fsa_gisoo-h2x", "env": "dev", "logger": "citygisoo.scrub_layer_class", "request_id": "-", "msg": "Assigned expression values to field processed_by on nrcan_usage_roll_H2X for 13558 features."}
{"ts": "2026-08-24T17:07:31", "level": "INFO", "service": "gis-cities-mtl_fsa_gisoo-h2x", "env": "dev", "logger": "jug_gis_cities.mtl_fsa_gisoo.workflow", "request_id": "-", "msg": "Completed Montreal H2X workflow step: assign nrcan usage roll processed by field in 17.899s."}
{"ts": "2026-08-24T17:07:31", "level": "INFO", "service": "gis-cities-mtl_fsa_gisoo-h2x", "env": "dev", "logger": "jug_gis_cities.mtl_fsa_gisoo.workflow", "request_id": "-", "msg": "Starting Montreal H2X workflow step: create finalized GISOO layer."}
{"ts": "2026-08-24T17:07:34", "level": "INFO", "service": "gis-cities-mtl_fsa_gisoo-h2x", "env": "dev", "logger": "citygisoo.geopackage_feature_processor", "request_id": "-", "msg": "Wrote 13558 features from nrcan_usage_roll_H2X to D:/GIS/mtl_gisoo_fsa_data\\output_data\\H2X\\mtl_H2X_gisoo\\mtl_H2X_gisoo.gpkg."}
{"ts": "2026-08-24T17:07:34", "level": "INFO", "service": "gis-cities-mtl_fsa_gisoo-h2x", "env": "dev", "logger": "citygisoo.scrub_layer_class", "request_id": "-", "msg": "Loaded layer mtl_H2X_gisoo from D:/GIS/mtl_gisoo_fsa_data\\output_data\\H2X\\mtl_H2X_gisoo\\mtl_H2X_gisoo.gpkg."}
{"ts": "2026-08-24T17:07:34", "level": "INFO", "service": "gis-cities-mtl_fsa_gisoo-h2x", "env": "dev", "logger": "citygisoo.scrub_layer_class", "request_id": "-", "msg": "Creating spatial index for mtl_H2X_gisoo is completed."}
{"ts": "2026-08-24T17:07:34", "level": "INFO", "service": "gis-cities-mtl_fsa_gisoo-h2x", "env": "dev", "logger": "jug_gis_cities.mtl_fsa_gisoo.workflow", "request_id": "-", "msg": "The mtl_H2X_gisoo has 13558 records."}
{"ts": "2026-08-24T17:07:34", "level": "INFO", "service": "gis-cities-mtl_fsa_gisoo-h2x", "env": "dev", "logger": "jug_gis_cities.mtl_fsa_gisoo.workflow", "request_id": "-", "msg": "Completed Montreal H2X workflow step: create finalized GISOO layer in 3.006s."}
{"ts": "2026-08-24T17:07:34", "level": "INFO", "service": "gis-cities-mtl_fsa_gisoo-h2x", "env": "dev", "logger": "jug_gis_cities.mtl_fsa_gisoo.workflow", "request_id": "-", "msg": "Completed Montreal FSA GISOO workflow. FSA=H2X Output=D:/GIS/mtl_gisoo_fsa_data\\output_data\\H2X\\mtl_H2X_gisoo\\mtl_H2X_gisoo.gpkg Elapsed=319.998s"}
{"ts": "2026-08-24T17:07:34", "level": "INFO", "service": "gis-cities-mtl_fsa_gisoo-h2x", "env": "dev", "logger": "jug_gis_cities.application.jug_gis_cities", "request_id": "-", "msg": "Running GIS city component callable with FSA. Component=mtl_fsa_gisoo Callable=contract_adapter.run_contract_adapter FSA=H2X"}
{"ts": "2026-08-24T17:07:34", "level": "INFO", "service": "gis-cities-mtl_fsa_gisoo-h2x", "env": "dev", "logger": "jug_gis_cities.mtl_fsa_gisoo.contract_adapter", "request_id": "-", "msg": "Starting Montreal FSA contract adapter. FSA=H2X Input=D:/GIS/mtl_gisoo_fsa_data\\output_data\\H2X\\mtl_H2X_gisoo\\mtl_H2X_gisoo.gpkg Output=D:/GIS/mtl_gisoo_fsa_data\\output_data\\H2X\\mtl_H2X_gisoo_standardized\\mtl_H2X_gisoo_standardized.geojson"}
{"ts": "2026-08-24T17:07:34", "level": "INFO", "service": "gis-cities-mtl_fsa_gisoo-h2x", "env": "dev", "logger": "citygisoo.building_contract_adapter", "request_id": "-", "msg": "Starting building contract adapter. Input=D:/GIS/mtl_gisoo_fsa_data\\output_data\\H2X\\mtl_H2X_gisoo\\mtl_H2X_gisoo.gpkg Output=D:/GIS/mtl_gisoo_fsa_data\\output_data\\H2X\\mtl_H2X_gisoo_standardized\\mtl_H2X_gisoo_standardized.geojson"}
{"ts": "2026-08-24T17:07:34", "level": "INFO", "service": "gis-cities-mtl_fsa_gisoo-h2x", "env": "dev", "logger": "citygisoo.scrub_layer_class", "request_id": "-", "msg": "Loaded layer mtl_H2X_gisoo from D:/GIS/mtl_gisoo_fsa_data\\output_data\\H2X\\mtl_H2X_gisoo\\mtl_H2X_gisoo.gpkg."}
{"ts": "2026-08-24T17:07:34", "level": "INFO", "service": "gis-cities-mtl_fsa_gisoo-h2x", "env": "dev", "logger": "citygisoo.field_schema_manager", "request_id": "-", "msg": "Refactoring 21 fields from layer mtl_H2X_gisoo into D:/GIS/mtl_gisoo_fsa_data\\output_data\\H2X\\mtl_H2X_gisoo_standardized\\mtl_H2X_gisoo_standardized.geojson in one operation."}
{"ts": "2026-08-24T17:07:39", "level": "INFO", "service": "gis-cities-mtl_fsa_gisoo-h2x", "env": "dev", "logger": "citygisoo.scrub_layer_class", "request_id": "-", "msg": "Loaded layer mtl_H2X_gisoo_standardized from D:/GIS/mtl_gisoo_fsa_data\\output_data\\H2X\\mtl_H2X_gisoo_standardized\\mtl_H2X_gisoo_standardized.geojson."}
{"ts": "2026-08-24T17:07:39", "level": "INFO", "service": "gis-cities-mtl_fsa_gisoo-h2x", "env": "dev", "logger": "citygisoo.field_schema_manager", "request_id": "-", "msg": "Standardized fields for layer mtl_H2X_gisoo_standardized."}
{"ts": "2026-08-24T17:07:39", "level": "INFO", "service": "gis-cities-mtl_fsa_gisoo-h2x", "env": "dev", "logger": "citygisoo.building_contract_adapter", "request_id": "-", "msg": "Skipping null-feature deletion because no non-null contract fields were configured."}
{"ts": "2026-08-24T17:07:39", "level": "WARNING", "service": "gis-cities-mtl_fsa_gisoo-h2x", "env": "dev", "logger": "py.warnings", "request_id": "-", "msg": "C:\\Users\\a_adli\\docker_projects\\sabu\\libs\\citygisoo\\src\\citygisoo\\field_schema_manager.py:696: DeprecationWarning: QgsField constructor is deprecated\n  new_field = QgsField(field_name, QVariant.Int)\n"}
{"ts": "2026-08-24T17:07:46", "level": "INFO", "service": "gis-cities-mtl_fsa_gisoo-h2x", "env": "dev", "logger": "citygisoo.field_schema_manager", "request_id": "-", "msg": "Assigned 13558 ID values to field id on layer mtl_H2X_gisoo_standardized."}
{"ts": "2026-08-24T17:07:50", "level": "INFO", "service": "gis-cities-mtl_fsa_gisoo-h2x", "env": "dev", "logger": "citygisoo.field_schema_manager", "request_id": "-", "msg": "Promoted property id to feature-level ID for layer mtl_H2X_gisoo_standardized."}
{"ts": "2026-08-24T17:07:50", "level": "INFO", "service": "gis-cities-mtl_fsa_gisoo-h2x", "env": "dev", "logger": "citygisoo.building_contract_adapter", "request_id": "-", "msg": "Completed building contract adapter. GeoJSON output=D:/GIS/mtl_gisoo_fsa_data\\output_data\\H2X\\mtl_H2X_gisoo_standardized\\mtl_H2X_gisoo_standardized.geojson"}
{"ts": "2026-08-24T17:07:50", "level": "INFO", "service": "gis-cities-mtl_fsa_gisoo-h2x", "env": "dev", "logger": "jug_gis_cities.mtl_fsa_gisoo.contract_adapter", "request_id": "-", "msg": "Completed Montreal FSA contract adapter. FSA=H2X Output=D:/GIS/mtl_gisoo_fsa_data\\output_data\\H2X\\mtl_H2X_gisoo_standardized\\mtl_H2X_gisoo_standardized.geojson Elapsed=16.134s"}
{"ts": "2026-08-24T17:07:50", "level": "INFO", "service": "gis-cities-mtl_fsa_gisoo-h2x", "env": "dev", "logger": "jug_gis_cities.application.jug_gis_cities", "request_id": "-", "msg": "Completed GIS city component. Component=mtl_fsa_gisoo Mode=standardize FSA=H2X WorkflowOutput=D:/GIS/mtl_gisoo_fsa_data\\output_data\\H2X\\mtl_H2X_gisoo\\mtl_H2X_gisoo.gpkg StandardizedOutput=D:/GIS/mtl_gisoo_fsa_data\\output_data\\H2X\\mtl_H2X_gisoo_standardized\\mtl_H2X_gisoo_standardized.geojson Cleaned=0 Elapsed=336.407s"}
{"ts": "2026-08-24T17:07:50", "level": "INFO", "service": "gis-cities-mtl_fsa_gisoo-h2x", "env": "dev", "logger": "jug_gis_cities.application.jug_gis_cities", "request_id": "-", "msg": "Disposable GIS component worker shut down QGIS."}
{"ts": "2026-08-24T17:07:51", "level": "INFO", "service": "gis-cities-mtl_fsa_gisoo-h2x", "env": "dev", "logger": "jug_gis_cities.application.jug_gis_cities", "request_id": "-", "msg": "Running GIS city component callable with FSA. Component=mtl_fsa_gisoo Callable=output_cleanup.cleanup_outputs FSA=H2X"}
{"ts": "2026-08-24T17:07:51", "level": "INFO", "service": "gis-cities-mtl_fsa_gisoo-h2x", "env": "dev", "logger": "jug_gis_cities.mtl_fsa_gisoo.output_cleanup", "request_id": "-", "msg": "Cleaned Montreal FSA workflow outputs. FSA=H2X Deleted=32 Retained=['fsa_boundary', 'mtl_{fsa}_gisoo', 'nrcan_fixed', 'roll', 'usage_fixed']"}
{"ts": "2026-08-24T17:07:51", "level": "INFO", "service": "gis-cities-mtl_fsa_gisoo-h2x", "env": "dev", "logger": "jug_gis_cities.application.jug_gis_cities", "request_id": "-", "msg": "Completed isolated GIS city component. Component=mtl_fsa_gisoo Mode=standardize FSA=H2X Cleaned=32 Elapsed=337.913s"}
{"ts": "2026-09-02T16:03:02", "level": "INFO", "service": "gis-cities-mtl_fsa_gisoo-h2x", "env": "dev", "logger": "jug_gis_cities.application.jug_gis_cities", "request_id": "-", "msg": "Starting GIS city component. Component=mtl_fsa_gisoo Mode=standardize FSA=H2X"}
{"ts": "2026-09-02T16:03:02", "level": "INFO", "service": "gis-cities-mtl_fsa_gisoo-h2x", "env": "dev", "logger": "jug_gis_cities.application.jug_gis_cities", "request_id": "-", "msg": "Running GIS city component callable with FSA. Component=mtl_fsa_gisoo Callable=workflow.run_workflow FSA=H2X"}
{"ts": "2026-09-02T16:03:02", "level": "INFO", "service": "gis-cities-mtl_fsa_gisoo-h2x", "env": "dev", "logger": "jug_gis_cities.mtl_fsa_gisoo.workflow", "request_id": "-", "msg": "Starting Montreal FSA GISOO workflow. FSA=H2X Output directory=D:/GIS/mtl_gisoo_fsa_data\\output_data\\H2X"}
{"ts": "2026-09-02T16:03:02", "level": "INFO", "service": "gis-cities-mtl_fsa_gisoo-h2x", "env": "dev", "logger": "jug_gis_cities.mtl_fsa_gisoo.workflow", "request_id": "-", "msg": "Starting Montreal H2X workflow step: prepare output folders."}
{"ts": "2026-09-02T16:03:02", "level": "INFO", "service": "gis-cities-mtl_fsa_gisoo-h2x", "env": "dev", "logger": "jug_gis_cities.mtl_fsa_gisoo.workflow", "request_id": "-", "msg": "Completed Montreal H2X workflow step: prepare output folders in 0.008s."}
{"ts": "2026-09-02T16:03:02", "level": "INFO", "service": "gis-cities-mtl_fsa_gisoo-h2x", "env": "dev", "logger": "jug_gis_cities.mtl_fsa_gisoo.workflow", "request_id": "-", "msg": "Starting Montreal H2X workflow step: load input layers."}
{"ts": "2026-09-02T16:03:02", "level": "INFO", "service": "gis-cities-mtl_fsa_gisoo-h2x", "env": "dev", "logger": "citygisoo.scrub_layer_class", "request_id": "-", "msg": "Loaded layer roll_mtl from D:/GIS/mtl_gisoo_fsa_data\\input_data\\mtl_role_2025_unit_eval_et_address_geopackage\\mtl_island_role_2025_unit_eval_et_address.gpkg."}
{"ts": "2026-09-02T16:03:02", "level": "INFO", "service": "gis-cities-mtl_fsa_gisoo-h2x", "env": "dev", "logger": "citygisoo.scrub_layer_class", "request_id": "-", "msg": "Loaded layer nrcan_mtl from D:/GIS/mtl_gisoo_fsa_data\\input_data\\mtl_auto_with_heights\\mtl_auto_with_heights.gpkg."}
{"ts": "2026-09-02T16:03:02", "level": "INFO", "service": "gis-cities-mtl_fsa_gisoo-h2x", "env": "dev", "logger": "citygisoo.scrub_layer_class", "request_id": "-", "msg": "Loaded layer nrcan_preserved_mtl from D:/GIS/mtl_gisoo_fsa_data\\input_data\\mtl_auto_with_heights_preserved\\mtl_auto_with_heights_preserved.gpkg."}
{"ts": "2026-09-02T16:03:02", "level": "INFO", "service": "gis-cities-mtl_fsa_gisoo-h2x", "env": "dev", "logger": "citygisoo.scrub_layer_class", "request_id": "-", "msg": "Loaded layer usage_mtl from D:/GIS/mtl_gisoo_fsa_data\\input_data\\mamh_usage_predo_2026_gpkg\\mamh_usage_predo_2026_s_poly.gpkg."}
{"ts": "2026-09-02T16:03:02", "level": "INFO", "service": "gis-cities-mtl_fsa_gisoo-h2x", "env": "dev", "logger": "citygisoo.scrub_layer_class", "request_id": "-", "msg": "Loaded layer usage_dup_mtl from D:/GIS/mtl_gisoo_fsa_data\\input_data\\mamh_usage_predo_2026_gpkg_dup\\mamh_usage_predo_2026_dup.gpkg."}
{"ts": "2026-09-02T16:03:02", "level": "INFO", "service": "gis-cities-mtl_fsa_gisoo-h2x", "env": "dev", "logger": "citygisoo.scrub_layer_class", "request_id": "-", "msg": "Loaded layer fsa_boundaries from D:/GIS/mtl_gisoo_fsa_data\\input_data\\mtl_island_fsa_boundaries\\mtl_island_fsa_boundaries_dmti_2025.gpkg."}
{"ts": "2026-09-02T16:03:02", "level": "INFO", "service": "gis-cities-mtl_fsa_gisoo-h2x", "env": "dev", "logger": "jug_gis_cities.mtl_fsa_gisoo.workflow", "request_id": "-", "msg": "The roll_mtl has 510932 records."}
{"ts": "2026-09-02T16:03:02", "level": "INFO", "service": "gis-cities-mtl_fsa_gisoo-h2x", "env": "dev", "logger": "jug_gis_cities.mtl_fsa_gisoo.workflow", "request_id": "-", "msg": "The nrcan_mtl has 221563 records."}
{"ts": "2026-09-02T16:03:02", "level": "INFO", "service": "gis-cities-mtl_fsa_gisoo-h2x", "env": "dev", "logger": "jug_gis_cities.mtl_fsa_gisoo.workflow", "request_id": "-", "msg": "The nrcan_preserved_mtl has 221563 records."}
{"ts": "2026-09-02T16:03:02", "level": "INFO", "service": "gis-cities-mtl_fsa_gisoo-h2x", "env": "dev", "logger": "jug_gis_cities.mtl_fsa_gisoo.workflow", "request_id": "-", "msg": "The usage_mtl has 553621 records."}
{"ts": "2026-09-02T16:03:02", "level": "INFO", "service": "gis-cities-mtl_fsa_gisoo-h2x", "env": "dev", "logger": "jug_gis_cities.mtl_fsa_gisoo.workflow", "request_id": "-", "msg": "The usage_dup_mtl has 553621 records."}
{"ts": "2026-09-02T16:03:02", "level": "INFO", "service": "gis-cities-mtl_fsa_gisoo-h2x", "env": "dev", "logger": "jug_gis_cities.mtl_fsa_gisoo.workflow", "request_id": "-", "msg": "The fsa_boundaries has 99 records."}
{"ts": "2026-09-02T16:03:02", "level": "INFO", "service": "gis-cities-mtl_fsa_gisoo-h2x", "env": "dev", "logger": "jug_gis_cities.mtl_fsa_gisoo.workflow", "request_id": "-", "msg": "Completed Montreal H2X workflow step: load input layers in 0.104s."}
{"ts": "2026-09-02T16:03:02", "level": "INFO", "service": "gis-cities-mtl_fsa_gisoo-h2x", "env": "dev", "logger": "jug_gis_cities.mtl_fsa_gisoo.workflow", "request_id": "-", "msg": "Starting Montreal H2X workflow step: extract FSA boundary."}
{"ts": "2026-09-02T16:03:02", "level": "INFO", "service": "gis-cities-mtl_fsa_gisoo-h2x", "env": "dev", "logger": "citygisoo.scrub_layer_class", "request_id": "-", "msg": "Extracted features from fsa_boundaries where g_fsa = H2X into D:/GIS/mtl_gisoo_fsa_data\\output_data\\H2X\\fsa_boundary\\fsa_boundary.gpkg."}
{"ts": "2026-09-02T16:03:02", "level": "INFO", "service": "gis-cities-mtl_fsa_gisoo-h2x", "env": "dev", "logger": "citygisoo.scrub_layer_class", "request_id": "-", "msg": "Loaded layer fsa_boundary_H2X from D:/GIS/mtl_gisoo_fsa_data\\output_data\\H2X\\fsa_boundary\\fsa_boundary.gpkg."}
{"ts": "2026-09-02T16:03:02", "level": "INFO", "service": "gis-cities-mtl_fsa_gisoo-h2x", "env": "dev", "logger": "citygisoo.scrub_layer_class", "request_id": "-", "msg": "Creating spatial index for fsa_boundary_H2X is completed."}
{"ts": "2026-09-02T16:03:02", "level": "INFO", "service": "gis-cities-mtl_fsa_gisoo-h2x", "env": "dev", "logger": "jug_gis_cities.mtl_fsa_gisoo.workflow", "request_id": "-", "msg": "The fsa_boundary_H2X has 1 records."}
{"ts": "2026-09-02T16:03:02", "level": "INFO", "service": "gis-cities-mtl_fsa_gisoo-h2x", "env": "dev", "logger": "jug_gis_cities.mtl_fsa_gisoo.workflow", "request_id": "-", "msg": "Completed Montreal H2X workflow step: extract FSA boundary in 0.058s."}
{"ts": "2026-09-02T16:03:02", "level": "INFO", "service": "gis-cities-mtl_fsa_gisoo-h2x", "env": "dev", "logger": "jug_gis_cities.mtl_fsa_gisoo.workflow", "request_id": "-", "msg": "Starting Montreal H2X workflow step: clip input layers to FSA boundary."}
{"ts": "2026-09-02T16:03:03", "level": "INFO", "service": "gis-cities-mtl_fsa_gisoo-h2x", "env": "dev", "logger": "citygisoo.scrub_layer_class", "request_id": "-", "msg": "Clipping of nrcan_mtl is completed."}
{"ts": "2026-09-02T16:03:03", "level": "INFO", "service": "gis-cities-mtl_fsa_gisoo-h2x", "env": "dev", "logger": "citygisoo.scrub_layer_class", "request_id": "-", "msg": "Loaded layer nrcan_clipped_H2X from D:/GIS/mtl_gisoo_fsa_data\\output_data\\H2X\\nrcan\\nrcan.gpkg."}
{"ts": "2026-09-02T16:03:03", "level": "INFO", "service": "gis-cities-mtl_fsa_gisoo-h2x", "env": "dev", "logger": "citygisoo.scrub_layer_class", "request_id": "-", "msg": "Creating spatial index for nrcan_clipped_H2X is completed."}
{"ts": "2026-09-02T16:03:03", "level": "INFO", "service": "gis-cities-mtl_fsa_gisoo-h2x", "env": "dev", "logger": "jug_gis_cities.mtl_fsa_gisoo.workflow", "request_id": "-", "msg": "The nrcan_clipped_H2X has 417 records."}
{"ts": "2026-09-02T16:03:03", "level": "INFO", "service": "gis-cities-mtl_fsa_gisoo-h2x", "env": "dev", "logger": "citygisoo.scrub_layer_class", "request_id": "-", "msg": "Clipping of nrcan_preserved_mtl is completed."}
{"ts": "2026-09-02T16:03:03", "level": "INFO", "service": "gis-cities-mtl_fsa_gisoo-h2x", "env": "dev", "logger": "citygisoo.scrub_layer_class", "request_id": "-", "msg": "Loaded layer nrcan_preserved_H2X from D:/GIS/mtl_gisoo_fsa_data\\output_data\\H2X\\nrcan_preserved\\nrcan_preserved.gpkg."}
{"ts": "2026-09-02T16:03:03", "level": "INFO", "service": "gis-cities-mtl_fsa_gisoo-h2x", "env": "dev", "logger": "citygisoo.scrub_layer_class", "request_id": "-", "msg": "Creating spatial index for nrcan_preserved_H2X is completed."}
{"ts": "2026-09-02T16:03:03", "level": "INFO", "service": "gis-cities-mtl_fsa_gisoo-h2x", "env": "dev", "logger": "jug_gis_cities.mtl_fsa_gisoo.workflow", "request_id": "-", "msg": "The nrcan_preserved_H2X has 417 records."}
{"ts": "2026-09-02T16:03:03", "level": "INFO", "service": "gis-cities-mtl_fsa_gisoo-h2x", "env": "dev", "logger": "citygisoo.scrub_layer_class", "request_id": "-", "msg": "Clipping of roll_mtl is completed."}
{"ts": "2026-09-02T16:03:03", "level": "INFO", "service": "gis-cities-mtl_fsa_gisoo-h2x", "env": "dev", "logger": "citygisoo.scrub_layer_class", "request_id": "-", "msg": "Loaded layer roll_clipped_H2X from D:/GIS/mtl_gisoo_fsa_data\\output_data\\H2X\\roll\\roll.gpkg."}
{"ts": "2026-09-02T16:03:03", "level": "INFO", "service": "gis-cities-mtl_fsa_gisoo-h2x", "env": "dev", "logger": "citygisoo.scrub_layer_class", "request_id": "-", "msg": "Creating spatial index for roll_clipped_H2X is completed."}
{"ts": "2026-09-02T16:03:03", "level": "INFO", "service": "gis-cities-mtl_fsa_gisoo-h2x", "env": "dev", "logger": "jug_gis_cities.mtl_fsa_gisoo.workflow", "request_id": "-", "msg": "The roll_clipped_H2X has 6229 records."}
{"ts": "2026-09-02T16:03:05", "level": "INFO", "service": "gis-cities-mtl_fsa_gisoo-h2x", "env": "dev", "logger": "citygisoo.scrub_layer_class", "request_id": "-", "msg": "Clipping of usage_mtl is completed."}
{"ts": "2026-09-02T16:03:05", "level": "INFO", "service": "gis-cities-mtl_fsa_gisoo-h2x", "env": "dev", "logger": "citygisoo.scrub_layer_class", "request_id": "-", "msg": "Loaded layer usage_clipped_H2X from D:/GIS/mtl_gisoo_fsa_data\\output_data\\H2X\\usage\\usage.gpkg."}
{"ts": "2026-09-02T16:03:05", "level": "INFO", "service": "gis-cities-mtl_fsa_gisoo-h2x", "env": "dev", "logger": "citygisoo.scrub_layer_class", "request_id": "-", "msg": "Creating spatial index for usage_clipped_H2X is completed."}
{"ts": "2026-09-02T16:03:05", "level": "INFO", "service": "gis-cities-mtl_fsa_gisoo-h2x", "env": "dev", "logger": "jug_gis_cities.mtl_fsa_gisoo.workflow", "request_id": "-", "msg": "The usage_clipped_H2X has 7498 records."}
{"ts": "2026-09-02T16:03:06", "level": "INFO", "service": "gis-cities-mtl_fsa_gisoo-h2x", "env": "dev", "logger": "citygisoo.scrub_layer_class", "request_id": "-", "msg": "Clipping of usage_dup_mtl is completed."}
{"ts": "2026-09-02T16:03:06", "level": "INFO", "service": "gis-cities-mtl_fsa_gisoo-h2x", "env": "dev", "logger": "citygisoo.scrub_layer_class", "request_id": "-", "msg": "Loaded layer usage_dup_H2X from D:/GIS/mtl_gisoo_fsa_data\\output_data\\H2X\\usage_dup\\usage_dup.gpkg."}
{"ts": "2026-09-02T16:03:06", "level": "INFO", "service": "gis-cities-mtl_fsa_gisoo-h2x", "env": "dev", "logger": "citygisoo.scrub_layer_class", "request_id": "-", "msg": "Creating spatial index for usage_dup_H2X is completed."}
{"ts": "2026-09-02T16:03:06", "level": "INFO", "service": "gis-cities-mtl_fsa_gisoo-h2x", "env": "dev", "logger": "jug_gis_cities.mtl_fsa_gisoo.workflow", "request_id": "-", "msg": "The usage_dup_H2X has 7498 records."}
{"ts": "2026-09-02T16:03:06", "level": "INFO", "service": "gis-cities-mtl_fsa_gisoo-h2x", "env": "dev", "logger": "jug_gis_cities.mtl_fsa_gisoo.workflow", "request_id": "-", "msg": "Completed Montreal H2X workflow step: clip input layers to FSA boundary in 3.344s."}
{"ts": "2026-09-02T16:03:06", "level": "INFO", "service": "gis-cities-mtl_fsa_gisoo-h2x", "env": "dev", "logger": "jug_gis_cities.mtl_fsa_gisoo.workflow", "request_id": "-", "msg": "Starting Montreal H2X workflow step: fix nrcan geometries."}
{"ts": "2026-09-02T16:03:06", "level": "INFO", "service": "gis-cities-mtl_fsa_gisoo-h2x", "env": "dev", "logger": "citygisoo.scrub_layer_class", "request_id": "-", "msg": "Fixed geometries for nrcan_clipped_H2X into D:/GIS/mtl_gisoo_fsa_data\\output_data\\H2X\\nrcan_fixed\\nrcan_fixed.gpkg."}
{"ts": "2026-09-02T16:03:06", "level": "INFO", "service": "gis-cities-mtl_fsa_gisoo-h2x", "env": "dev", "logger": "citygisoo.scrub_layer_class", "request_id": "-", "msg": "Loaded layer nrcan_fixed_H2X from D:/GIS/mtl_gisoo_fsa_data\\output_data\\H2X\\nrcan_fixed\\nrcan_fixed.gpkg."}
{"ts": "2026-09-02T16:03:06", "level": "INFO", "service": "gis-cities-mtl_fsa_gisoo-h2x", "env": "dev", "logger": "citygisoo.scrub_layer_class", "request_id": "-", "msg": "Creating spatial index for nrcan_fixed_H2X is completed."}
{"ts": "2026-09-02T16:03:06", "level": "INFO", "service": "gis-cities-mtl_fsa_gisoo-h2x", "env": "dev", "logger": "jug_gis_cities.mtl_fsa_gisoo.workflow", "request_id": "-", "msg": "The nrcan_fixed_H2X has 417 records."}
{"ts": "2026-09-02T16:03:06", "level": "INFO", "service": "gis-cities-mtl_fsa_gisoo-h2x", "env": "dev", "logger": "jug_gis_cities.mtl_fsa_gisoo.workflow", "request_id": "-", "msg": "Completed Montreal H2X workflow step: fix nrcan geometries in 0.113s."}
{"ts": "2026-09-02T16:03:06", "level": "INFO", "service": "gis-cities-mtl_fsa_gisoo-h2x", "env": "dev", "logger": "jug_gis_cities.mtl_fsa_gisoo.workflow", "request_id": "-", "msg": "Starting Montreal H2X workflow step: assign nrcan area field."}
{"ts": "2026-09-02T16:03:06", "level": "INFO", "service": "gis-cities-mtl_fsa_gisoo-h2x", "env": "dev", "logger": "citygisoo.geopackage_feature_processor", "request_id": "-", "msg": "Assigned Python-calculated values to field nrcan_area on nrcan_fixed_H2X for 417 features."}
{"ts": "2026-09-02T16:03:06", "level": "INFO", "service": "gis-cities-mtl_fsa_gisoo-h2x", "env": "dev", "logger": "jug_gis_cities.mtl_fsa_gisoo.workflow", "request_id": "-", "msg": "Completed Montreal H2X workflow step: assign nrcan area field in 0.049s."}
{"ts": "2026-09-02T16:03:06", "level": "INFO", "service": "gis-cities-mtl_fsa_gisoo-h2x", "env": "dev", "logger": "jug_gis_cities.mtl_fsa_gisoo.workflow", "request_id": "-", "msg": "Starting Montreal H2X workflow step: fix nrcan preserved geometries."}
{"ts": "2026-09-02T16:03:06", "level": "INFO", "service": "gis-cities-mtl_fsa_gisoo-h2x", "env": "dev", "logger": "citygisoo.scrub_layer_class", "request_id": "-", "msg": "Fixed geometries for nrcan_preserved_H2X into D:/GIS/mtl_gisoo_fsa_data\\output_data\\H2X\\nrcan_preserved_fixed\\nrcan_preserved_fixed.gpkg."}
{"ts": "2026-09-02T16:03:06", "level": "INFO", "service": "gis-cities-mtl_fsa_gisoo-h2x", "env": "dev", "logger": "citygisoo.scrub_layer_class", "request_id": "-", "msg": "Loaded layer nrcan_preserved_fixed_H2X from D:/GIS/mtl_gisoo_fsa_data\\output_data\\H2X\\nrcan_preserved_fixed\\nrcan_preserved_fixed.gpkg."}
{"ts": "2026-09-02T16:03:06", "level": "INFO", "service": "gis-cities-mtl_fsa_gisoo-h2x", "env": "dev", "logger": "citygisoo.scrub_layer_class", "request_id": "-", "msg": "Creating spatial index for nrcan_preserved_fixed_H2X is completed."}
{"ts": "2026-09-02T16:03:06", "level": "INFO", "service": "gis-cities-mtl_fsa_gisoo-h2x", "env": "dev", "logger": "jug_gis_cities.mtl_fsa_gisoo.workflow", "request_id": "-", "msg": "The nrcan_preserved_fixed_H2X has 417 records."}
{"ts": "2026-09-02T16:03:06", "level": "INFO", "service": "gis-cities-mtl_fsa_gisoo-h2x", "env": "dev", "logger": "jug_gis_cities.mtl_fsa_gisoo.workflow", "request_id": "-", "msg": "Completed Montreal H2X workflow step: fix nrcan preserved geometries in 0.113s."}
{"ts": "2026-09-02T16:03:06", "level": "INFO", "service": "gis-cities-mtl_fsa_gisoo-h2x", "env": "dev", "logger": "jug_gis_cities.mtl_fsa_gisoo.workflow", "request_id": "-", "msg": "Starting Montreal H2X workflow step: assign nrcan preserved area field."}
{"ts": "2026-09-02T16:03:06", "level": "INFO", "service": "gis-cities-mtl_fsa_gisoo-h2x", "env": "dev", "logger": "citygisoo.geopackage_feature_processor", "request_id": "-", "msg": "Assigned Python-calculated values to field nrcan_area on nrcan_preserved_fixed_H2X for 417 features."}
{"ts": "2026-09-02T16:03:06", "level": "INFO", "service": "gis-cities-mtl_fsa_gisoo-h2x", "env": "dev", "logger": "jug_gis_cities.mtl_fsa_gisoo.workflow", "request_id": "-", "msg": "Completed Montreal H2X workflow step: assign nrcan preserved area field in 0.052s."}
{"ts": "2026-09-02T16:03:06", "level": "INFO", "service": "gis-cities-mtl_fsa_gisoo-h2x", "env": "dev", "logger": "jug_gis_cities.mtl_fsa_gisoo.workflow", "request_id": "-", "msg": "Starting Montreal H2X workflow step: fix usage geometries."}
{"ts": "2026-09-02T16:03:07", "level": "INFO", "service": "gis-cities-mtl_fsa_gisoo-h2x", "env": "dev", "logger": "citygisoo.scrub_layer_class", "request_id": "-", "msg": "Fixed geometries for usage_clipped_H2X into D:/GIS/mtl_gisoo_fsa_data\\output_data\\H2X\\usage_fixed\\usage_fixed.gpkg."}
{"ts": "2026-09-02T16:03:07", "level": "INFO", "service": "gis-cities-mtl_fsa_gisoo-h2x", "env": "dev", "logger": "citygisoo.scrub_layer_class", "request_id": "-", "msg": "Loaded layer usage_fixed_H2X from D:/GIS/mtl_gisoo_fsa_data\\output_data\\H2X\\usage_fixed\\usage_fixed.gpkg."}
{"ts": "2026-09-02T16:03:07", "level": "INFO", "service": "gis-cities-mtl_fsa_gisoo-h2x", "env": "dev", "logger": "citygisoo.scrub_layer_class", "request_id": "-", "msg": "Creating spatial index for usage_fixed_H2X is completed."}
{"ts": "2026-09-02T16:03:07", "level": "INFO", "service": "gis-cities-mtl_fsa_gisoo-h2x", "env": "dev", "logger": "jug_gis_cities.mtl_fsa_gisoo.workflow", "request_id": "-", "msg": "The usage_fixed_H2X has 7498 records."}
{"ts": "2026-09-02T16:03:07", "level": "INFO", "service": "gis-cities-mtl_fsa_gisoo-h2x", "env": "dev", "logger": "jug_gis_cities.mtl_fsa_gisoo.workflow", "request_id": "-", "msg": "Completed Montreal H2X workflow step: fix usage geometries in 0.628s."}
{"ts": "2026-09-02T16:03:07", "level": "INFO", "service": "gis-cities-mtl_fsa_gisoo-h2x", "env": "dev", "logger": "jug_gis_cities.mtl_fsa_gisoo.workflow", "request_id": "-", "msg": "Starting Montreal H2X workflow step: fix usage duplicate geometries."}
{"ts": "2026-09-02T16:03:07", "level": "INFO", "service": "gis-cities-mtl_fsa_gisoo-h2x", "env": "dev", "logger": "citygisoo.scrub_layer_class", "request_id": "-", "msg": "Fixed geometries for usage_dup_H2X into D:/GIS/mtl_gisoo_fsa_data\\output_data\\H2X\\usage_dup_fixed\\usage_dup_fixed.gpkg."}
{"ts": "2026-09-02T16:03:07", "level": "INFO", "service": "gis-cities-mtl_fsa_gisoo-h2x", "env": "dev", "logger": "citygisoo.scrub_layer_class", "request_id": "-", "msg": "Loaded layer usage_dup_fixed_H2X from D:/GIS/mtl_gisoo_fsa_data\\output_data\\H2X\\usage_dup_fixed\\usage_dup_fixed.gpkg."}
{"ts": "2026-09-02T16:03:07", "level": "INFO", "service": "gis-cities-mtl_fsa_gisoo-h2x", "env": "dev", "logger": "citygisoo.scrub_layer_class", "request_id": "-", "msg": "Creating spatial index for usage_dup_fixed_H2X is completed."}
{"ts": "2026-09-02T16:03:07", "level": "INFO", "service": "gis-cities-mtl_fsa_gisoo-h2x", "env": "dev", "logger": "jug_gis_cities.mtl_fsa_gisoo.workflow", "request_id": "-", "msg": "The usage_dup_fixed_H2X has 7498 records."}
{"ts": "2026-09-02T16:03:07", "level": "INFO", "service": "gis-cities-mtl_fsa_gisoo-h2x", "env": "dev", "logger": "jug_gis_cities.mtl_fsa_gisoo.workflow", "request_id": "-", "msg": "Completed Montreal H2X workflow step: fix usage duplicate geometries in 0.600s."}
{"ts": "2026-09-02T16:03:07", "level": "INFO", "service": "gis-cities-mtl_fsa_gisoo-h2x", "env": "dev", "logger": "jug_gis_cities.mtl_fsa_gisoo.workflow", "request_id": "-", "msg": "Starting Montreal H2X workflow step: extract usage records missing from roll."}
{"ts": "2026-09-02T16:03:08", "level": "INFO", "service": "gis-cities-mtl_fsa_gisoo-h2x", "env": "dev", "logger": "citygisoo.geopackage_feature_processor", "request_id": "-", "msg": "Extracted 1665 features from usage_fixed_H2X by membership of g_id_provi in roll_clipped_H2X.id_provinc."}
{"ts": "2026-09-02T16:03:08", "level": "INFO", "service": "gis-cities-mtl_fsa_gisoo-h2x", "env": "dev", "logger": "citygisoo.geopackage_feature_processor", "request_id": "-", "msg": "Wrote 1665 features from usage_fixed_H2X to D:/GIS/mtl_gisoo_fsa_data\\output_data\\H2X\\usage_margin_san\\usage_margin_san.gpkg."}
{"ts": "2026-09-02T16:03:08", "level": "INFO", "service": "gis-cities-mtl_fsa_gisoo-h2x", "env": "dev", "logger": "citygisoo.scrub_layer_class", "request_id": "-", "msg": "Loaded layer usage_margin_san_H2X from D:/GIS/mtl_gisoo_fsa_data\\output_data\\H2X\\usage_margin_san\\usage_margin_san.gpkg."}
{"ts": "2026-09-02T16:03:08", "level": "INFO", "service": "gis-cities-mtl_fsa_gisoo-h2x", "env": "dev", "logger": "citygisoo.scrub_layer_class", "request_id": "-", "msg": "Creating spatial index for usage_margin_san_H2X is completed."}
{"ts": "2026-09-02T16:03:08", "level": "INFO", "service": "gis-cities-mtl_fsa_gisoo-h2x", "env": "dev", "logger": "jug_gis_cities.mtl_fsa_gisoo.workflow", "request_id": "-", "msg": "The usage_margin_san_H2X has 1665 records."}
{"ts": "2026-09-02T16:03:08", "level": "INFO", "service": "gis-cities-mtl_fsa_gisoo-h2x", "env": "dev", "logger": "jug_gis_cities.mtl_fsa_gisoo.workflow", "request_id": "-", "msg": "Completed Montreal H2X workflow step: extract usage records missing from roll in 0.363s."}
{"ts": "2026-09-02T16:03:08", "level": "INFO", "service": "gis-cities-mtl_fsa_gisoo-h2x", "env": "dev", "logger": "jug_gis_cities.mtl_fsa_gisoo.workflow", "request_id": "-", "msg": "Starting Montreal H2X workflow step: difference usage with usage margin san."}
{"ts": "2026-09-02T16:06:16", "level": "INFO", "service": "gis-cities-mtl_fsa_gisoo-h2x", "env": "dev", "logger": "citygisoo.scrub_layer_class", "request_id": "-", "msg": "Difference of usage_clipped_H2X with overlay D:/GIS/mtl_gisoo_fsa_data\\output_data\\H2X\\usage_margin_san\\usage_margin_san.gpkg is completed into D:/GIS/mtl_gisoo_fsa_data\\output_data\\H2X\\usage_clean\\usage_clean.gpkg."}
{"ts": "2026-09-02T16:06:16", "level": "INFO", "service": "gis-cities-mtl_fsa_gisoo-h2x", "env": "dev", "logger": "citygisoo.scrub_layer_class", "request_id": "-", "msg": "Loaded layer usage_clean_H2X from D:/GIS/mtl_gisoo_fsa_data\\output_data\\H2X\\usage_clean\\usage_clean.gpkg."}
{"ts": "2026-09-02T16:06:16", "level": "INFO", "service": "gis-cities-mtl_fsa_gisoo-h2x", "env": "dev", "logger": "citygisoo.scrub_layer_class", "request_id": "-", "msg": "Creating spatial index for usage_clean_H2X is completed."}
{"ts": "2026-09-02T16:06:16", "level": "INFO", "service": "gis-cities-mtl_fsa_gisoo-h2x", "env": "dev", "logger": "jug_gis_cities.mtl_fsa_gisoo.workflow", "request_id": "-", "msg": "The usage_clean_H2X has 5614 records."}
{"ts": "2026-09-02T16:06:16", "level": "INFO", "service": "gis-cities-mtl_fsa_gisoo-h2x", "env": "dev", "logger": "jug_gis_cities.mtl_fsa_gisoo.workflow", "request_id": "-", "msg": "Completed Montreal H2X workflow step: difference usage with usage margin san in 188.117s."}
{"ts": "2026-09-02T16:06:16", "level": "INFO", "service": "gis-cities-mtl_fsa_gisoo-h2x", "env": "dev", "logger": "jug_gis_cities.mtl_fsa_gisoo.workflow", "request_id": "-", "msg": "Starting Montreal H2X workflow step: extract usage margin records with provincial id."}
{"ts": "2026-09-02T16:06:16", "level": "INFO", "service": "gis-cities-mtl_fsa_gisoo-h2x", "env": "dev", "logger": "citygisoo.geopackage_feature_processor", "request_id": "-", "msg": "Wrote 1300 features from usage_margin_san_H2X to D:/GIS/mtl_gisoo_fsa_data\\output_data\\H2X\\usage_margin\\usage_margin.gpkg."}
{"ts": "2026-09-02T16:06:16", "level": "INFO", "service": "gis-cities-mtl_fsa_gisoo-h2x", "env": "dev", "logger": "citygisoo.scrub_layer_class", "request_id": "-", "msg": "Loaded layer usage_margin_H2X from D:/GIS/mtl_gisoo_fsa_data\\output_data\\H2X\\usage_margin\\usage_margin.gpkg."}
{"ts": "2026-09-02T16:06:16", "level": "INFO", "service": "gis-cities-mtl_fsa_gisoo-h2x", "env": "dev", "logger": "citygisoo.scrub_layer_class", "request_id": "-", "msg": "Creating spatial index for usage_margin_H2X is completed."}
{"ts": "2026-09-02T16:06:16", "level": "INFO", "service": "gis-cities-mtl_fsa_gisoo-h2x", "env": "dev", "logger": "jug_gis_cities.mtl_fsa_gisoo.workflow", "request_id": "-", "msg": "The usage_margin_H2X has 1300 records."}
{"ts": "2026-09-02T16:06:16", "level": "INFO", "service": "gis-cities-mtl_fsa_gisoo-h2x", "env": "dev", "logger": "jug_gis_cities.mtl_fsa_gisoo.workflow", "request_id": "-", "msg": "Completed Montreal H2X workflow step: extract usage margin records with provincial id in 0.164s."}
{"ts": "2026-09-02T16:06:16", "level": "INFO", "service": "gis-cities-mtl_fsa_gisoo-h2x", "env": "dev", "logger": "jug_gis_cities.mtl_fsa_gisoo.workflow", "request_id": "-", "msg": "Starting Montreal H2X workflow step: assign usage margin area field."}
{"ts": "2026-09-02T16:06:16", "level": "INFO", "service": "gis-cities-mtl_fsa_gisoo-h2x", "env": "dev", "logger": "citygisoo.geopackage_feature_processor", "request_id": "-", "msg": "Assigned Python-calculated values to field area_ex on usage_margin_H2X for 1300 features."}
{"ts": "2026-09-02T16:06:16", "level": "INFO", "service": "gis-cities-mtl_fsa_gisoo-h2x", "env": "dev", "logger": "jug_gis_cities.mtl_fsa_gisoo.workflow", "request_id": "-", "msg": "Completed Montreal H2X workflow step: assign usage margin area field in 0.101s."}
{"ts": "2026-09-02T16:06:16", "level": "INFO", "service": "gis-cities-mtl_fsa_gisoo-h2x", "env": "dev", "logger": "jug_gis_cities.mtl_fsa_gisoo.workflow", "request_id": "-", "msg": "Starting Montreal H2X workflow step: extract usage-only records by area."}
{"ts": "2026-09-02T16:06:16", "level": "INFO", "service": "gis-cities-mtl_fsa_gisoo-h2x", "env": "dev", "logger": "citygisoo.geopackage_feature_processor", "request_id": "-", "msg": "Wrote 1171 features from usage_margin_H2X to D:/GIS/mtl_gisoo_fsa_data\\output_data\\H2X\\usage_only\\usage_only.gpkg."}
{"ts": "2026-09-02T16:06:16", "level": "INFO", "service": "gis-cities-mtl_fsa_gisoo-h2x", "env": "dev", "logger": "citygisoo.scrub_layer_class", "request_id": "-", "msg": "Loaded layer usage_only_H2X from D:/GIS/mtl_gisoo_fsa_data\\output_data\\H2X\\usage_only\\usage_only.gpkg."}
{"ts": "2026-09-02T16:06:16", "level": "INFO", "service": "gis-cities-mtl_fsa_gisoo-h2x", "env": "dev", "logger": "citygisoo.scrub_layer_class", "request_id": "-", "msg": "Creating spatial index for usage_only_H2X is completed."}
{"ts": "2026-09-02T16:06:16", "level": "INFO", "service": "gis-cities-mtl_fsa_gisoo-h2x", "env": "dev", "logger": "jug_gis_cities.mtl_fsa_gisoo.workflow", "request_id": "-", "msg": "The usage_only_H2X has 1171 records."}
{"ts": "2026-09-02T16:06:16", "level": "INFO", "service": "gis-cities-mtl_fsa_gisoo-h2x", "env": "dev", "logger": "jug_gis_cities.mtl_fsa_gisoo.workflow", "request_id": "-", "msg": "Completed Montreal H2X workflow step: extract usage-only records by area in 0.158s."}
{"ts": "2026-09-02T16:06:16", "level": "INFO", "service": "gis-cities-mtl_fsa_gisoo-h2x", "env": "dev", "logger": "jug_gis_cities.mtl_fsa_gisoo.workflow", "request_id": "-", "msg": "Starting Montreal H2X workflow step: extract roll records missing from usage."}
{"ts": "2026-09-02T16:06:16", "level": "INFO", "service": "gis-cities-mtl_fsa_gisoo-h2x", "env": "dev", "logger": "citygisoo.geopackage_feature_processor", "request_id": "-", "msg": "Extracted 542 features from roll_clipped_H2X by membership of id_provinc in usage_clipped_H2X.g_id_provi."}
{"ts": "2026-09-02T16:06:16", "level": "INFO", "service": "gis-cities-mtl_fsa_gisoo-h2x", "env": "dev", "logger": "citygisoo.geopackage_feature_processor", "request_id": "-", "msg": "Wrote 542 features from roll_clipped_H2X to D:/GIS/mtl_gisoo_fsa_data\\output_data\\H2X\\roll_only\\roll_only.gpkg."}
{"ts": "2026-09-02T16:06:16", "level": "INFO", "service": "gis-cities-mtl_fsa_gisoo-h2x", "env": "dev", "logger": "citygisoo.scrub_layer_class", "request_id": "-", "msg": "Loaded layer roll_only_H2X from D:/GIS/mtl_gisoo_fsa_data\\output_data\\H2X\\roll_only\\roll_only.gpkg."}
{"ts": "2026-09-02T16:06:17", "level": "INFO", "service": "gis-cities-mtl_fsa_gisoo-h2x", "env": "dev", "logger": "citygisoo.scrub_layer_class", "request_id": "-", "msg": "Creating spatial index for roll_only_H2X is completed."}
{"ts": "2026-09-02T16:06:17", "level": "INFO", "service": "gis-cities-mtl_fsa_gisoo-h2x", "env": "dev", "logger": "jug_gis_cities.mtl_fsa_gisoo.workflow", "request_id": "-", "msg": "The roll_only_H2X has 542 records."}
{"ts": "2026-09-02T16:06:17", "level": "INFO", "service": "gis-cities-mtl_fsa_gisoo-h2x", "env": "dev", "logger": "jug_gis_cities.mtl_fsa_gisoo.workflow", "request_id": "-", "msg": "Completed Montreal H2X workflow step: extract roll records missing from usage in 0.211s."}
{"ts": "2026-09-02T16:06:17", "level": "INFO", "service": "gis-cities-mtl_fsa_gisoo-h2x", "env": "dev", "logger": "jug_gis_cities.mtl_fsa_gisoo.workflow", "request_id": "-", "msg": "Starting Montreal H2X workflow step: spatial join usage with roll-only."}
{"ts": "2026-09-02T16:06:31", "level": "INFO", "service": "gis-cities-mtl_fsa_gisoo-h2x", "env": "dev", "logger": "citygisoo.scrub_layer_class", "request_id": "-", "msg": "Spatial join with input layer usage_clipped_H2X, predicate contains, method one-to-many, and prefix ro_ is completed."}
{"ts": "2026-09-02T16:06:31", "level": "INFO", "service": "gis-cities-mtl_fsa_gisoo-h2x", "env": "dev", "logger": "citygisoo.scrub_layer_class", "request_id": "-", "msg": "Loaded layer usage_roll_only_all_H2X from D:/GIS/mtl_gisoo_fsa_data\\output_data\\H2X\\usage_roll_only_all\\usage_roll_only_all.gpkg."}
{"ts": "2026-09-02T16:06:31", "level": "INFO", "service": "gis-cities-mtl_fsa_gisoo-h2x", "env": "dev", "logger": "citygisoo.scrub_layer_class", "request_id": "-", "msg": "Creating spatial index for usage_roll_only_all_H2X is completed."}
{"ts": "2026-09-02T16:06:31", "level": "INFO", "service": "gis-cities-mtl_fsa_gisoo-h2x", "env": "dev", "logger": "jug_gis_cities.mtl_fsa_gisoo.workflow", "request_id": "-", "msg": "The usage_roll_only_all_H2X has 147279 records."}
{"ts": "2026-09-02T16:06:31", "level": "INFO", "service": "gis-cities-mtl_fsa_gisoo-h2x", "env": "dev", "logger": "jug_gis_cities.mtl_fsa_gisoo.workflow", "request_id": "-", "msg": "Completed Montreal H2X workflow step: spatial join usage with roll-only in 14.917s."}
{"ts": "2026-09-02T16:06:31", "level": "INFO", "service": "gis-cities-mtl_fsa_gisoo-h2x", "env": "dev", "logger": "jug_gis_cities.mtl_fsa_gisoo.workflow", "request_id": "-", "msg": "Starting Montreal H2X workflow step: extract usage-roll-only matched records."}
{"ts": "2026-09-02T16:06:49", "level": "INFO", "service": "gis-cities-mtl_fsa_gisoo-h2x", "env": "dev", "logger": "citygisoo.geopackage_feature_processor", "request_id": "-", "msg": "Wrote 141580 features from usage_roll_only_all_H2X to D:/GIS/mtl_gisoo_fsa_data\\output_data\\H2X\\usage_roll_only\\usage_roll_only.gpkg."}
{"ts": "2026-09-02T16:06:49", "level": "INFO", "service": "gis-cities-mtl_fsa_gisoo-h2x", "env": "dev", "logger": "citygisoo.scrub_layer_class", "request_id": "-", "msg": "Loaded layer usage_roll_only_H2X from D:/GIS/mtl_gisoo_fsa_data\\output_data\\H2X\\usage_roll_only\\usage_roll_only.gpkg."}
{"ts": "2026-09-02T16:06:49", "level": "INFO", "service": "gis-cities-mtl_fsa_gisoo-h2x", "env": "dev", "logger": "citygisoo.scrub_layer_class", "request_id": "-", "msg": "Creating spatial index for usage_roll_only_H2X is completed."}
{"ts": "2026-09-02T16:06:49", "level": "INFO", "service": "gis-cities-mtl_fsa_gisoo-h2x", "env": "dev", "logger": "jug_gis_cities.mtl_fsa_gisoo.workflow", "request_id": "-", "msg": "The usage_roll_only_H2X has 141580 records."}
{"ts": "2026-09-02T16:06:49", "level": "INFO", "service": "gis-cities-mtl_fsa_gisoo-h2x", "env": "dev", "logger": "jug_gis_cities.mtl_fsa_gisoo.workflow", "request_id": "-", "msg": "Completed Montreal H2X workflow step: extract usage-roll-only matched records in 17.821s."}
{"ts": "2026-09-02T16:06:49", "level": "INFO", "service": "gis-cities-mtl_fsa_gisoo-h2x", "env": "dev", "logger": "jug_gis_cities.mtl_fsa_gisoo.workflow", "request_id": "-", "msg": "Starting Montreal H2X workflow step: extract unique usage-roll-only records."}
{"ts": "2026-09-02T16:06:52", "level": "INFO", "service": "gis-cities-mtl_fsa_gisoo-h2x", "env": "dev", "logger": "citygisoo.geopackage_feature_processor", "request_id": "-", "msg": "Wrote 542 features from usage_roll_only_H2X to D:/GIS/mtl_gisoo_fsa_data\\output_data\\H2X\\usage_roll_only_unique\\usage_roll_only_unique.gpkg."}
{"ts": "2026-09-02T16:06:52", "level": "INFO", "service": "gis-cities-mtl_fsa_gisoo-h2x", "env": "dev", "logger": "citygisoo.scrub_layer_class", "request_id": "-", "msg": "Loaded layer usage_roll_only_unique_H2X from D:/GIS/mtl_gisoo_fsa_data\\output_data\\H2X\\usage_roll_only_unique\\usage_roll_only_unique.gpkg."}
{"ts": "2026-09-02T16:06:52", "level": "INFO", "service": "gis-cities-mtl_fsa_gisoo-h2x", "env": "dev", "logger": "citygisoo.scrub_layer_class", "request_id": "-", "msg": "Creating spatial index for usage_roll_only_unique_H2X is completed."}
{"ts": "2026-09-02T16:06:52", "level": "INFO", "service": "gis-cities-mtl_fsa_gisoo-h2x", "env": "dev", "logger": "jug_gis_cities.mtl_fsa_gisoo.workflow", "request_id": "-", "msg": "The usage_roll_only_unique_H2X has 542 records."}
{"ts": "2026-09-02T16:06:52", "level": "INFO", "service": "gis-cities-mtl_fsa_gisoo-h2x", "env": "dev", "logger": "jug_gis_cities.mtl_fsa_gisoo.workflow", "request_id": "-", "msg": "Completed Montreal H2X workflow step: extract unique usage-roll-only records in 2.523s."}
{"ts": "2026-09-02T16:06:52", "level": "INFO", "service": "gis-cities-mtl_fsa_gisoo-h2x", "env": "dev", "logger": "jug_gis_cities.mtl_fsa_gisoo.workflow", "request_id": "-", "msg": "Starting Montreal H2X workflow step: difference roll with roll-only."}
{"ts": "2026-09-02T16:06:56", "level": "INFO", "service": "gis-cities-mtl_fsa_gisoo-h2x", "env": "dev", "logger": "citygisoo.scrub_layer_class", "request_id": "-", "msg": "Difference of roll_clipped_H2X with overlay D:/GIS/mtl_gisoo_fsa_data\\output_data\\H2X\\roll_only\\roll_only.gpkg is completed into D:/GIS/mtl_gisoo_fsa_data\\output_data\\H2X\\roll_clean\\roll_clean.gpkg."}
{"ts": "2026-09-02T16:06:56", "level": "INFO", "service": "gis-cities-mtl_fsa_gisoo-h2x", "env": "dev", "logger": "citygisoo.scrub_layer_class", "request_id": "-", "msg": "Loaded layer roll_clean_H2X from D:/GIS/mtl_gisoo_fsa_data\\output_data\\H2X\\roll_clean\\roll_clean.gpkg."}
{"ts": "2026-09-02T16:06:56", "level": "INFO", "service": "gis-cities-mtl_fsa_gisoo-h2x", "env": "dev", "logger": "citygisoo.scrub_layer_class", "request_id": "-", "msg": "Creating spatial index for roll_clean_H2X is completed."}
{"ts": "2026-09-02T16:06:56", "level": "INFO", "service": "gis-cities-mtl_fsa_gisoo-h2x", "env": "dev", "logger": "jug_gis_cities.mtl_fsa_gisoo.workflow", "request_id": "-", "msg": "The roll_clean_H2X has 6229 records."}
{"ts": "2026-09-02T16:06:56", "level": "INFO", "service": "gis-cities-mtl_fsa_gisoo-h2x", "env": "dev", "logger": "jug_gis_cities.mtl_fsa_gisoo.workflow", "request_id": "-", "msg": "Completed Montreal H2X workflow step: difference roll with roll-only in 3.934s."}
{"ts": "2026-09-02T16:06:56", "level": "INFO", "service": "gis-cities-mtl_fsa_gisoo-h2x", "env": "dev", "logger": "jug_gis_cities.mtl_fsa_gisoo.workflow", "request_id": "-", "msg": "Starting Montreal H2X workflow step: duplicate roll provincial id field."}
{"ts": "2026-09-02T16:06:56", "level": "INFO", "service": "gis-cities-mtl_fsa_gisoo-h2x", "env": "dev", "logger": "citygisoo.scrub_layer_class", "request_id": "-", "msg": "Copied 6229 values from id_provinc to text field r_id_provinc on roll_clean_H2X."}
{"ts": "2026-09-02T16:06:56", "level": "INFO", "service": "gis-cities-mtl_fsa_gisoo-h2x", "env": "dev", "logger": "jug_gis_cities.mtl_fsa_gisoo.workflow", "request_id": "-", "msg": "Completed Montreal H2X workflow step: duplicate roll provincial id field in 0.226s."}
{"ts": "2026-09-02T16:06:56", "level": "INFO", "service": "gis-cities-mtl_fsa_gisoo-h2x", "env": "dev", "logger": "jug_gis_cities.mtl_fsa_gisoo.workflow", "request_id": "-", "msg": "Starting Montreal H2X workflow step: join usage clean with roll clean."}
{"ts": "2026-09-02T16:06:56", "level": "INFO", "service": "gis-cities-mtl_fsa_gisoo-h2x", "env": "dev", "logger": "citygisoo.scrub_layer_class", "request_id": "-", "msg": "Field join of usage_clean_H2X with input layer roll_clean_H2X is completed."}
{"ts": "2026-09-02T16:06:56", "level": "INFO", "service": "gis-cities-mtl_fsa_gisoo-h2x", "env": "dev", "logger": "citygisoo.scrub_layer_class", "request_id": "-", "msg": "Loaded layer usage_roll_H2X from D:/GIS/mtl_gisoo_fsa_data\\output_data\\H2X\\usage_roll\\usage_roll.gpkg."}
{"ts": "2026-09-02T16:06:56", "level": "INFO", "service": "gis-cities-mtl_fsa_gisoo-h2x", "env": "dev", "logger": "citygisoo.scrub_layer_class", "request_id": "-", "msg": "Creating spatial index for usage_roll_H2X is completed."}
{"ts": "2026-09-02T16:06:56", "level": "INFO", "service": "gis-cities-mtl_fsa_gisoo-h2x", "env": "dev", "logger": "jug_gis_cities.mtl_fsa_gisoo.workflow", "request_id": "-", "msg": "The usage_roll_H2X has 5614 records."}
{"ts": "2026-09-02T16:06:56", "level": "INFO", "service": "gis-cities-mtl_fsa_gisoo-h2x", "env": "dev", "logger": "jug_gis_cities.mtl_fsa_gisoo.workflow", "request_id": "-", "msg": "Completed Montreal H2X workflow step: join usage clean with roll clean in 0.514s."}
{"ts": "2026-09-02T16:06:56", "level": "INFO", "service": "gis-cities-mtl_fsa_gisoo-h2x", "env": "dev", "logger": "jug_gis_cities.mtl_fsa_gisoo.workflow", "request_id": "-", "msg": "Starting Montreal H2X workflow step: merge usage roll layers."}
{"ts": "2026-09-02T16:06:58", "level": "INFO", "service": "gis-cities-mtl_fsa_gisoo-h2x", "env": "dev", "logger": "citygisoo.scrub_layer_class", "request_id": "-", "msg": "Merged 3 explicit layers into D:/GIS/mtl_gisoo_fsa_data\\output_data\\H2X\\usage_roll_all\\usage_roll_all.gpkg."}
{"ts": "2026-09-02T16:06:58", "level": "INFO", "service": "gis-cities-mtl_fsa_gisoo-h2x", "env": "dev", "logger": "citygisoo.scrub_layer_class", "request_id": "-", "msg": "Loaded layer usage_roll_all_H2X from D:/GIS/mtl_gisoo_fsa_data\\output_data\\H2X\\usage_roll_all\\usage_roll_all.gpkg."}
{"ts": "2026-09-02T16:06:58", "level": "INFO", "service": "gis-cities-mtl_fsa_gisoo-h2x", "env": "dev", "logger": "citygisoo.scrub_layer_class", "request_id": "-", "msg": "Creating spatial index for usage_roll_all_H2X is completed."}
{"ts": "2026-09-02T16:06:58", "level": "INFO", "service": "gis-cities-mtl_fsa_gisoo-h2x", "env": "dev", "logger": "jug_gis_cities.mtl_fsa_gisoo.workflow", "request_id": "-", "msg": "The usage_roll_all_H2X has 7327 records."}
{"ts": "2026-09-02T16:06:58", "level": "INFO", "service": "gis-cities-mtl_fsa_gisoo-h2x", "env": "dev", "logger": "jug_gis_cities.mtl_fsa_gisoo.workflow", "request_id": "-", "msg": "Completed Montreal H2X workflow step: merge usage roll layers in 1.392s."}
{"ts": "2026-09-02T16:06:58", "level": "INFO", "service": "gis-cities-mtl_fsa_gisoo-h2x", "env": "dev", "logger": "jug_gis_cities.mtl_fsa_gisoo.workflow", "request_id": "-", "msg": "Starting Montreal H2X workflow step: assign usage roll uuid field."}
{"ts": "2026-09-02T16:07:05", "level": "INFO", "service": "gis-cities-mtl_fsa_gisoo-h2x", "env": "dev", "logger": "citygisoo.scrub_layer_class", "request_id": "-", "msg": "Assigned expression values to field usage_roll_id on usage_roll_all_H2X for 7327 features."}
{"ts": "2026-09-02T16:07:05", "level": "INFO", "service": "gis-cities-mtl_fsa_gisoo-h2x", "env": "dev", "logger": "jug_gis_cities.mtl_fsa_gisoo.workflow", "request_id": "-", "msg": "Completed Montreal H2X workflow step: assign usage roll uuid field in 7.070s."}
{"ts": "2026-09-02T16:07:05", "level": "INFO", "service": "gis-cities-mtl_fsa_gisoo-h2x", "env": "dev", "logger": "jug_gis_cities.mtl_fsa_gisoo.workflow", "request_id": "-", "msg": "Starting Montreal H2X workflow step: delete duplicate usage geometries."}
{"ts": "2026-09-02T16:07:06", "level": "INFO", "service": "gis-cities-mtl_fsa_gisoo-h2x", "env": "dev", "logger": "citygisoo.scrub_layer_class", "request_id": "-", "msg": "Deleted duplicate geometries from usage_dup_fixed_H2X into D:/GIS/mtl_gisoo_fsa_data\\output_data\\H2X\\usage_dup_clean\\usage_dup_clean.gpkg."}
{"ts": "2026-09-02T16:07:06", "level": "INFO", "service": "gis-cities-mtl_fsa_gisoo-h2x", "env": "dev", "logger": "citygisoo.scrub_layer_class", "request_id": "-", "msg": "Loaded layer usage_dup_clean_H2X from D:/GIS/mtl_gisoo_fsa_data\\output_data\\H2X\\usage_dup_clean\\usage_dup_clean.gpkg."}
{"ts": "2026-09-02T16:07:06", "level": "INFO", "service": "gis-cities-mtl_fsa_gisoo-h2x", "env": "dev", "logger": "citygisoo.scrub_layer_class", "request_id": "-", "msg": "Creating spatial index for usage_dup_clean_H2X is completed."}
{"ts": "2026-09-02T16:07:06", "level": "INFO", "service": "gis-cities-mtl_fsa_gisoo-h2x", "env": "dev", "logger": "jug_gis_cities.mtl_fsa_gisoo.workflow", "request_id": "-", "msg": "The usage_dup_clean_H2X has 2140 records."}
{"ts": "2026-09-02T16:07:06", "level": "INFO", "service": "gis-cities-mtl_fsa_gisoo-h2x", "env": "dev", "logger": "jug_gis_cities.mtl_fsa_gisoo.workflow", "request_id": "-", "msg": "Completed Montreal H2X workflow step: delete duplicate usage geometries in 0.951s."}
{"ts": "2026-09-02T16:07:06", "level": "INFO", "service": "gis-cities-mtl_fsa_gisoo-h2x", "env": "dev", "logger": "jug_gis_cities.mtl_fsa_gisoo.workflow", "request_id": "-", "msg": "Starting Montreal H2X workflow step: intersect nrcan with clean usage duplicate."}
{"ts": "2026-09-02T16:07:09", "level": "INFO", "service": "gis-cities-mtl_fsa_gisoo-h2x", "env": "dev", "logger": "citygisoo.scrub_layer_class", "request_id": "-", "msg": "Intersection of nrcan_fixed_H2X with overlay D:/GIS/mtl_gisoo_fsa_data\\output_data\\H2X\\usage_dup_clean\\usage_dup_clean.gpkg is completed into D:/GIS/mtl_gisoo_fsa_data\\output_data\\H2X\\inter_nrcan\\inter_nrcan.gpkg."}
{"ts": "2026-09-02T16:07:09", "level": "INFO", "service": "gis-cities-mtl_fsa_gisoo-h2x", "env": "dev", "logger": "citygisoo.scrub_layer_class", "request_id": "-", "msg": "Loaded layer inter_nrcan_H2X from D:/GIS/mtl_gisoo_fsa_data\\output_data\\H2X\\inter_nrcan\\inter_nrcan.gpkg."}
{"ts": "2026-09-02T16:07:09", "level": "INFO", "service": "gis-cities-mtl_fsa_gisoo-h2x", "env": "dev", "logger": "citygisoo.scrub_layer_class", "request_id": "-", "msg": "Creating spatial index for inter_nrcan_H2X is completed."}
{"ts": "2026-09-02T16:07:09", "level": "INFO", "service": "gis-cities-mtl_fsa_gisoo-h2x", "env": "dev", "logger": "jug_gis_cities.mtl_fsa_gisoo.workflow", "request_id": "-", "msg": "The inter_nrcan_H2X has 2674 records."}
{"ts": "2026-09-02T16:07:09", "level": "INFO", "service": "gis-cities-mtl_fsa_gisoo-h2x", "env": "dev", "logger": "jug_gis_cities.mtl_fsa_gisoo.workflow", "request_id": "-", "msg": "Completed Montreal H2X workflow step: intersect nrcan with clean usage duplicate in 3.536s."}
{"ts": "2026-09-02T16:07:09", "level": "INFO", "service": "gis-cities-mtl_fsa_gisoo-h2x", "env": "dev", "logger": "jug_gis_cities.mtl_fsa_gisoo.workflow", "request_id": "-", "msg": "Starting Montreal H2X workflow step: assign inter nrcan area field."}
{"ts": "2026-09-02T16:07:10", "level": "INFO", "service": "gis-cities-mtl_fsa_gisoo-h2x", "env": "dev", "logger": "citygisoo.geopackage_feature_processor", "request_id": "-", "msg": "Assigned Python-calculated values to field inter_area on inter_nrcan_H2X for 2674 features."}
{"ts": "2026-09-02T16:07:10", "level": "INFO", "service": "gis-cities-mtl_fsa_gisoo-h2x", "env": "dev", "logger": "jug_gis_cities.mtl_fsa_gisoo.workflow", "request_id": "-", "msg": "Completed Montreal H2X workflow step: assign inter nrcan area field in 0.181s."}
{"ts": "2026-09-02T16:07:10", "level": "INFO", "service": "gis-cities-mtl_fsa_gisoo-h2x", "env": "dev", "logger": "jug_gis_cities.mtl_fsa_gisoo.workflow", "request_id": "-", "msg": "Starting Montreal H2X workflow step: assign inter nrcan area ratio field."}
{"ts": "2026-09-02T16:07:10", "level": "INFO", "service": "gis-cities-mtl_fsa_gisoo-h2x", "env": "dev", "logger": "citygisoo.geopackage_feature_processor", "request_id": "-", "msg": "Assigned Python-calculated values to field area_ratio on inter_nrcan_H2X for 2674 features."}
{"ts": "2026-09-02T16:07:10", "level": "INFO", "service": "gis-cities-mtl_fsa_gisoo-h2x", "env": "dev", "logger": "jug_gis_cities.mtl_fsa_gisoo.workflow", "request_id": "-", "msg": "Completed Montreal H2X workflow step: assign inter nrcan area ratio field in 0.151s."}
{"ts": "2026-09-02T16:07:10", "level": "INFO", "service": "gis-cities-mtl_fsa_gisoo-h2x", "env": "dev", "logger": "jug_gis_cities.mtl_fsa_gisoo.workflow", "request_id": "-", "msg": "Starting Montreal H2X workflow step: summarize inter nrcan by nrcan id."}
{"ts": "2026-09-02T16:07:10", "level": "INFO", "service": "gis-cities-mtl_fsa_gisoo-h2x", "env": "dev", "logger": "citygisoo.scrub_layer_class", "request_id": "-", "msg": "Loaded layer inter_summary_H2X from D:/GIS/mtl_gisoo_fsa_data\\output_data\\H2X\\inter_summary\\inter_summary.gpkg."}
{"ts": "2026-09-02T16:07:10", "level": "INFO", "service": "gis-cities-mtl_fsa_gisoo-h2x", "env": "dev", "logger": "citygisoo.scrub_layer_class", "request_id": "-", "msg": "Creating spatial index for inter_summary_H2X is completed."}
{"ts": "2026-09-02T16:07:10", "level": "INFO", "service": "gis-cities-mtl_fsa_gisoo-h2x", "env": "dev", "logger": "jug_gis_cities.mtl_fsa_gisoo.workflow", "request_id": "-", "msg": "The inter_summary_H2X has 417 records."}
{"ts": "2026-09-02T16:07:10", "level": "INFO", "service": "gis-cities-mtl_fsa_gisoo-h2x", "env": "dev", "logger": "jug_gis_cities.mtl_fsa_gisoo.workflow", "request_id": "-", "msg": "Completed Montreal H2X workflow step: summarize inter nrcan by nrcan id in 0.160s."}
{"ts": "2026-09-02T16:07:10", "level": "INFO", "service": "gis-cities-mtl_fsa_gisoo-h2x", "env": "dev", "logger": "jug_gis_cities.mtl_fsa_gisoo.workflow", "request_id": "-", "msg": "Starting Montreal H2X workflow step: assign inter summary restore group field."}
{"ts": "2026-09-02T16:07:10", "level": "INFO", "service": "gis-cities-mtl_fsa_gisoo-h2x", "env": "dev", "logger": "citygisoo.scrub_layer_class", "request_id": "-", "msg": "Assigned expression values to field restore_group on inter_summary_H2X for 417 features."}
{"ts": "2026-09-02T16:07:10", "level": "INFO", "service": "gis-cities-mtl_fsa_gisoo-h2x", "env": "dev", "logger": "jug_gis_cities.mtl_fsa_gisoo.workflow", "request_id": "-", "msg": "Completed Montreal H2X workflow step: assign inter summary restore group field in 0.153s."}
{"ts": "2026-09-02T16:07:10", "level": "INFO", "service": "gis-cities-mtl_fsa_gisoo-h2x", "env": "dev", "logger": "jug_gis_cities.mtl_fsa_gisoo.workflow", "request_id": "-", "msg": "Starting Montreal H2X workflow step: assign inter summary restore reason field."}
{"ts": "2026-09-02T16:07:10", "level": "INFO", "service": "gis-cities-mtl_fsa_gisoo-h2x", "env": "dev", "logger": "citygisoo.scrub_layer_class", "request_id": "-", "msg": "Assigned expression values to field restore_reason on inter_summary_H2X for 417 features."}
{"ts": "2026-09-02T16:07:10", "level": "INFO", "service": "gis-cities-mtl_fsa_gisoo-h2x", "env": "dev", "logger": "jug_gis_cities.mtl_fsa_gisoo.workflow", "request_id": "-", "msg": "Completed Montreal H2X workflow step: assign inter summary restore reason field in 0.173s."}
{"ts": "2026-09-02T16:07:10", "level": "INFO", "service": "gis-cities-mtl_fsa_gisoo-h2x", "env": "dev", "logger": "jug_gis_cities.mtl_fsa_gisoo.workflow", "request_id": "-", "msg": "Starting Montreal H2X workflow step: join inter summary with inter nrcan."}
{"ts": "2026-09-02T16:07:10", "level": "INFO", "service": "gis-cities-mtl_fsa_gisoo-h2x", "env": "dev", "logger": "citygisoo.scrub_layer_class", "request_id": "-", "msg": "Field join of inter_nrcan_H2X with input layer inter_summary_H2X is completed."}
{"ts": "2026-09-02T16:07:10", "level": "INFO", "service": "gis-cities-mtl_fsa_gisoo-h2x", "env": "dev", "logger": "citygisoo.scrub_layer_class", "request_id": "-", "msg": "Loaded layer summary_joined_H2X from D:/GIS/mtl_gisoo_fsa_data\\output_data\\H2X\\summary_joined\\summary_joined.gpkg."}
{"ts": "2026-09-02T16:07:10", "level": "INFO", "service": "gis-cities-mtl_fsa_gisoo-h2x", "env": "dev", "logger": "citygisoo.scrub_layer_class", "request_id": "-", "msg": "Creating spatial index for summary_joined_H2X is completed."}
{"ts": "2026-09-02T16:07:10", "level": "INFO", "service": "gis-cities-mtl_fsa_gisoo-h2x", "env": "dev", "logger": "jug_gis_cities.mtl_fsa_gisoo.workflow", "request_id": "-", "msg": "The summary_joined_H2X has 2674 records."}
{"ts": "2026-09-02T16:07:10", "level": "INFO", "service": "gis-cities-mtl_fsa_gisoo-h2x", "env": "dev", "logger": "jug_gis_cities.mtl_fsa_gisoo.workflow", "request_id": "-", "msg": "Completed Montreal H2X workflow step: join inter summary with inter nrcan in 0.244s."}
{"ts": "2026-09-02T16:07:10", "level": "INFO", "service": "gis-cities-mtl_fsa_gisoo-h2x", "env": "dev", "logger": "jug_gis_cities.mtl_fsa_gisoo.workflow", "request_id": "-", "msg": "Starting Montreal H2X workflow step: extract kept summary joined records."}
{"ts": "2026-09-02T16:07:11", "level": "INFO", "service": "gis-cities-mtl_fsa_gisoo-h2x", "env": "dev", "logger": "citygisoo.geopackage_feature_processor", "request_id": "-", "msg": "Wrote 2233 features from summary_joined_H2X to D:/GIS/mtl_gisoo_fsa_data\\output_data\\H2X\\inter_kept\\inter_kept.gpkg."}
{"ts": "2026-09-02T16:07:11", "level": "INFO", "service": "gis-cities-mtl_fsa_gisoo-h2x", "env": "dev", "logger": "citygisoo.scrub_layer_class", "request_id": "-", "msg": "Loaded layer inter_kept_H2X from D:/GIS/mtl_gisoo_fsa_data\\output_data\\H2X\\inter_kept\\inter_kept.gpkg."}
{"ts": "2026-09-02T16:07:11", "level": "INFO", "service": "gis-cities-mtl_fsa_gisoo-h2x", "env": "dev", "logger": "citygisoo.scrub_layer_class", "request_id": "-", "msg": "Creating spatial index for inter_kept_H2X is completed."}
{"ts": "2026-09-02T16:07:11", "level": "INFO", "service": "gis-cities-mtl_fsa_gisoo-h2x", "env": "dev", "logger": "jug_gis_cities.mtl_fsa_gisoo.workflow", "request_id": "-", "msg": "The inter_kept_H2X has 2233 records."}
{"ts": "2026-09-02T16:07:11", "level": "INFO", "service": "gis-cities-mtl_fsa_gisoo-h2x", "env": "dev", "logger": "jug_gis_cities.mtl_fsa_gisoo.workflow", "request_id": "-", "msg": "Completed Montreal H2X workflow step: extract kept summary joined records in 0.296s."}
{"ts": "2026-09-02T16:07:11", "level": "INFO", "service": "gis-cities-mtl_fsa_gisoo-h2x", "env": "dev", "logger": "jug_gis_cities.mtl_fsa_gisoo.workflow", "request_id": "-", "msg": "Starting Montreal H2X workflow step: join nrcan with inter summary."}
{"ts": "2026-09-02T16:07:11", "level": "INFO", "service": "gis-cities-mtl_fsa_gisoo-h2x", "env": "dev", "logger": "citygisoo.scrub_layer_class", "request_id": "-", "msg": "Field join of nrcan_preserved_fixed_H2X with input layer inter_summary_H2X is completed."}
{"ts": "2026-09-02T16:07:11", "level": "INFO", "service": "gis-cities-mtl_fsa_gisoo-h2x", "env": "dev", "logger": "citygisoo.scrub_layer_class", "request_id": "-", "msg": "Loaded layer nrcan_joined_summary_H2X from D:/GIS/mtl_gisoo_fsa_data\\output_data\\H2X\\nrcan_joined_summary\\nrcan_joined_summary.gpkg."}
{"ts": "2026-09-02T16:07:11", "level": "INFO", "service": "gis-cities-mtl_fsa_gisoo-h2x", "env": "dev", "logger": "citygisoo.scrub_layer_class", "request_id": "-", "msg": "Creating spatial index for nrcan_joined_summary_H2X is completed."}
{"ts": "2026-09-02T16:07:11", "level": "INFO", "service": "gis-cities-mtl_fsa_gisoo-h2x", "env": "dev", "logger": "jug_gis_cities.mtl_fsa_gisoo.workflow", "request_id": "-", "msg": "The nrcan_joined_summary_H2X has 417 records."}
{"ts": "2026-09-02T16:07:11", "level": "INFO", "service": "gis-cities-mtl_fsa_gisoo-h2x", "env": "dev", "logger": "jug_gis_cities.mtl_fsa_gisoo.workflow", "request_id": "-", "msg": "Completed Montreal H2X workflow step: join nrcan with inter summary in 0.110s."}
{"ts": "2026-09-02T16:07:11", "level": "INFO", "service": "gis-cities-mtl_fsa_gisoo-h2x", "env": "dev", "logger": "jug_gis_cities.mtl_fsa_gisoo.workflow", "request_id": "-", "msg": "Starting Montreal H2X workflow step: extract nrcan restored records."}
{"ts": "2026-09-02T16:07:11", "level": "INFO", "service": "gis-cities-mtl_fsa_gisoo-h2x", "env": "dev", "logger": "citygisoo.geopackage_feature_processor", "request_id": "-", "msg": "Wrote 129 features from nrcan_joined_summary_H2X to D:/GIS/mtl_gisoo_fsa_data\\output_data\\H2X\\nrcan_restored\\nrcan_restored.gpkg."}
{"ts": "2026-09-02T16:07:11", "level": "INFO", "service": "gis-cities-mtl_fsa_gisoo-h2x", "env": "dev", "logger": "citygisoo.scrub_layer_class", "request_id": "-", "msg": "Loaded layer nrcan_restored_H2X from D:/GIS/mtl_gisoo_fsa_data\\output_data\\H2X\\nrcan_restored\\nrcan_restored.gpkg."}
{"ts": "2026-09-02T16:07:11", "level": "INFO", "service": "gis-cities-mtl_fsa_gisoo-h2x", "env": "dev", "logger": "citygisoo.scrub_layer_class", "request_id": "-", "msg": "Creating spatial index for nrcan_restored_H2X is completed."}
{"ts": "2026-09-02T16:07:11", "level": "INFO", "service": "gis-cities-mtl_fsa_gisoo-h2x", "env": "dev", "logger": "jug_gis_cities.mtl_fsa_gisoo.workflow", "request_id": "-", "msg": "The nrcan_restored_H2X has 129 records."}
{"ts": "2026-09-02T16:07:11", "level": "INFO", "service": "gis-cities-mtl_fsa_gisoo-h2x", "env": "dev", "logger": "jug_gis_cities.mtl_fsa_gisoo.workflow", "request_id": "-", "msg": "Completed Montreal H2X workflow step: extract nrcan restored records in 0.091s."}
{"ts": "2026-09-02T16:07:11", "level": "INFO", "service": "gis-cities-mtl_fsa_gisoo-h2x", "env": "dev", "logger": "jug_gis_cities.mtl_fsa_gisoo.workflow", "request_id": "-", "msg": "Starting Montreal H2X workflow step: extract dominant summary joined parts."}
{"ts": "2026-09-02T16:07:11", "level": "INFO", "service": "gis-cities-mtl_fsa_gisoo-h2x", "env": "dev", "logger": "citygisoo.geopackage_feature_processor", "request_id": "-", "msg": "Wrote 155 features from summary_joined_H2X to D:/GIS/mtl_gisoo_fsa_data\\output_data\\H2X\\dominant_parts\\dominant_parts.gpkg."}
{"ts": "2026-09-02T16:07:11", "level": "INFO", "service": "gis-cities-mtl_fsa_gisoo-h2x", "env": "dev", "logger": "citygisoo.scrub_layer_class", "request_id": "-", "msg": "Loaded layer dominant_parts_H2X from D:/GIS/mtl_gisoo_fsa_data\\output_data\\H2X\\dominant_parts\\dominant_parts.gpkg."}
{"ts": "2026-09-02T16:07:11", "level": "INFO", "service": "gis-cities-mtl_fsa_gisoo-h2x", "env": "dev", "logger": "citygisoo.scrub_layer_class", "request_id": "-", "msg": "Creating spatial index for dominant_parts_H2X is completed."}
{"ts": "2026-09-02T16:07:11", "level": "INFO", "service": "gis-cities-mtl_fsa_gisoo-h2x", "env": "dev", "logger": "jug_gis_cities.mtl_fsa_gisoo.workflow", "request_id": "-", "msg": "The dominant_parts_H2X has 155 records."}
{"ts": "2026-09-02T16:07:11", "level": "INFO", "service": "gis-cities-mtl_fsa_gisoo-h2x", "env": "dev", "logger": "jug_gis_cities.mtl_fsa_gisoo.workflow", "request_id": "-", "msg": "Completed Montreal H2X workflow step: extract dominant summary joined parts in 0.139s."}
{"ts": "2026-09-02T16:07:11", "level": "INFO", "service": "gis-cities-mtl_fsa_gisoo-h2x", "env": "dev", "logger": "jug_gis_cities.mtl_fsa_gisoo.workflow", "request_id": "-", "msg": "Starting Montreal H2X workflow step: join nrcan restored with dominant usage id."}
{"ts": "2026-09-02T16:07:11", "level": "INFO", "service": "gis-cities-mtl_fsa_gisoo-h2x", "env": "dev", "logger": "citygisoo.scrub_layer_class", "request_id": "-", "msg": "Field join of nrcan_restored_H2X with input layer dominant_parts_H2X is completed."}
{"ts": "2026-09-02T16:07:11", "level": "INFO", "service": "gis-cities-mtl_fsa_gisoo-h2x", "env": "dev", "logger": "citygisoo.scrub_layer_class", "request_id": "-", "msg": "Loaded layer nrcan_restored_with_usage_id_H2X from D:/GIS/mtl_gisoo_fsa_data\\output_data\\H2X\\nrcan_restored_with_usage_id\\nrcan_restored_with_usage_id.gpkg."}
{"ts": "2026-09-02T16:07:11", "level": "INFO", "service": "gis-cities-mtl_fsa_gisoo-h2x", "env": "dev", "logger": "citygisoo.scrub_layer_class", "request_id": "-", "msg": "Creating spatial index for nrcan_restored_with_usage_id_H2X is completed."}
{"ts": "2026-09-02T16:07:11", "level": "INFO", "service": "gis-cities-mtl_fsa_gisoo-h2x", "env": "dev", "logger": "jug_gis_cities.mtl_fsa_gisoo.workflow", "request_id": "-", "msg": "The nrcan_restored_with_usage_id_H2X has 129 records."}
{"ts": "2026-09-02T16:07:11", "level": "INFO", "service": "gis-cities-mtl_fsa_gisoo-h2x", "env": "dev", "logger": "jug_gis_cities.mtl_fsa_gisoo.workflow", "request_id": "-", "msg": "Completed Montreal H2X workflow step: join nrcan restored with dominant usage id in 0.121s."}
{"ts": "2026-09-02T16:07:11", "level": "INFO", "service": "gis-cities-mtl_fsa_gisoo-h2x", "env": "dev", "logger": "jug_gis_cities.mtl_fsa_gisoo.workflow", "request_id": "-", "msg": "Starting Montreal H2X workflow step: merge kept and restored nrcan intersections."}
{"ts": "2026-09-02T16:07:11", "level": "INFO", "service": "gis-cities-mtl_fsa_gisoo-h2x", "env": "dev", "logger": "citygisoo.scrub_layer_class", "request_id": "-", "msg": "Merged 2 explicit layers into D:/GIS/mtl_gisoo_fsa_data\\output_data\\H2X\\nrcan_intersected\\nrcan_intersected.gpkg."}
{"ts": "2026-09-02T16:07:11", "level": "INFO", "service": "gis-cities-mtl_fsa_gisoo-h2x", "env": "dev", "logger": "citygisoo.scrub_layer_class", "request_id": "-", "msg": "Loaded layer c_nrcan_intersected_H2X from D:/GIS/mtl_gisoo_fsa_data\\output_data\\H2X\\nrcan_intersected\\nrcan_intersected.gpkg."}
{"ts": "2026-09-02T16:07:11", "level": "INFO", "service": "gis-cities-mtl_fsa_gisoo-h2x", "env": "dev", "logger": "citygisoo.scrub_layer_class", "request_id": "-", "msg": "Creating spatial index for c_nrcan_intersected_H2X is completed."}
{"ts": "2026-09-02T16:07:11", "level": "INFO", "service": "gis-cities-mtl_fsa_gisoo-h2x", "env": "dev", "logger": "jug_gis_cities.mtl_fsa_gisoo.workflow", "request_id": "-", "msg": "The c_nrcan_intersected_H2X has 2362 records."}
{"ts": "2026-09-02T16:07:11", "level": "INFO", "service": "gis-cities-mtl_fsa_gisoo-h2x", "env": "dev", "logger": "jug_gis_cities.mtl_fsa_gisoo.workflow", "request_id": "-", "msg": "Completed Montreal H2X workflow step: merge kept and restored nrcan intersections in 0.260s."}
{"ts": "2026-09-02T16:07:11", "level": "INFO", "service": "gis-cities-mtl_fsa_gisoo-h2x", "env": "dev", "logger": "jug_gis_cities.mtl_fsa_gisoo.workflow", "request_id": "-", "msg": "Starting Montreal H2X workflow step: assign nrcan intersected uuid field."}
{"ts": "2026-09-02T16:07:13", "level": "INFO", "service": "gis-cities-mtl_fsa_gisoo-h2x", "env": "dev", "logger": "citygisoo.scrub_layer_class", "request_id": "-", "msg": "Assigned expression values to field nrcan_in_id on c_nrcan_intersected_H2X for 2362 features."}
{"ts": "2026-09-02T16:07:13", "level": "INFO", "service": "gis-cities-mtl_fsa_gisoo-h2x", "env": "dev", "logger": "jug_gis_cities.mtl_fsa_gisoo.workflow", "request_id": "-", "msg": "Completed Montreal H2X workflow step: assign nrcan intersected uuid field in 1.616s."}
{"ts": "2026-09-02T16:07:13", "level": "INFO", "service": "gis-cities-mtl_fsa_gisoo-h2x", "env": "dev", "logger": "jug_gis_cities.mtl_fsa_gisoo.workflow", "request_id": "-", "msg": "Starting Montreal H2X workflow step: create nrcan intersected points."}
{"ts": "2026-09-02T16:07:13", "level": "INFO", "service": "gis-cities-mtl_fsa_gisoo-h2x", "env": "dev", "logger": "citygisoo.scrub_layer_class", "request_id": "-", "msg": "Created point-on-surface layer from c_nrcan_intersected_H2X into D:/GIS/mtl_gisoo_fsa_data\\output_data\\H2X\\nrcan_intersected_points\\nrcan_intersected_points.gpkg."}
{"ts": "2026-09-02T16:07:13", "level": "INFO", "service": "gis-cities-mtl_fsa_gisoo-h2x", "env": "dev", "logger": "citygisoo.scrub_layer_class", "request_id": "-", "msg": "Loaded layer nrcan_intersected_points from D:/GIS/mtl_gisoo_fsa_data\\output_data\\H2X\\nrcan_intersected_points\\nrcan_intersected_points.gpkg."}
{"ts": "2026-09-02T16:07:13", "level": "INFO", "service": "gis-cities-mtl_fsa_gisoo-h2x", "env": "dev", "logger": "citygisoo.scrub_layer_class", "request_id": "-", "msg": "Creating spatial index for nrcan_intersected_points is completed."}
{"ts": "2026-09-02T16:07:13", "level": "INFO", "service": "gis-cities-mtl_fsa_gisoo-h2x", "env": "dev", "logger": "jug_gis_cities.mtl_fsa_gisoo.workflow", "request_id": "-", "msg": "The nrcan_intersected_points has 2362 records."}
{"ts": "2026-09-02T16:07:13", "level": "INFO", "service": "gis-cities-mtl_fsa_gisoo-h2x", "env": "dev", "logger": "jug_gis_cities.mtl_fsa_gisoo.workflow", "request_id": "-", "msg": "Completed Montreal H2X workflow step: create nrcan intersected points in 0.246s."}
{"ts": "2026-09-02T16:07:13", "level": "INFO", "service": "gis-cities-mtl_fsa_gisoo-h2x", "env": "dev", "logger": "jug_gis_cities.mtl_fsa_gisoo.workflow", "request_id": "-", "msg": "Starting Montreal H2X workflow step: spatial join nrcan intersected points with usage roll."}
{"ts": "2026-09-02T16:07:30", "level": "INFO", "service": "gis-cities-mtl_fsa_gisoo-h2x", "env": "dev", "logger": "citygisoo.scrub_layer_class", "request_id": "-", "msg": "Spatial join with input layer nrcan_intersected_points, predicate within, method one-to-many, and prefix ur_ is completed."}
{"ts": "2026-09-02T16:07:30", "level": "INFO", "service": "gis-cities-mtl_fsa_gisoo-h2x", "env": "dev", "logger": "citygisoo.scrub_layer_class", "request_id": "-", "msg": "Loaded layer nrcan_in_usage_roll_points_H2X from D:/GIS/mtl_gisoo_fsa_data\\output_data\\H2X\\nrcan_in_usage_roll_points\\nrcan_in_usage_roll_points.gpkg."}
{"ts": "2026-09-02T16:07:30", "level": "INFO", "service": "gis-cities-mtl_fsa_gisoo-h2x", "env": "dev", "logger": "citygisoo.scrub_layer_class", "request_id": "-", "msg": "Creating spatial index for nrcan_in_usage_roll_points_H2X is completed."}
{"ts": "2026-09-02T16:07:30", "level": "INFO", "service": "gis-cities-mtl_fsa_gisoo-h2x", "env": "dev", "logger": "jug_gis_cities.mtl_fsa_gisoo.workflow", "request_id": "-", "msg": "The nrcan_in_usage_roll_points_H2X has 13148 records."}
{"ts": "2026-09-02T16:07:30", "level": "INFO", "service": "gis-cities-mtl_fsa_gisoo-h2x", "env": "dev", "logger": "jug_gis_cities.mtl_fsa_gisoo.workflow", "request_id": "-", "msg": "Completed Montreal H2X workflow step: spatial join nrcan intersected points with usage roll in 16.821s."}
{"ts": "2026-09-02T16:07:30", "level": "INFO", "service": "gis-cities-mtl_fsa_gisoo-h2x", "env": "dev", "logger": "jug_gis_cities.mtl_fsa_gisoo.workflow", "request_id": "-", "msg": "Starting Montreal H2X workflow step: restore nrcan geometry on usage roll points."}
{"ts": "2026-09-02T16:07:38", "level": "INFO", "service": "gis-cities-mtl_fsa_gisoo-h2x", "env": "dev", "logger": "citygisoo.scrub_layer_class", "request_id": "-", "msg": "Created geometry-by-expression layer from nrcan_in_usage_roll_points_H2X into D:/GIS/mtl_gisoo_fsa_data\\output_data\\H2X\\nrcan_usage_roll_with_missing\\nrcan_usage_roll_with_missing.gpkg."}
{"ts": "2026-09-02T16:07:38", "level": "INFO", "service": "gis-cities-mtl_fsa_gisoo-h2x", "env": "dev", "logger": "citygisoo.scrub_layer_class", "request_id": "-", "msg": "Loaded layer nrcan_usage_roll_with_missing from D:/GIS/mtl_gisoo_fsa_data\\output_data\\H2X\\nrcan_usage_roll_with_missing\\nrcan_usage_roll_with_missing.gpkg."}
{"ts": "2026-09-02T16:07:38", "level": "INFO", "service": "gis-cities-mtl_fsa_gisoo-h2x", "env": "dev", "logger": "citygisoo.scrub_layer_class", "request_id": "-", "msg": "Creating spatial index for nrcan_usage_roll_with_missing is completed."}
{"ts": "2026-09-02T16:07:38", "level": "INFO", "service": "gis-cities-mtl_fsa_gisoo-h2x", "env": "dev", "logger": "jug_gis_cities.mtl_fsa_gisoo.workflow", "request_id": "-", "msg": "The nrcan_usage_roll_with_missing has 13148 records."}
{"ts": "2026-09-02T16:07:38", "level": "INFO", "service": "gis-cities-mtl_fsa_gisoo-h2x", "env": "dev", "logger": "jug_gis_cities.mtl_fsa_gisoo.workflow", "request_id": "-", "msg": "Completed Montreal H2X workflow step: restore nrcan geometry on usage roll points in 7.642s."}
{"ts": "2026-09-02T16:07:38", "level": "INFO", "service": "gis-cities-mtl_fsa_gisoo-h2x", "env": "dev", "logger": "jug_gis_cities.mtl_fsa_gisoo.workflow", "request_id": "-", "msg": "Starting Montreal H2X workflow step: extract usage roll missing nrcan geometry."}
{"ts": "2026-09-02T16:07:38", "level": "INFO", "service": "gis-cities-mtl_fsa_gisoo-h2x", "env": "dev", "logger": "citygisoo.geopackage_feature_processor", "request_id": "-", "msg": "Extracted 410 features from usage_roll_all_H2X by membership of id_provinc in nrcan_usage_roll_with_missing.ur_id_provinc."}
{"ts": "2026-09-02T16:07:39", "level": "INFO", "service": "gis-cities-mtl_fsa_gisoo-h2x", "env": "dev", "logger": "citygisoo.geopackage_feature_processor", "request_id": "-", "msg": "Wrote 410 features from usage_roll_all_H2X to D:/GIS/mtl_gisoo_fsa_data\\output_data\\H2X\\usage_roll_all_only\\usage_roll_all_only.gpkg."}
{"ts": "2026-09-02T16:07:39", "level": "INFO", "service": "gis-cities-mtl_fsa_gisoo-h2x", "env": "dev", "logger": "citygisoo.scrub_layer_class", "request_id": "-", "msg": "Loaded layer usage_roll_all_only_H2X from D:/GIS/mtl_gisoo_fsa_data\\output_data\\H2X\\usage_roll_all_only\\usage_roll_all_only.gpkg."}
{"ts": "2026-09-02T16:07:39", "level": "INFO", "service": "gis-cities-mtl_fsa_gisoo-h2x", "env": "dev", "logger": "citygisoo.scrub_layer_class", "request_id": "-", "msg": "Creating spatial index for usage_roll_all_only_H2X is completed."}
{"ts": "2026-09-02T16:07:39", "level": "INFO", "service": "gis-cities-mtl_fsa_gisoo-h2x", "env": "dev", "logger": "jug_gis_cities.mtl_fsa_gisoo.workflow", "request_id": "-", "msg": "The usage_roll_all_only_H2X has 410 records."}
{"ts": "2026-09-02T16:07:39", "level": "INFO", "service": "gis-cities-mtl_fsa_gisoo-h2x", "env": "dev", "logger": "jug_gis_cities.mtl_fsa_gisoo.workflow", "request_id": "-", "msg": "Completed Montreal H2X workflow step: extract usage roll missing nrcan geometry in 0.821s."}
{"ts": "2026-09-02T16:07:39", "level": "INFO", "service": "gis-cities-mtl_fsa_gisoo-h2x", "env": "dev", "logger": "jug_gis_cities.mtl_fsa_gisoo.workflow", "request_id": "-", "msg": "Starting Montreal H2X workflow step: merge nrcan usage roll layers."}
{"ts": "2026-09-02T16:07:49", "level": "INFO", "service": "gis-cities-mtl_fsa_gisoo-h2x", "env": "dev", "logger": "citygisoo.scrub_layer_class", "request_id": "-", "msg": "Merged 2 explicit layers into D:/GIS/mtl_gisoo_fsa_data\\output_data\\H2X\\nrcan_usage_roll\\nrcan_usage_roll.gpkg."}
{"ts": "2026-09-02T16:07:49", "level": "INFO", "service": "gis-cities-mtl_fsa_gisoo-h2x", "env": "dev", "logger": "citygisoo.scrub_layer_class", "request_id": "-", "msg": "Loaded layer nrcan_usage_roll_H2X from D:/GIS/mtl_gisoo_fsa_data\\output_data\\H2X\\nrcan_usage_roll\\nrcan_usage_roll.gpkg."}
{"ts": "2026-09-02T16:07:49", "level": "INFO", "service": "gis-cities-mtl_fsa_gisoo-h2x", "env": "dev", "logger": "citygisoo.scrub_layer_class", "request_id": "-", "msg": "Creating spatial index for nrcan_usage_roll_H2X is completed."}
{"ts": "2026-09-02T16:07:49", "level": "INFO", "service": "gis-cities-mtl_fsa_gisoo-h2x", "env": "dev", "logger": "jug_gis_cities.mtl_fsa_gisoo.workflow", "request_id": "-", "msg": "The nrcan_usage_roll_H2X has 13558 records."}
{"ts": "2026-09-02T16:07:49", "level": "INFO", "service": "gis-cities-mtl_fsa_gisoo-h2x", "env": "dev", "logger": "jug_gis_cities.mtl_fsa_gisoo.workflow", "request_id": "-", "msg": "Completed Montreal H2X workflow step: merge nrcan usage roll layers in 10.606s."}
{"ts": "2026-09-02T16:07:49", "level": "INFO", "service": "gis-cities-mtl_fsa_gisoo-h2x", "env": "dev", "logger": "jug_gis_cities.mtl_fsa_gisoo.workflow", "request_id": "-", "msg": "Starting Montreal H2X workflow step: assign nrcan usage roll FSA field."}
{"ts": "2026-09-02T16:08:15", "level": "INFO", "service": "gis-cities-mtl_fsa_gisoo-h2x", "env": "dev", "logger": "citygisoo.scrub_layer_class", "request_id": "-", "msg": "Assigned expression values to field FSA on nrcan_usage_roll_H2X for 13558 features."}
{"ts": "2026-09-02T16:08:15", "level": "INFO", "service": "gis-cities-mtl_fsa_gisoo-h2x", "env": "dev", "logger": "jug_gis_cities.mtl_fsa_gisoo.workflow", "request_id": "-", "msg": "Completed Montreal H2X workflow step: assign nrcan usage roll FSA field in 25.437s."}
{"ts": "2026-09-02T16:08:15", "level": "INFO", "service": "gis-cities-mtl_fsa_gisoo-h2x", "env": "dev", "logger": "jug_gis_cities.mtl_fsa_gisoo.workflow", "request_id": "-", "msg": "Starting Montreal H2X workflow step: assign nrcan usage roll citygisoo id field."}
{"ts": "2026-09-02T16:08:39", "level": "INFO", "service": "gis-cities-mtl_fsa_gisoo-h2x", "env": "dev", "logger": "citygisoo.scrub_layer_class", "request_id": "-", "msg": "Assigned expression values to field citygisoo_id on nrcan_usage_roll_H2X for 13558 features."}
{"ts": "2026-09-02T16:08:39", "level": "INFO", "service": "gis-cities-mtl_fsa_gisoo-h2x", "env": "dev", "logger": "jug_gis_cities.mtl_fsa_gisoo.workflow", "request_id": "-", "msg": "Completed Montreal H2X workflow step: assign nrcan usage roll citygisoo id field in 23.907s."}
{"ts": "2026-09-02T16:08:39", "level": "INFO", "service": "gis-cities-mtl_fsa_gisoo-h2x", "env": "dev", "logger": "jug_gis_cities.mtl_fsa_gisoo.workflow", "request_id": "-", "msg": "Starting Montreal H2X workflow step: assign nrcan usage roll citygisoo area field."}
{"ts": "2026-09-02T16:08:41", "level": "INFO", "service": "gis-cities-mtl_fsa_gisoo-h2x", "env": "dev", "logger": "citygisoo.geopackage_feature_processor", "request_id": "-", "msg": "Assigned Python-calculated values to field citygisoo_area on nrcan_usage_roll_H2X for 13558 features."}
{"ts": "2026-09-02T16:08:41", "level": "INFO", "service": "gis-cities-mtl_fsa_gisoo-h2x", "env": "dev", "logger": "jug_gis_cities.mtl_fsa_gisoo.workflow", "request_id": "-", "msg": "Completed Montreal H2X workflow step: assign nrcan usage roll citygisoo area field in 2.315s."}
{"ts": "2026-09-02T16:08:41", "level": "INFO", "service": "gis-cities-mtl_fsa_gisoo-h2x", "env": "dev", "logger": "jug_gis_cities.mtl_fsa_gisoo.workflow", "request_id": "-", "msg": "Starting Montreal H2X workflow step: assign nrcan usage roll processing tool field."}
{"ts": "2026-09-02T16:09:08", "level": "INFO", "service": "gis-cities-mtl_fsa_gisoo-h2x", "env": "dev", "logger": "citygisoo.scrub_layer_class", "request_id": "-", "msg": "Assigned expression values to field processing_tool on nrcan_usage_roll_H2X for 13558 features."}
{"ts": "2026-09-02T16:09:08", "level": "INFO", "service": "gis-cities-mtl_fsa_gisoo-h2x", "env": "dev", "logger": "jug_gis_cities.mtl_fsa_gisoo.workflow", "request_id": "-", "msg": "Completed Montreal H2X workflow step: assign nrcan usage roll processing tool field in 26.824s."}
{"ts": "2026-09-02T16:09:08", "level": "INFO", "service": "gis-cities-mtl_fsa_gisoo-h2x", "env": "dev", "logger": "jug_gis_cities.mtl_fsa_gisoo.workflow", "request_id": "-", "msg": "Starting Montreal H2X workflow step: assign nrcan usage roll processed by field."}
{"ts": "2026-09-02T16:09:36", "level": "INFO", "service": "gis-cities-mtl_fsa_gisoo-h2x", "env": "dev", "logger": "citygisoo.scrub_layer_class", "request_id": "-", "msg": "Assigned expression values to field processed_by on nrcan_usage_roll_H2X for 13558 features."}
{"ts": "2026-09-02T16:09:36", "level": "INFO", "service": "gis-cities-mtl_fsa_gisoo-h2x", "env": "dev", "logger": "jug_gis_cities.mtl_fsa_gisoo.workflow", "request_id": "-", "msg": "Completed Montreal H2X workflow step: assign nrcan usage roll processed by field in 28.198s."}
{"ts": "2026-09-02T16:09:36", "level": "INFO", "service": "gis-cities-mtl_fsa_gisoo-h2x", "env": "dev", "logger": "jug_gis_cities.mtl_fsa_gisoo.workflow", "request_id": "-", "msg": "Starting Montreal H2X workflow step: create finalized GISOO layer."}
{"ts": "2026-09-02T16:09:40", "level": "INFO", "service": "gis-cities-mtl_fsa_gisoo-h2x", "env": "dev", "logger": "citygisoo.geopackage_feature_processor", "request_id": "-", "msg": "Wrote 13558 features from nrcan_usage_roll_H2X to D:/GIS/mtl_gisoo_fsa_data\\output_data\\H2X\\mtl_H2X_gisoo\\mtl_H2X_gisoo.gpkg."}
{"ts": "2026-09-02T16:09:40", "level": "INFO", "service": "gis-cities-mtl_fsa_gisoo-h2x", "env": "dev", "logger": "citygisoo.scrub_layer_class", "request_id": "-", "msg": "Loaded layer mtl_H2X_gisoo from D:/GIS/mtl_gisoo_fsa_data\\output_data\\H2X\\mtl_H2X_gisoo\\mtl_H2X_gisoo.gpkg."}
{"ts": "2026-09-02T16:09:40", "level": "INFO", "service": "gis-cities-mtl_fsa_gisoo-h2x", "env": "dev", "logger": "citygisoo.scrub_layer_class", "request_id": "-", "msg": "Creating spatial index for mtl_H2X_gisoo is completed."}
{"ts": "2026-09-02T16:09:40", "level": "INFO", "service": "gis-cities-mtl_fsa_gisoo-h2x", "env": "dev", "logger": "jug_gis_cities.mtl_fsa_gisoo.workflow", "request_id": "-", "msg": "The mtl_H2X_gisoo has 13558 records."}
{"ts": "2026-09-02T16:09:40", "level": "INFO", "service": "gis-cities-mtl_fsa_gisoo-h2x", "env": "dev", "logger": "jug_gis_cities.mtl_fsa_gisoo.workflow", "request_id": "-", "msg": "Completed Montreal H2X workflow step: create finalized GISOO layer in 3.947s."}
{"ts": "2026-09-02T16:09:40", "level": "INFO", "service": "gis-cities-mtl_fsa_gisoo-h2x", "env": "dev", "logger": "jug_gis_cities.mtl_fsa_gisoo.workflow", "request_id": "-", "msg": "Completed Montreal FSA GISOO workflow. FSA=H2X Output=D:/GIS/mtl_gisoo_fsa_data\\output_data\\H2X\\mtl_H2X_gisoo\\mtl_H2X_gisoo.gpkg Elapsed=397.540s"}
{"ts": "2026-09-02T16:09:40", "level": "INFO", "service": "gis-cities-mtl_fsa_gisoo-h2x", "env": "dev", "logger": "jug_gis_cities.application.jug_gis_cities", "request_id": "-", "msg": "Running GIS city component callable with FSA. Component=mtl_fsa_gisoo Callable=contract_adapter.run_contract_adapter FSA=H2X"}
{"ts": "2026-09-02T16:09:40", "level": "INFO", "service": "gis-cities-mtl_fsa_gisoo-h2x", "env": "dev", "logger": "jug_gis_cities.mtl_fsa_gisoo.contract_adapter", "request_id": "-", "msg": "Starting Montreal FSA contract adapter. FSA=H2X Input=D:/GIS/mtl_gisoo_fsa_data\\output_data\\H2X\\mtl_H2X_gisoo\\mtl_H2X_gisoo.gpkg Output=D:/GIS/mtl_gisoo_fsa_data\\output_data\\H2X\\mtl_H2X_gisoo_standardized\\mtl_H2X_gisoo_standardized.geojson"}
{"ts": "2026-09-02T16:09:40", "level": "INFO", "service": "gis-cities-mtl_fsa_gisoo-h2x", "env": "dev", "logger": "citygisoo.building_contract_adapter", "request_id": "-", "msg": "Starting building contract adapter. Input=D:/GIS/mtl_gisoo_fsa_data\\output_data\\H2X\\mtl_H2X_gisoo\\mtl_H2X_gisoo.gpkg Output=D:/GIS/mtl_gisoo_fsa_data\\output_data\\H2X\\mtl_H2X_gisoo_standardized\\mtl_H2X_gisoo_standardized.geojson"}
{"ts": "2026-09-02T16:09:40", "level": "INFO", "service": "gis-cities-mtl_fsa_gisoo-h2x", "env": "dev", "logger": "citygisoo.scrub_layer_class", "request_id": "-", "msg": "Loaded layer mtl_H2X_gisoo from D:/GIS/mtl_gisoo_fsa_data\\output_data\\H2X\\mtl_H2X_gisoo\\mtl_H2X_gisoo.gpkg."}
{"ts": "2026-09-02T16:09:40", "level": "INFO", "service": "gis-cities-mtl_fsa_gisoo-h2x", "env": "dev", "logger": "citygisoo.field_schema_manager", "request_id": "-", "msg": "Refactoring 21 fields from layer mtl_H2X_gisoo into D:/GIS/mtl_gisoo_fsa_data\\output_data\\H2X\\mtl_H2X_gisoo_standardized\\mtl_H2X_gisoo_standardized.gpkg in one operation."}
{"ts": "2026-09-02T16:09:42", "level": "INFO", "service": "gis-cities-mtl_fsa_gisoo-h2x", "env": "dev", "logger": "citygisoo.scrub_layer_class", "request_id": "-", "msg": "Loaded layer mtl_H2X_gisoo_standardized from D:/GIS/mtl_gisoo_fsa_data\\output_data\\H2X\\mtl_H2X_gisoo_standardized\\mtl_H2X_gisoo_standardized.gpkg."}
{"ts": "2026-09-02T16:09:42", "level": "INFO", "service": "gis-cities-mtl_fsa_gisoo-h2x", "env": "dev", "logger": "citygisoo.field_schema_manager", "request_id": "-", "msg": "Standardized fields for layer mtl_H2X_gisoo_standardized."}
{"ts": "2026-09-02T16:09:42", "level": "INFO", "service": "gis-cities-mtl_fsa_gisoo-h2x", "env": "dev", "logger": "citygisoo.building_contract_adapter", "request_id": "-", "msg": "Skipping null-feature deletion because no non-null contract fields were configured."}
{"ts": "2026-09-02T16:09:43", "level": "INFO", "service": "gis-cities-mtl_fsa_gisoo-h2x", "env": "dev", "logger": "citygisoo.field_schema_manager", "request_id": "-", "msg": "Assigned 13558 ID values to field id on layer mtl_H2X_gisoo_standardized."}
{"ts": "2026-09-02T16:09:43", "level": "INFO", "service": "gis-cities-mtl_fsa_gisoo-h2x", "env": "dev", "logger": "citygisoo.scrub_layer_class", "request_id": "-", "msg": "Creating spatial index for mtl_H2X_gisoo_standardized is completed."}
{"ts": "2026-09-02T16:09:43", "level": "INFO", "service": "gis-cities-mtl_fsa_gisoo-h2x", "env": "dev", "logger": "citygisoo.field_schema_manager", "request_id": "-", "msg": "Exporting layer mtl_H2X_gisoo_standardized to GeoJSON at D:/GIS/mtl_gisoo_fsa_data\\output_data\\H2X\\mtl_H2X_gisoo_standardized\\mtl_H2X_gisoo_standardized.geojson with 23 fields, 13558 features, CRS EPSG:4617, provider ogr."}
{"ts": "2026-09-02T16:09:43", "level": "INFO", "service": "gis-cities-mtl_fsa_gisoo-h2x", "env": "dev", "logger": "citygisoo.field_schema_manager", "request_id": "-", "msg": "Writing layer mtl_H2X_gisoo_standardized to D:/GIS/mtl_gisoo_fsa_data\\output_data\\H2X\\mtl_H2X_gisoo_standardized\\mtl_H2X_gisoo_standardized.geojson with driver GeoJSON using provider ogr."}
{"ts": "2026-09-02T16:09:46", "level": "INFO", "service": "gis-cities-mtl_fsa_gisoo-h2x", "env": "dev", "logger": "citygisoo.field_schema_manager", "request_id": "-", "msg": "Exported layer mtl_H2X_gisoo_standardized to D:/GIS/mtl_gisoo_fsa_data\\output_data\\H2X\\mtl_H2X_gisoo_standardized\\mtl_H2X_gisoo_standardized.geojson."}
{"ts": "2026-09-02T16:09:48", "level": "INFO", "service": "gis-cities-mtl_fsa_gisoo-h2x", "env": "dev", "logger": "citygisoo.scrub_layer_class", "request_id": "-", "msg": "Loaded layer mtl_H2X_gisoo_standardized from D:/GIS/mtl_gisoo_fsa_data\\output_data\\H2X\\mtl_H2X_gisoo_standardized\\mtl_H2X_gisoo_standardized.geojson."}
{"ts": "2026-09-02T16:09:54", "level": "INFO", "service": "gis-cities-mtl_fsa_gisoo-h2x", "env": "dev", "logger": "citygisoo.field_schema_manager", "request_id": "-", "msg": "Promoted property id to feature-level ID for layer mtl_H2X_gisoo_standardized."}
{"ts": "2026-09-02T16:09:54", "level": "INFO", "service": "gis-cities-mtl_fsa_gisoo-h2x", "env": "dev", "logger": "citygisoo.building_contract_adapter", "request_id": "-", "msg": "Completed building contract adapter. GeoJSON output=D:/GIS/mtl_gisoo_fsa_data\\output_data\\H2X\\mtl_H2X_gisoo_standardized\\mtl_H2X_gisoo_standardized.geojson GeoPackage output=D:/GIS/mtl_gisoo_fsa_data\\output_data\\H2X\\mtl_H2X_gisoo_standardized\\mtl_H2X_gisoo_standardized.gpkg"}
{"ts": "2026-09-02T16:09:54", "level": "INFO", "service": "gis-cities-mtl_fsa_gisoo-h2x", "env": "dev", "logger": "jug_gis_cities.mtl_fsa_gisoo.contract_adapter", "request_id": "-", "msg": "Completed Montreal FSA contract adapter. FSA=H2X Output=D:/GIS/mtl_gisoo_fsa_data\\output_data\\H2X\\mtl_H2X_gisoo_standardized\\mtl_H2X_gisoo_standardized.geojson Elapsed=13.826s"}
{"ts": "2026-09-02T16:09:54", "level": "INFO", "service": "gis-cities-mtl_fsa_gisoo-h2x", "env": "dev", "logger": "jug_gis_cities.application.jug_gis_cities", "request_id": "-", "msg": "Completed GIS city component. Component=mtl_fsa_gisoo Mode=standardize FSA=H2X WorkflowOutput=D:/GIS/mtl_gisoo_fsa_data\\output_data\\H2X\\mtl_H2X_gisoo\\mtl_H2X_gisoo.gpkg StandardizedOutput=D:/GIS/mtl_gisoo_fsa_data\\output_data\\H2X\\mtl_H2X_gisoo_standardized\\mtl_H2X_gisoo_standardized.geojson Cleaned=0 Elapsed=411.374s"}
