{"ts": "2026-08-24T17:07:24", "level": "INFO", "service": "gis-cities-mtl_fsa_gisoo-h3b", "env": "dev", "logger": "jug_gis_cities.application.jug_gis_cities", "request_id": "-", "msg": "Starting isolated GIS city component. Component=mtl_fsa_gisoo Mode=standardize FSA=H3B"}
{"ts": "2026-08-24T17:07:24", "level": "INFO", "service": "gis-cities-mtl_fsa_gisoo-h3b", "env": "dev", "logger": "jug_gis_cities.application.jug_gis_cities", "request_id": "-", "msg": "Running GIS city component callable with FSA. Component=mtl_fsa_gisoo Callable=output_cleanup.cleanup_outputs FSA=H3B"}
{"ts": "2026-08-24T17:07:25", "level": "INFO", "service": "gis-cities-mtl_fsa_gisoo-h3b", "env": "dev", "logger": "jug_gis_cities.application.jug_gis_cities", "request_id": "-", "msg": "Initialized QGIS in disposable GIS component worker. Prefix=C:/QGIS_I~1/OSGeo4W/apps/qgis-ltr"}
{"ts": "2026-08-24T17:07:25", "level": "INFO", "service": "gis-cities-mtl_fsa_gisoo-h3b", "env": "dev", "logger": "jug_gis_cities.application.jug_gis_cities", "request_id": "-", "msg": "Starting GIS city component. Component=mtl_fsa_gisoo Mode=standardize FSA=H3B"}
{"ts": "2026-08-24T17:07:25", "level": "INFO", "service": "gis-cities-mtl_fsa_gisoo-h3b", "env": "dev", "logger": "jug_gis_cities.application.jug_gis_cities", "request_id": "-", "msg": "Running GIS city component callable with FSA. Component=mtl_fsa_gisoo Callable=workflow.run_workflow FSA=H3B"}
{"ts": "2026-08-24T17:07:25", "level": "INFO", "service": "gis-cities-mtl_fsa_gisoo-h3b", "env": "dev", "logger": "jug_gis_cities.mtl_fsa_gisoo.workflow", "request_id": "-", "msg": "Starting Montreal FSA GISOO workflow. FSA=H3B Output directory=D:/GIS/mtl_gisoo_fsa_data\\output_data\\H3B"}
{"ts": "2026-08-24T17:07:25", "level": "INFO", "service": "gis-cities-mtl_fsa_gisoo-h3b", "env": "dev", "logger": "jug_gis_cities.mtl_fsa_gisoo.workflow", "request_id": "-", "msg": "Starting Montreal H3B workflow step: prepare output folders."}
{"ts": "2026-08-24T17:07:25", "level": "INFO", "service": "gis-cities-mtl_fsa_gisoo-h3b", "env": "dev", "logger": "jug_gis_cities.mtl_fsa_gisoo.workflow", "request_id": "-", "msg": "Completed Montreal H3B workflow step: prepare output folders in 0.007s."}
{"ts": "2026-08-24T17:07:25", "level": "INFO", "service": "gis-cities-mtl_fsa_gisoo-h3b", "env": "dev", "logger": "jug_gis_cities.mtl_fsa_gisoo.workflow", "request_id": "-", "msg": "Starting Montreal H3B workflow step: load input layers."}
{"ts": "2026-08-24T17:07:25", "level": "INFO", "service": "gis-cities-mtl_fsa_gisoo-h3b", "env": "dev", "logger": "citygisoo.scrub_layer_class", "request_id": "-", "msg": "Loaded layer roll_mtl from D:/GIS/mtl_gisoo_fsa_data\\input_data\\mtl_role_2025_unit_eval_et_address_geopackage\\mtl_island_role_2025_unit_eval_et_address.gpkg."}
{"ts": "2026-08-24T17:07:25", "level": "INFO", "service": "gis-cities-mtl_fsa_gisoo-h3b", "env": "dev", "logger": "citygisoo.scrub_layer_class", "request_id": "-", "msg": "Loaded layer nrcan_mtl from D:/GIS/mtl_gisoo_fsa_data\\input_data\\mtl_auto_with_heights\\mtl_auto_with_heights.gpkg."}
{"ts": "2026-08-24T17:07:25", "level": "INFO", "service": "gis-cities-mtl_fsa_gisoo-h3b", "env": "dev", "logger": "citygisoo.scrub_layer_class", "request_id": "-", "msg": "Loaded layer nrcan_preserved_mtl from D:/GIS/mtl_gisoo_fsa_data\\input_data\\mtl_auto_with_heights_preserved\\mtl_auto_with_heights_preserved.gpkg."}
{"ts": "2026-08-24T17:07:25", "level": "INFO", "service": "gis-cities-mtl_fsa_gisoo-h3b", "env": "dev", "logger": "citygisoo.scrub_layer_class", "request_id": "-", "msg": "Loaded layer usage_mtl from D:/GIS/mtl_gisoo_fsa_data\\input_data\\mamh_usage_predo_2026_gpkg\\mamh_usage_predo_2026_s_poly.gpkg."}
{"ts": "2026-08-24T17:07:25", "level": "INFO", "service": "gis-cities-mtl_fsa_gisoo-h3b", "env": "dev", "logger": "citygisoo.scrub_layer_class", "request_id": "-", "msg": "Loaded layer usage_dup_mtl from D:/GIS/mtl_gisoo_fsa_data\\input_data\\mamh_usage_predo_2026_gpkg_dup\\mamh_usage_predo_2026_dup.gpkg."}
{"ts": "2026-08-24T17:07:25", "level": "INFO", "service": "gis-cities-mtl_fsa_gisoo-h3b", "env": "dev", "logger": "citygisoo.scrub_layer_class", "request_id": "-", "msg": "Loaded layer fsa_boundaries from D:/GIS/mtl_gisoo_fsa_data\\input_data\\mtl_island_fsa_boundaries\\mtl_island_fsa_boundaries_dmti_2025.gpkg."}
{"ts": "2026-08-24T17:07:25", "level": "INFO", "service": "gis-cities-mtl_fsa_gisoo-h3b", "env": "dev", "logger": "jug_gis_cities.mtl_fsa_gisoo.workflow", "request_id": "-", "msg": "The roll_mtl has 510932 records."}
{"ts": "2026-08-24T17:07:25", "level": "INFO", "service": "gis-cities-mtl_fsa_gisoo-h3b", "env": "dev", "logger": "jug_gis_cities.mtl_fsa_gisoo.workflow", "request_id": "-", "msg": "The nrcan_mtl has 221563 records."}
{"ts": "2026-08-24T17:07:25", "level": "INFO", "service": "gis-cities-mtl_fsa_gisoo-h3b", "env": "dev", "logger": "jug_gis_cities.mtl_fsa_gisoo.workflow", "request_id": "-", "msg": "The nrcan_preserved_mtl has 221563 records."}
{"ts": "2026-08-24T17:07:25", "level": "INFO", "service": "gis-cities-mtl_fsa_gisoo-h3b", "env": "dev", "logger": "jug_gis_cities.mtl_fsa_gisoo.workflow", "request_id": "-", "msg": "The usage_mtl has 553622 records."}
{"ts": "2026-08-24T17:07:25", "level": "INFO", "service": "gis-cities-mtl_fsa_gisoo-h3b", "env": "dev", "logger": "jug_gis_cities.mtl_fsa_gisoo.workflow", "request_id": "-", "msg": "The usage_dup_mtl has 553622 records."}
{"ts": "2026-08-24T17:07:25", "level": "INFO", "service": "gis-cities-mtl_fsa_gisoo-h3b", "env": "dev", "logger": "jug_gis_cities.mtl_fsa_gisoo.workflow", "request_id": "-", "msg": "The fsa_boundaries has 99 records."}
{"ts": "2026-08-24T17:07:25", "level": "INFO", "service": "gis-cities-mtl_fsa_gisoo-h3b", "env": "dev", "logger": "jug_gis_cities.mtl_fsa_gisoo.workflow", "request_id": "-", "msg": "Completed Montreal H3B workflow step: load input layers in 0.290s."}
{"ts": "2026-08-24T17:07:25", "level": "INFO", "service": "gis-cities-mtl_fsa_gisoo-h3b", "env": "dev", "logger": "jug_gis_cities.mtl_fsa_gisoo.workflow", "request_id": "-", "msg": "Starting Montreal H3B workflow step: extract FSA boundary."}
{"ts": "2026-08-24T17:07:25", "level": "INFO", "service": "gis-cities-mtl_fsa_gisoo-h3b", "env": "dev", "logger": "citygisoo.scrub_layer_class", "request_id": "-", "msg": "Extracted features from fsa_boundaries where g_fsa = H3B into D:/GIS/mtl_gisoo_fsa_data\\output_data\\H3B\\fsa_boundary\\fsa_boundary.gpkg."}
{"ts": "2026-08-24T17:07:25", "level": "INFO", "service": "gis-cities-mtl_fsa_gisoo-h3b", "env": "dev", "logger": "citygisoo.scrub_layer_class", "request_id": "-", "msg": "Loaded layer fsa_boundary_H3B from D:/GIS/mtl_gisoo_fsa_data\\output_data\\H3B\\fsa_boundary\\fsa_boundary.gpkg."}
{"ts": "2026-08-24T17:07:25", "level": "INFO", "service": "gis-cities-mtl_fsa_gisoo-h3b", "env": "dev", "logger": "citygisoo.scrub_layer_class", "request_id": "-", "msg": "Creating spatial index for fsa_boundary_H3B is completed."}
{"ts": "2026-08-24T17:07:25", "level": "INFO", "service": "gis-cities-mtl_fsa_gisoo-h3b", "env": "dev", "logger": "jug_gis_cities.mtl_fsa_gisoo.workflow", "request_id": "-", "msg": "The fsa_boundary_H3B has 1 records."}
{"ts": "2026-08-24T17:07:25", "level": "INFO", "service": "gis-cities-mtl_fsa_gisoo-h3b", "env": "dev", "logger": "jug_gis_cities.mtl_fsa_gisoo.workflow", "request_id": "-", "msg": "Completed Montreal H3B workflow step: extract FSA boundary in 0.166s."}
{"ts": "2026-08-24T17:07:25", "level": "INFO", "service": "gis-cities-mtl_fsa_gisoo-h3b", "env": "dev", "logger": "jug_gis_cities.mtl_fsa_gisoo.workflow", "request_id": "-", "msg": "Starting Montreal H3B workflow step: clip input layers to FSA boundary."}
{"ts": "2026-08-24T17:07:26", "level": "INFO", "service": "gis-cities-mtl_fsa_gisoo-h3b", "env": "dev", "logger": "citygisoo.scrub_layer_class", "request_id": "-", "msg": "Clipping of nrcan_mtl is completed."}
{"ts": "2026-08-24T17:07:26", "level": "INFO", "service": "gis-cities-mtl_fsa_gisoo-h3b", "env": "dev", "logger": "citygisoo.scrub_layer_class", "request_id": "-", "msg": "Loaded layer nrcan_clipped_H3B from D:/GIS/mtl_gisoo_fsa_data\\output_data\\H3B\\nrcan\\nrcan.gpkg."}
{"ts": "2026-08-24T17:07:26", "level": "INFO", "service": "gis-cities-mtl_fsa_gisoo-h3b", "env": "dev", "logger": "citygisoo.scrub_layer_class", "request_id": "-", "msg": "Creating spatial index for nrcan_clipped_H3B is completed."}
{"ts": "2026-08-24T17:07:26", "level": "INFO", "service": "gis-cities-mtl_fsa_gisoo-h3b", "env": "dev", "logger": "jug_gis_cities.mtl_fsa_gisoo.workflow", "request_id": "-", "msg": "The nrcan_clipped_H3B has 77 records."}
{"ts": "2026-08-24T17:07:26", "level": "INFO", "service": "gis-cities-mtl_fsa_gisoo-h3b", "env": "dev", "logger": "citygisoo.scrub_layer_class", "request_id": "-", "msg": "Clipping of nrcan_preserved_mtl is completed."}
{"ts": "2026-08-24T17:07:26", "level": "INFO", "service": "gis-cities-mtl_fsa_gisoo-h3b", "env": "dev", "logger": "citygisoo.scrub_layer_class", "request_id": "-", "msg": "Loaded layer nrcan_preserved_H3B from D:/GIS/mtl_gisoo_fsa_data\\output_data\\H3B\\nrcan_preserved\\nrcan_preserved.gpkg."}
{"ts": "2026-08-24T17:07:26", "level": "INFO", "service": "gis-cities-mtl_fsa_gisoo-h3b", "env": "dev", "logger": "citygisoo.scrub_layer_class", "request_id": "-", "msg": "Creating spatial index for nrcan_preserved_H3B is completed."}
{"ts": "2026-08-24T17:07:26", "level": "INFO", "service": "gis-cities-mtl_fsa_gisoo-h3b", "env": "dev", "logger": "jug_gis_cities.mtl_fsa_gisoo.workflow", "request_id": "-", "msg": "The nrcan_preserved_H3B has 77 records."}
{"ts": "2026-08-24T17:07:26", "level": "INFO", "service": "gis-cities-mtl_fsa_gisoo-h3b", "env": "dev", "logger": "citygisoo.scrub_layer_class", "request_id": "-", "msg": "Clipping of roll_mtl is completed."}
{"ts": "2026-08-24T17:07:26", "level": "INFO", "service": "gis-cities-mtl_fsa_gisoo-h3b", "env": "dev", "logger": "citygisoo.scrub_layer_class", "request_id": "-", "msg": "Loaded layer roll_clipped_H3B from D:/GIS/mtl_gisoo_fsa_data\\output_data\\H3B\\roll\\roll.gpkg."}
{"ts": "2026-08-24T17:07:26", "level": "INFO", "service": "gis-cities-mtl_fsa_gisoo-h3b", "env": "dev", "logger": "citygisoo.scrub_layer_class", "request_id": "-", "msg": "Creating spatial index for roll_clipped_H3B is completed."}
{"ts": "2026-08-24T17:07:26", "level": "INFO", "service": "gis-cities-mtl_fsa_gisoo-h3b", "env": "dev", "logger": "jug_gis_cities.mtl_fsa_gisoo.workflow", "request_id": "-", "msg": "The roll_clipped_H3B has 1897 records."}
{"ts": "2026-08-24T17:07:27", "level": "INFO", "service": "gis-cities-mtl_fsa_gisoo-h3b", "env": "dev", "logger": "citygisoo.scrub_layer_class", "request_id": "-", "msg": "Clipping of usage_mtl is completed."}
{"ts": "2026-08-24T17:07:27", "level": "INFO", "service": "gis-cities-mtl_fsa_gisoo-h3b", "env": "dev", "logger": "citygisoo.scrub_layer_class", "request_id": "-", "msg": "Loaded layer usage_clipped_H3B from D:/GIS/mtl_gisoo_fsa_data\\output_data\\H3B\\usage\\usage.gpkg."}
{"ts": "2026-08-24T17:07:27", "level": "INFO", "service": "gis-cities-mtl_fsa_gisoo-h3b", "env": "dev", "logger": "citygisoo.scrub_layer_class", "request_id": "-", "msg": "Creating spatial index for usage_clipped_H3B is completed."}
{"ts": "2026-08-24T17:07:27", "level": "INFO", "service": "gis-cities-mtl_fsa_gisoo-h3b", "env": "dev", "logger": "jug_gis_cities.mtl_fsa_gisoo.workflow", "request_id": "-", "msg": "The usage_clipped_H3B has 4868 records."}
{"ts": "2026-08-24T17:07:28", "level": "INFO", "service": "gis-cities-mtl_fsa_gisoo-h3b", "env": "dev", "logger": "citygisoo.scrub_layer_class", "request_id": "-", "msg": "Clipping of usage_dup_mtl is completed."}
{"ts": "2026-08-24T17:07:28", "level": "INFO", "service": "gis-cities-mtl_fsa_gisoo-h3b", "env": "dev", "logger": "citygisoo.scrub_layer_class", "request_id": "-", "msg": "Loaded layer usage_dup_H3B from D:/GIS/mtl_gisoo_fsa_data\\output_data\\H3B\\usage_dup\\usage_dup.gpkg."}
{"ts": "2026-08-24T17:07:28", "level": "INFO", "service": "gis-cities-mtl_fsa_gisoo-h3b", "env": "dev", "logger": "citygisoo.scrub_layer_class", "request_id": "-", "msg": "Creating spatial index for usage_dup_H3B is completed."}
{"ts": "2026-08-24T17:07:28", "level": "INFO", "service": "gis-cities-mtl_fsa_gisoo-h3b", "env": "dev", "logger": "jug_gis_cities.mtl_fsa_gisoo.workflow", "request_id": "-", "msg": "The usage_dup_H3B has 4868 records."}
{"ts": "2026-08-24T17:07:28", "level": "INFO", "service": "gis-cities-mtl_fsa_gisoo-h3b", "env": "dev", "logger": "jug_gis_cities.mtl_fsa_gisoo.workflow", "request_id": "-", "msg": "Completed Montreal H3B workflow step: clip input layers to FSA boundary in 2.596s."}
{"ts": "2026-08-24T17:07:28", "level": "INFO", "service": "gis-cities-mtl_fsa_gisoo-h3b", "env": "dev", "logger": "jug_gis_cities.mtl_fsa_gisoo.workflow", "request_id": "-", "msg": "Starting Montreal H3B workflow step: fix nrcan geometries."}
{"ts": "2026-08-24T17:07:28", "level": "INFO", "service": "gis-cities-mtl_fsa_gisoo-h3b", "env": "dev", "logger": "citygisoo.scrub_layer_class", "request_id": "-", "msg": "Fixed geometries for nrcan_clipped_H3B into D:/GIS/mtl_gisoo_fsa_data\\output_data\\H3B\\nrcan_fixed\\nrcan_fixed.gpkg."}
{"ts": "2026-08-24T17:07:28", "level": "INFO", "service": "gis-cities-mtl_fsa_gisoo-h3b", "env": "dev", "logger": "citygisoo.scrub_layer_class", "request_id": "-", "msg": "Loaded layer nrcan_fixed_H3B from D:/GIS/mtl_gisoo_fsa_data\\output_data\\H3B\\nrcan_fixed\\nrcan_fixed.gpkg."}
{"ts": "2026-08-24T17:07:28", "level": "INFO", "service": "gis-cities-mtl_fsa_gisoo-h3b", "env": "dev", "logger": "citygisoo.scrub_layer_class", "request_id": "-", "msg": "Creating spatial index for nrcan_fixed_H3B is completed."}
{"ts": "2026-08-24T17:07:28", "level": "INFO", "service": "gis-cities-mtl_fsa_gisoo-h3b", "env": "dev", "logger": "jug_gis_cities.mtl_fsa_gisoo.workflow", "request_id": "-", "msg": "The nrcan_fixed_H3B has 77 records."}
{"ts": "2026-08-24T17:07:28", "level": "INFO", "service": "gis-cities-mtl_fsa_gisoo-h3b", "env": "dev", "logger": "jug_gis_cities.mtl_fsa_gisoo.workflow", "request_id": "-", "msg": "Completed Montreal H3B workflow step: fix nrcan geometries in 0.070s."}
{"ts": "2026-08-24T17:07:28", "level": "INFO", "service": "gis-cities-mtl_fsa_gisoo-h3b", "env": "dev", "logger": "jug_gis_cities.mtl_fsa_gisoo.workflow", "request_id": "-", "msg": "Starting Montreal H3B workflow step: assign nrcan area field."}
{"ts": "2026-08-24T17:07:28", "level": "WARNING", "service": "gis-cities-mtl_fsa_gisoo-h3b", "env": "dev", "logger": "py.warnings", "request_id": "-", "msg": "C:\\Users\\a_adli\\docker_projects\\sabu\\libs\\citygisoo\\src\\citygisoo\\geopackage_feature_processor.py:264: DeprecationWarning: QgsField constructor is deprecated\n  return QgsField(\n"}
{"ts": "2026-08-24T17:07:28", "level": "INFO", "service": "gis-cities-mtl_fsa_gisoo-h3b", "env": "dev", "logger": "citygisoo.geopackage_feature_processor", "request_id": "-", "msg": "Assigned Python-calculated values to field nrcan_area on nrcan_fixed_H3B for 77 features."}
{"ts": "2026-08-24T17:07:28", "level": "INFO", "service": "gis-cities-mtl_fsa_gisoo-h3b", "env": "dev", "logger": "jug_gis_cities.mtl_fsa_gisoo.workflow", "request_id": "-", "msg": "Completed Montreal H3B workflow step: assign nrcan area field in 0.017s."}
{"ts": "2026-08-24T17:07:28", "level": "INFO", "service": "gis-cities-mtl_fsa_gisoo-h3b", "env": "dev", "logger": "jug_gis_cities.mtl_fsa_gisoo.workflow", "request_id": "-", "msg": "Starting Montreal H3B workflow step: fix nrcan preserved geometries."}
{"ts": "2026-08-24T17:07:28", "level": "INFO", "service": "gis-cities-mtl_fsa_gisoo-h3b", "env": "dev", "logger": "citygisoo.scrub_layer_class", "request_id": "-", "msg": "Fixed geometries for nrcan_preserved_H3B into D:/GIS/mtl_gisoo_fsa_data\\output_data\\H3B\\nrcan_preserved_fixed\\nrcan_preserved_fixed.gpkg."}
{"ts": "2026-08-24T17:07:28", "level": "INFO", "service": "gis-cities-mtl_fsa_gisoo-h3b", "env": "dev", "logger": "citygisoo.scrub_layer_class", "request_id": "-", "msg": "Loaded layer nrcan_preserved_fixed_H3B from D:/GIS/mtl_gisoo_fsa_data\\output_data\\H3B\\nrcan_preserved_fixed\\nrcan_preserved_fixed.gpkg."}
{"ts": "2026-08-24T17:07:28", "level": "INFO", "service": "gis-cities-mtl_fsa_gisoo-h3b", "env": "dev", "logger": "citygisoo.scrub_layer_class", "request_id": "-", "msg": "Creating spatial index for nrcan_preserved_fixed_H3B is completed."}
{"ts": "2026-08-24T17:07:28", "level": "INFO", "service": "gis-cities-mtl_fsa_gisoo-h3b", "env": "dev", "logger": "jug_gis_cities.mtl_fsa_gisoo.workflow", "request_id": "-", "msg": "The nrcan_preserved_fixed_H3B has 77 records."}
{"ts": "2026-08-24T17:07:28", "level": "INFO", "service": "gis-cities-mtl_fsa_gisoo-h3b", "env": "dev", "logger": "jug_gis_cities.mtl_fsa_gisoo.workflow", "request_id": "-", "msg": "Completed Montreal H3B workflow step: fix nrcan preserved geometries in 0.066s."}
{"ts": "2026-08-24T17:07:28", "level": "INFO", "service": "gis-cities-mtl_fsa_gisoo-h3b", "env": "dev", "logger": "jug_gis_cities.mtl_fsa_gisoo.workflow", "request_id": "-", "msg": "Starting Montreal H3B workflow step: assign nrcan preserved area field."}
{"ts": "2026-08-24T17:07:28", "level": "INFO", "service": "gis-cities-mtl_fsa_gisoo-h3b", "env": "dev", "logger": "citygisoo.geopackage_feature_processor", "request_id": "-", "msg": "Assigned Python-calculated values to field nrcan_area on nrcan_preserved_fixed_H3B for 77 features."}
{"ts": "2026-08-24T17:07:28", "level": "INFO", "service": "gis-cities-mtl_fsa_gisoo-h3b", "env": "dev", "logger": "jug_gis_cities.mtl_fsa_gisoo.workflow", "request_id": "-", "msg": "Completed Montreal H3B workflow step: assign nrcan preserved area field in 0.015s."}
{"ts": "2026-08-24T17:07:28", "level": "INFO", "service": "gis-cities-mtl_fsa_gisoo-h3b", "env": "dev", "logger": "jug_gis_cities.mtl_fsa_gisoo.workflow", "request_id": "-", "msg": "Starting Montreal H3B workflow step: fix usage geometries."}
{"ts": "2026-08-24T17:07:29", "level": "INFO", "service": "gis-cities-mtl_fsa_gisoo-h3b", "env": "dev", "logger": "citygisoo.scrub_layer_class", "request_id": "-", "msg": "Fixed geometries for usage_clipped_H3B into D:/GIS/mtl_gisoo_fsa_data\\output_data\\H3B\\usage_fixed\\usage_fixed.gpkg."}
{"ts": "2026-08-24T17:07:29", "level": "INFO", "service": "gis-cities-mtl_fsa_gisoo-h3b", "env": "dev", "logger": "citygisoo.scrub_layer_class", "request_id": "-", "msg": "Loaded layer usage_fixed_H3B from D:/GIS/mtl_gisoo_fsa_data\\output_data\\H3B\\usage_fixed\\usage_fixed.gpkg."}
{"ts": "2026-08-24T17:07:29", "level": "INFO", "service": "gis-cities-mtl_fsa_gisoo-h3b", "env": "dev", "logger": "citygisoo.scrub_layer_class", "request_id": "-", "msg": "Creating spatial index for usage_fixed_H3B is completed."}
{"ts": "2026-08-24T17:07:29", "level": "INFO", "service": "gis-cities-mtl_fsa_gisoo-h3b", "env": "dev", "logger": "jug_gis_cities.mtl_fsa_gisoo.workflow", "request_id": "-", "msg": "The usage_fixed_H3B has 4868 records."}
{"ts": "2026-08-24T17:07:29", "level": "INFO", "service": "gis-cities-mtl_fsa_gisoo-h3b", "env": "dev", "logger": "jug_gis_cities.mtl_fsa_gisoo.workflow", "request_id": "-", "msg": "Completed Montreal H3B workflow step: fix usage geometries in 0.328s."}
{"ts": "2026-08-24T17:07:29", "level": "INFO", "service": "gis-cities-mtl_fsa_gisoo-h3b", "env": "dev", "logger": "jug_gis_cities.mtl_fsa_gisoo.workflow", "request_id": "-", "msg": "Starting Montreal H3B workflow step: fix usage duplicate geometries."}
{"ts": "2026-08-24T17:07:29", "level": "INFO", "service": "gis-cities-mtl_fsa_gisoo-h3b", "env": "dev", "logger": "citygisoo.scrub_layer_class", "request_id": "-", "msg": "Fixed geometries for usage_dup_H3B into D:/GIS/mtl_gisoo_fsa_data\\output_data\\H3B\\usage_dup_fixed\\usage_dup_fixed.gpkg."}
{"ts": "2026-08-24T17:07:29", "level": "INFO", "service": "gis-cities-mtl_fsa_gisoo-h3b", "env": "dev", "logger": "citygisoo.scrub_layer_class", "request_id": "-", "msg": "Loaded layer usage_dup_fixed_H3B from D:/GIS/mtl_gisoo_fsa_data\\output_data\\H3B\\usage_dup_fixed\\usage_dup_fixed.gpkg."}
{"ts": "2026-08-24T17:07:29", "level": "INFO", "service": "gis-cities-mtl_fsa_gisoo-h3b", "env": "dev", "logger": "citygisoo.scrub_layer_class", "request_id": "-", "msg": "Creating spatial index for usage_dup_fixed_H3B is completed."}
{"ts": "2026-08-24T17:07:29", "level": "INFO", "service": "gis-cities-mtl_fsa_gisoo-h3b", "env": "dev", "logger": "jug_gis_cities.mtl_fsa_gisoo.workflow", "request_id": "-", "msg": "The usage_dup_fixed_H3B has 4868 records."}
{"ts": "2026-08-24T17:07:29", "level": "INFO", "service": "gis-cities-mtl_fsa_gisoo-h3b", "env": "dev", "logger": "jug_gis_cities.mtl_fsa_gisoo.workflow", "request_id": "-", "msg": "Completed Montreal H3B workflow step: fix usage duplicate geometries in 0.354s."}
{"ts": "2026-08-24T17:07:29", "level": "INFO", "service": "gis-cities-mtl_fsa_gisoo-h3b", "env": "dev", "logger": "jug_gis_cities.mtl_fsa_gisoo.workflow", "request_id": "-", "msg": "Starting Montreal H3B workflow step: extract usage records missing from roll."}
{"ts": "2026-08-24T17:07:29", "level": "INFO", "service": "gis-cities-mtl_fsa_gisoo-h3b", "env": "dev", "logger": "citygisoo.geopackage_feature_processor", "request_id": "-", "msg": "Extracted 2983 features from usage_fixed_H3B by membership of g_id_provi in roll_clipped_H3B.id_provinc."}
{"ts": "2026-08-24T17:07:29", "level": "INFO", "service": "gis-cities-mtl_fsa_gisoo-h3b", "env": "dev", "logger": "citygisoo.geopackage_feature_processor", "request_id": "-", "msg": "Wrote 2983 features from usage_fixed_H3B to D:/GIS/mtl_gisoo_fsa_data\\output_data\\H3B\\usage_margin_san\\usage_margin_san.gpkg."}
{"ts": "2026-08-24T17:07:29", "level": "INFO", "service": "gis-cities-mtl_fsa_gisoo-h3b", "env": "dev", "logger": "citygisoo.scrub_layer_class", "request_id": "-", "msg": "Loaded layer usage_margin_san_H3B from D:/GIS/mtl_gisoo_fsa_data\\output_data\\H3B\\usage_margin_san\\usage_margin_san.gpkg."}
{"ts": "2026-08-24T17:07:29", "level": "INFO", "service": "gis-cities-mtl_fsa_gisoo-h3b", "env": "dev", "logger": "citygisoo.scrub_layer_class", "request_id": "-", "msg": "Creating spatial index for usage_margin_san_H3B is completed."}
{"ts": "2026-08-24T17:07:29", "level": "INFO", "service": "gis-cities-mtl_fsa_gisoo-h3b", "env": "dev", "logger": "jug_gis_cities.mtl_fsa_gisoo.workflow", "request_id": "-", "msg": "The usage_margin_san_H3B has 2983 records."}
{"ts": "2026-08-24T17:07:29", "level": "INFO", "service": "gis-cities-mtl_fsa_gisoo-h3b", "env": "dev", "logger": "jug_gis_cities.mtl_fsa_gisoo.workflow", "request_id": "-", "msg": "Completed Montreal H3B workflow step: extract usage records missing from roll in 0.362s."}
{"ts": "2026-08-24T17:07:29", "level": "INFO", "service": "gis-cities-mtl_fsa_gisoo-h3b", "env": "dev", "logger": "jug_gis_cities.mtl_fsa_gisoo.workflow", "request_id": "-", "msg": "Starting Montreal H3B workflow step: difference usage with usage margin san."}
{"ts": "2026-08-24T17:10:37", "level": "INFO", "service": "gis-cities-mtl_fsa_gisoo-h3b", "env": "dev", "logger": "citygisoo.scrub_layer_class", "request_id": "-", "msg": "Difference of usage_clipped_H3B with overlay D:/GIS/mtl_gisoo_fsa_data\\output_data\\H3B\\usage_margin_san\\usage_margin_san.gpkg is completed into D:/GIS/mtl_gisoo_fsa_data\\output_data\\H3B\\usage_clean\\usage_clean.gpkg."}
{"ts": "2026-08-24T17:10:37", "level": "INFO", "service": "gis-cities-mtl_fsa_gisoo-h3b", "env": "dev", "logger": "citygisoo.scrub_layer_class", "request_id": "-", "msg": "Loaded layer usage_clean_H3B from D:/GIS/mtl_gisoo_fsa_data\\output_data\\H3B\\usage_clean\\usage_clean.gpkg."}
{"ts": "2026-08-24T17:10:37", "level": "INFO", "service": "gis-cities-mtl_fsa_gisoo-h3b", "env": "dev", "logger": "citygisoo.scrub_layer_class", "request_id": "-", "msg": "Creating spatial index for usage_clean_H3B is completed."}
{"ts": "2026-08-24T17:10:37", "level": "INFO", "service": "gis-cities-mtl_fsa_gisoo-h3b", "env": "dev", "logger": "jug_gis_cities.mtl_fsa_gisoo.workflow", "request_id": "-", "msg": "The usage_clean_H3B has 999 records."}
{"ts": "2026-08-24T17:10:37", "level": "INFO", "service": "gis-cities-mtl_fsa_gisoo-h3b", "env": "dev", "logger": "jug_gis_cities.mtl_fsa_gisoo.workflow", "request_id": "-", "msg": "Completed Montreal H3B workflow step: difference usage with usage margin san in 187.429s."}
{"ts": "2026-08-24T17:10:37", "level": "INFO", "service": "gis-cities-mtl_fsa_gisoo-h3b", "env": "dev", "logger": "jug_gis_cities.mtl_fsa_gisoo.workflow", "request_id": "-", "msg": "Starting Montreal H3B workflow step: extract usage margin records with provincial id."}
{"ts": "2026-08-24T17:10:37", "level": "INFO", "service": "gis-cities-mtl_fsa_gisoo-h3b", "env": "dev", "logger": "citygisoo.geopackage_feature_processor", "request_id": "-", "msg": "Wrote 2910 features from usage_margin_san_H3B to D:/GIS/mtl_gisoo_fsa_data\\output_data\\H3B\\usage_margin\\usage_margin.gpkg."}
{"ts": "2026-08-24T17:10:37", "level": "INFO", "service": "gis-cities-mtl_fsa_gisoo-h3b", "env": "dev", "logger": "citygisoo.scrub_layer_class", "request_id": "-", "msg": "Loaded layer usage_margin_H3B from D:/GIS/mtl_gisoo_fsa_data\\output_data\\H3B\\usage_margin\\usage_margin.gpkg."}
{"ts": "2026-08-24T17:10:37", "level": "INFO", "service": "gis-cities-mtl_fsa_gisoo-h3b", "env": "dev", "logger": "citygisoo.scrub_layer_class", "request_id": "-", "msg": "Creating spatial index for usage_margin_H3B is completed."}
{"ts": "2026-08-24T17:10:37", "level": "INFO", "service": "gis-cities-mtl_fsa_gisoo-h3b", "env": "dev", "logger": "jug_gis_cities.mtl_fsa_gisoo.workflow", "request_id": "-", "msg": "The usage_margin_H3B has 2910 records."}
{"ts": "2026-08-24T17:10:37", "level": "INFO", "service": "gis-cities-mtl_fsa_gisoo-h3b", "env": "dev", "logger": "jug_gis_cities.mtl_fsa_gisoo.workflow", "request_id": "-", "msg": "Completed Montreal H3B workflow step: extract usage margin records with provincial id in 0.273s."}
{"ts": "2026-08-24T17:10:37", "level": "INFO", "service": "gis-cities-mtl_fsa_gisoo-h3b", "env": "dev", "logger": "jug_gis_cities.mtl_fsa_gisoo.workflow", "request_id": "-", "msg": "Starting Montreal H3B workflow step: assign usage margin area field."}
{"ts": "2026-08-24T17:10:37", "level": "INFO", "service": "gis-cities-mtl_fsa_gisoo-h3b", "env": "dev", "logger": "citygisoo.geopackage_feature_processor", "request_id": "-", "msg": "Assigned Python-calculated values to field area_ex on usage_margin_H3B for 2910 features."}
{"ts": "2026-08-24T17:10:37", "level": "INFO", "service": "gis-cities-mtl_fsa_gisoo-h3b", "env": "dev", "logger": "jug_gis_cities.mtl_fsa_gisoo.workflow", "request_id": "-", "msg": "Completed Montreal H3B workflow step: assign usage margin area field in 0.149s."}
{"ts": "2026-08-24T17:10:37", "level": "INFO", "service": "gis-cities-mtl_fsa_gisoo-h3b", "env": "dev", "logger": "jug_gis_cities.mtl_fsa_gisoo.workflow", "request_id": "-", "msg": "Starting Montreal H3B workflow step: extract usage-only records by area."}
{"ts": "2026-08-24T17:10:37", "level": "INFO", "service": "gis-cities-mtl_fsa_gisoo-h3b", "env": "dev", "logger": "citygisoo.geopackage_feature_processor", "request_id": "-", "msg": "Wrote 2661 features from usage_margin_H3B to D:/GIS/mtl_gisoo_fsa_data\\output_data\\H3B\\usage_only\\usage_only.gpkg."}
{"ts": "2026-08-24T17:10:37", "level": "INFO", "service": "gis-cities-mtl_fsa_gisoo-h3b", "env": "dev", "logger": "citygisoo.scrub_layer_class", "request_id": "-", "msg": "Loaded layer usage_only_H3B from D:/GIS/mtl_gisoo_fsa_data\\output_data\\H3B\\usage_only\\usage_only.gpkg."}
{"ts": "2026-08-24T17:10:37", "level": "INFO", "service": "gis-cities-mtl_fsa_gisoo-h3b", "env": "dev", "logger": "citygisoo.scrub_layer_class", "request_id": "-", "msg": "Creating spatial index for usage_only_H3B is completed."}
{"ts": "2026-08-24T17:10:37", "level": "INFO", "service": "gis-cities-mtl_fsa_gisoo-h3b", "env": "dev", "logger": "jug_gis_cities.mtl_fsa_gisoo.workflow", "request_id": "-", "msg": "The usage_only_H3B has 2661 records."}
{"ts": "2026-08-24T17:10:37", "level": "INFO", "service": "gis-cities-mtl_fsa_gisoo-h3b", "env": "dev", "logger": "jug_gis_cities.mtl_fsa_gisoo.workflow", "request_id": "-", "msg": "Completed Montreal H3B workflow step: extract usage-only records by area in 0.264s."}
{"ts": "2026-08-24T17:10:37", "level": "INFO", "service": "gis-cities-mtl_fsa_gisoo-h3b", "env": "dev", "logger": "jug_gis_cities.mtl_fsa_gisoo.workflow", "request_id": "-", "msg": "Starting Montreal H3B workflow step: extract roll records missing from usage."}
{"ts": "2026-08-24T17:10:37", "level": "INFO", "service": "gis-cities-mtl_fsa_gisoo-h3b", "env": "dev", "logger": "citygisoo.geopackage_feature_processor", "request_id": "-", "msg": "Extracted 15 features from roll_clipped_H3B by membership of id_provinc in usage_clipped_H3B.g_id_provi."}
{"ts": "2026-08-24T17:10:37", "level": "INFO", "service": "gis-cities-mtl_fsa_gisoo-h3b", "env": "dev", "logger": "citygisoo.geopackage_feature_processor", "request_id": "-", "msg": "Wrote 15 features from roll_clipped_H3B to D:/GIS/mtl_gisoo_fsa_data\\output_data\\H3B\\roll_only\\roll_only.gpkg."}
{"ts": "2026-08-24T17:10:38", "level": "INFO", "service": "gis-cities-mtl_fsa_gisoo-h3b", "env": "dev", "logger": "citygisoo.scrub_layer_class", "request_id": "-", "msg": "Loaded layer roll_only_H3B from D:/GIS/mtl_gisoo_fsa_data\\output_data\\H3B\\roll_only\\roll_only.gpkg."}
{"ts": "2026-08-24T17:10:38", "level": "INFO", "service": "gis-cities-mtl_fsa_gisoo-h3b", "env": "dev", "logger": "citygisoo.scrub_layer_class", "request_id": "-", "msg": "Creating spatial index for roll_only_H3B is completed."}
{"ts": "2026-08-24T17:10:38", "level": "INFO", "service": "gis-cities-mtl_fsa_gisoo-h3b", "env": "dev", "logger": "jug_gis_cities.mtl_fsa_gisoo.workflow", "request_id": "-", "msg": "The roll_only_H3B has 15 records."}
{"ts": "2026-08-24T17:10:38", "level": "INFO", "service": "gis-cities-mtl_fsa_gisoo-h3b", "env": "dev", "logger": "jug_gis_cities.mtl_fsa_gisoo.workflow", "request_id": "-", "msg": "Completed Montreal H3B workflow step: extract roll records missing from usage in 0.124s."}
{"ts": "2026-08-24T17:10:38", "level": "INFO", "service": "gis-cities-mtl_fsa_gisoo-h3b", "env": "dev", "logger": "jug_gis_cities.mtl_fsa_gisoo.workflow", "request_id": "-", "msg": "Starting Montreal H3B workflow step: spatial join usage with roll-only."}
{"ts": "2026-08-24T17:10:38", "level": "INFO", "service": "gis-cities-mtl_fsa_gisoo-h3b", "env": "dev", "logger": "citygisoo.scrub_layer_class", "request_id": "-", "msg": "Spatial join with input layer usage_clipped_H3B, predicate contains, method one-to-many, and prefix ro_ is completed."}
{"ts": "2026-08-24T17:10:38", "level": "INFO", "service": "gis-cities-mtl_fsa_gisoo-h3b", "env": "dev", "logger": "citygisoo.scrub_layer_class", "request_id": "-", "msg": "Loaded layer usage_roll_only_all_H3B from D:/GIS/mtl_gisoo_fsa_data\\output_data\\H3B\\usage_roll_only_all\\usage_roll_only_all.gpkg."}
{"ts": "2026-08-24T17:10:38", "level": "INFO", "service": "gis-cities-mtl_fsa_gisoo-h3b", "env": "dev", "logger": "citygisoo.scrub_layer_class", "request_id": "-", "msg": "Creating spatial index for usage_roll_only_all_H3B is completed."}
{"ts": "2026-08-24T17:10:38", "level": "INFO", "service": "gis-cities-mtl_fsa_gisoo-h3b", "env": "dev", "logger": "jug_gis_cities.mtl_fsa_gisoo.workflow", "request_id": "-", "msg": "The usage_roll_only_all_H3B has 7520 records."}
{"ts": "2026-08-24T17:10:38", "level": "INFO", "service": "gis-cities-mtl_fsa_gisoo-h3b", "env": "dev", "logger": "jug_gis_cities.mtl_fsa_gisoo.workflow", "request_id": "-", "msg": "Completed Montreal H3B workflow step: spatial join usage with roll-only in 0.655s."}
{"ts": "2026-08-24T17:10:38", "level": "INFO", "service": "gis-cities-mtl_fsa_gisoo-h3b", "env": "dev", "logger": "jug_gis_cities.mtl_fsa_gisoo.workflow", "request_id": "-", "msg": "Starting Montreal H3B workflow step: extract usage-roll-only matched records."}
{"ts": "2026-08-24T17:10:39", "level": "INFO", "service": "gis-cities-mtl_fsa_gisoo-h3b", "env": "dev", "logger": "citygisoo.geopackage_feature_processor", "request_id": "-", "msg": "Wrote 3397 features from usage_roll_only_all_H3B to D:/GIS/mtl_gisoo_fsa_data\\output_data\\H3B\\usage_roll_only\\usage_roll_only.gpkg."}
{"ts": "2026-08-24T17:10:39", "level": "INFO", "service": "gis-cities-mtl_fsa_gisoo-h3b", "env": "dev", "logger": "citygisoo.scrub_layer_class", "request_id": "-", "msg": "Loaded layer usage_roll_only_H3B from D:/GIS/mtl_gisoo_fsa_data\\output_data\\H3B\\usage_roll_only\\usage_roll_only.gpkg."}
{"ts": "2026-08-24T17:10:39", "level": "INFO", "service": "gis-cities-mtl_fsa_gisoo-h3b", "env": "dev", "logger": "citygisoo.scrub_layer_class", "request_id": "-", "msg": "Creating spatial index for usage_roll_only_H3B is completed."}
{"ts": "2026-08-24T17:10:39", "level": "INFO", "service": "gis-cities-mtl_fsa_gisoo-h3b", "env": "dev", "logger": "jug_gis_cities.mtl_fsa_gisoo.workflow", "request_id": "-", "msg": "The usage_roll_only_H3B has 3397 records."}
{"ts": "2026-08-24T17:10:39", "level": "INFO", "service": "gis-cities-mtl_fsa_gisoo-h3b", "env": "dev", "logger": "jug_gis_cities.mtl_fsa_gisoo.workflow", "request_id": "-", "msg": "Completed Montreal H3B workflow step: extract usage-roll-only matched records in 0.518s."}
{"ts": "2026-08-24T17:10:39", "level": "INFO", "service": "gis-cities-mtl_fsa_gisoo-h3b", "env": "dev", "logger": "jug_gis_cities.mtl_fsa_gisoo.workflow", "request_id": "-", "msg": "Starting Montreal H3B workflow step: extract unique usage-roll-only records."}
{"ts": "2026-08-24T17:10:39", "level": "INFO", "service": "gis-cities-mtl_fsa_gisoo-h3b", "env": "dev", "logger": "citygisoo.geopackage_feature_processor", "request_id": "-", "msg": "Wrote 15 features from usage_roll_only_H3B to D:/GIS/mtl_gisoo_fsa_data\\output_data\\H3B\\usage_roll_only_unique\\usage_roll_only_unique.gpkg."}
{"ts": "2026-08-24T17:10:39", "level": "INFO", "service": "gis-cities-mtl_fsa_gisoo-h3b", "env": "dev", "logger": "citygisoo.scrub_layer_class", "request_id": "-", "msg": "Loaded layer usage_roll_only_unique_H3B from D:/GIS/mtl_gisoo_fsa_data\\output_data\\H3B\\usage_roll_only_unique\\usage_roll_only_unique.gpkg."}
{"ts": "2026-08-24T17:10:39", "level": "INFO", "service": "gis-cities-mtl_fsa_gisoo-h3b", "env": "dev", "logger": "citygisoo.scrub_layer_class", "request_id": "-", "msg": "Creating spatial index for usage_roll_only_unique_H3B is completed."}
{"ts": "2026-08-24T17:10:39", "level": "INFO", "service": "gis-cities-mtl_fsa_gisoo-h3b", "env": "dev", "logger": "jug_gis_cities.mtl_fsa_gisoo.workflow", "request_id": "-", "msg": "The usage_roll_only_unique_H3B has 15 records."}
{"ts": "2026-08-24T17:10:39", "level": "INFO", "service": "gis-cities-mtl_fsa_gisoo-h3b", "env": "dev", "logger": "jug_gis_cities.mtl_fsa_gisoo.workflow", "request_id": "-", "msg": "Completed Montreal H3B workflow step: extract unique usage-roll-only records in 0.127s."}
{"ts": "2026-08-24T17:10:39", "level": "INFO", "service": "gis-cities-mtl_fsa_gisoo-h3b", "env": "dev", "logger": "jug_gis_cities.mtl_fsa_gisoo.workflow", "request_id": "-", "msg": "Starting Montreal H3B workflow step: difference roll with roll-only."}
{"ts": "2026-08-24T17:10:39", "level": "INFO", "service": "gis-cities-mtl_fsa_gisoo-h3b", "env": "dev", "logger": "citygisoo.scrub_layer_class", "request_id": "-", "msg": "Difference of roll_clipped_H3B with overlay D:/GIS/mtl_gisoo_fsa_data\\output_data\\H3B\\roll_only\\roll_only.gpkg is completed into D:/GIS/mtl_gisoo_fsa_data\\output_data\\H3B\\roll_clean\\roll_clean.gpkg."}
{"ts": "2026-08-24T17:10:39", "level": "INFO", "service": "gis-cities-mtl_fsa_gisoo-h3b", "env": "dev", "logger": "citygisoo.scrub_layer_class", "request_id": "-", "msg": "Loaded layer roll_clean_H3B from D:/GIS/mtl_gisoo_fsa_data\\output_data\\H3B\\roll_clean\\roll_clean.gpkg."}
{"ts": "2026-08-24T17:10:39", "level": "INFO", "service": "gis-cities-mtl_fsa_gisoo-h3b", "env": "dev", "logger": "citygisoo.scrub_layer_class", "request_id": "-", "msg": "Creating spatial index for roll_clean_H3B is completed."}
{"ts": "2026-08-24T17:10:39", "level": "INFO", "service": "gis-cities-mtl_fsa_gisoo-h3b", "env": "dev", "logger": "jug_gis_cities.mtl_fsa_gisoo.workflow", "request_id": "-", "msg": "The roll_clean_H3B has 1897 records."}
{"ts": "2026-08-24T17:10:39", "level": "INFO", "service": "gis-cities-mtl_fsa_gisoo-h3b", "env": "dev", "logger": "jug_gis_cities.mtl_fsa_gisoo.workflow", "request_id": "-", "msg": "Completed Montreal H3B workflow step: difference roll with roll-only in 0.397s."}
{"ts": "2026-08-24T17:10:39", "level": "INFO", "service": "gis-cities-mtl_fsa_gisoo-h3b", "env": "dev", "logger": "jug_gis_cities.mtl_fsa_gisoo.workflow", "request_id": "-", "msg": "Starting Montreal H3B workflow step: duplicate roll provincial id field."}
{"ts": "2026-08-24T17:10:39", "level": "WARNING", "service": "gis-cities-mtl_fsa_gisoo-h3b", "env": "dev", "logger": "py.warnings", "request_id": "-", "msg": "C:\\Users\\a_adli\\docker_projects\\sabu\\libs\\citygisoo\\src\\citygisoo\\scrub_layer_class.py:1310: DeprecationWarning: QgsField constructor is deprecated\n  new_field = QgsField(target_field, QVariant.String, len=field_length)\n"}
{"ts": "2026-08-24T17:10:39", "level": "INFO", "service": "gis-cities-mtl_fsa_gisoo-h3b", "env": "dev", "logger": "citygisoo.scrub_layer_class", "request_id": "-", "msg": "Copied 1897 values from id_provinc to text field r_id_provinc on roll_clean_H3B."}
{"ts": "2026-08-24T17:10:39", "level": "INFO", "service": "gis-cities-mtl_fsa_gisoo-h3b", "env": "dev", "logger": "jug_gis_cities.mtl_fsa_gisoo.workflow", "request_id": "-", "msg": "Completed Montreal H3B workflow step: duplicate roll provincial id field in 0.082s."}
{"ts": "2026-08-24T17:10:39", "level": "INFO", "service": "gis-cities-mtl_fsa_gisoo-h3b", "env": "dev", "logger": "jug_gis_cities.mtl_fsa_gisoo.workflow", "request_id": "-", "msg": "Starting Montreal H3B workflow step: join usage clean with roll clean."}
{"ts": "2026-08-24T17:10:39", "level": "INFO", "service": "gis-cities-mtl_fsa_gisoo-h3b", "env": "dev", "logger": "citygisoo.scrub_layer_class", "request_id": "-", "msg": "Field join of usage_clean_H3B with input layer roll_clean_H3B is completed."}
{"ts": "2026-08-24T17:10:39", "level": "INFO", "service": "gis-cities-mtl_fsa_gisoo-h3b", "env": "dev", "logger": "citygisoo.scrub_layer_class", "request_id": "-", "msg": "Loaded layer usage_roll_H3B from D:/GIS/mtl_gisoo_fsa_data\\output_data\\H3B\\usage_roll\\usage_roll.gpkg."}
{"ts": "2026-08-24T17:10:39", "level": "INFO", "service": "gis-cities-mtl_fsa_gisoo-h3b", "env": "dev", "logger": "citygisoo.scrub_layer_class", "request_id": "-", "msg": "Creating spatial index for usage_roll_H3B is completed."}
{"ts": "2026-08-24T17:10:39", "level": "INFO", "service": "gis-cities-mtl_fsa_gisoo-h3b", "env": "dev", "logger": "jug_gis_cities.mtl_fsa_gisoo.workflow", "request_id": "-", "msg": "The usage_roll_H3B has 999 records."}
{"ts": "2026-08-24T17:10:39", "level": "INFO", "service": "gis-cities-mtl_fsa_gisoo-h3b", "env": "dev", "logger": "jug_gis_cities.mtl_fsa_gisoo.workflow", "request_id": "-", "msg": "Completed Montreal H3B workflow step: join usage clean with roll clean in 0.165s."}
{"ts": "2026-08-24T17:10:39", "level": "INFO", "service": "gis-cities-mtl_fsa_gisoo-h3b", "env": "dev", "logger": "jug_gis_cities.mtl_fsa_gisoo.workflow", "request_id": "-", "msg": "Starting Montreal H3B workflow step: merge usage roll layers."}
{"ts": "2026-08-24T17:10:40", "level": "INFO", "service": "gis-cities-mtl_fsa_gisoo-h3b", "env": "dev", "logger": "citygisoo.scrub_layer_class", "request_id": "-", "msg": "Merged 3 explicit layers into D:/GIS/mtl_gisoo_fsa_data\\output_data\\H3B\\usage_roll_all\\usage_roll_all.gpkg."}
{"ts": "2026-08-24T17:10:40", "level": "INFO", "service": "gis-cities-mtl_fsa_gisoo-h3b", "env": "dev", "logger": "citygisoo.scrub_layer_class", "request_id": "-", "msg": "Loaded layer usage_roll_all_H3B from D:/GIS/mtl_gisoo_fsa_data\\output_data\\H3B\\usage_roll_all\\usage_roll_all.gpkg."}
{"ts": "2026-08-24T17:10:40", "level": "INFO", "service": "gis-cities-mtl_fsa_gisoo-h3b", "env": "dev", "logger": "citygisoo.scrub_layer_class", "request_id": "-", "msg": "Creating spatial index for usage_roll_all_H3B is completed."}
{"ts": "2026-08-24T17:10:40", "level": "INFO", "service": "gis-cities-mtl_fsa_gisoo-h3b", "env": "dev", "logger": "jug_gis_cities.mtl_fsa_gisoo.workflow", "request_id": "-", "msg": "The usage_roll_all_H3B has 3675 records."}
{"ts": "2026-08-24T17:10:40", "level": "INFO", "service": "gis-cities-mtl_fsa_gisoo-h3b", "env": "dev", "logger": "jug_gis_cities.mtl_fsa_gisoo.workflow", "request_id": "-", "msg": "Completed Montreal H3B workflow step: merge usage roll layers in 0.575s."}
{"ts": "2026-08-24T17:10:40", "level": "INFO", "service": "gis-cities-mtl_fsa_gisoo-h3b", "env": "dev", "logger": "jug_gis_cities.mtl_fsa_gisoo.workflow", "request_id": "-", "msg": "Starting Montreal H3B workflow step: assign usage roll uuid field."}
{"ts": "2026-08-24T17:10:42", "level": "INFO", "service": "gis-cities-mtl_fsa_gisoo-h3b", "env": "dev", "logger": "citygisoo.scrub_layer_class", "request_id": "-", "msg": "Assigned expression values to field usage_roll_id on usage_roll_all_H3B for 3675 features."}
{"ts": "2026-08-24T17:10:42", "level": "INFO", "service": "gis-cities-mtl_fsa_gisoo-h3b", "env": "dev", "logger": "jug_gis_cities.mtl_fsa_gisoo.workflow", "request_id": "-", "msg": "Completed Montreal H3B workflow step: assign usage roll uuid field in 2.090s."}
{"ts": "2026-08-24T17:10:42", "level": "INFO", "service": "gis-cities-mtl_fsa_gisoo-h3b", "env": "dev", "logger": "jug_gis_cities.mtl_fsa_gisoo.workflow", "request_id": "-", "msg": "Starting Montreal H3B workflow step: delete duplicate usage geometries."}
{"ts": "2026-08-24T17:10:42", "level": "INFO", "service": "gis-cities-mtl_fsa_gisoo-h3b", "env": "dev", "logger": "citygisoo.scrub_layer_class", "request_id": "-", "msg": "Deleted duplicate geometries from usage_dup_fixed_H3B into D:/GIS/mtl_gisoo_fsa_data\\output_data\\H3B\\usage_dup_clean\\usage_dup_clean.gpkg."}
{"ts": "2026-08-24T17:10:42", "level": "INFO", "service": "gis-cities-mtl_fsa_gisoo-h3b", "env": "dev", "logger": "citygisoo.scrub_layer_class", "request_id": "-", "msg": "Loaded layer usage_dup_clean_H3B from D:/GIS/mtl_gisoo_fsa_data\\output_data\\H3B\\usage_dup_clean\\usage_dup_clean.gpkg."}
{"ts": "2026-08-24T17:10:42", "level": "INFO", "service": "gis-cities-mtl_fsa_gisoo-h3b", "env": "dev", "logger": "citygisoo.scrub_layer_class", "request_id": "-", "msg": "Creating spatial index for usage_dup_clean_H3B is completed."}
{"ts": "2026-08-24T17:10:42", "level": "INFO", "service": "gis-cities-mtl_fsa_gisoo-h3b", "env": "dev", "logger": "jug_gis_cities.mtl_fsa_gisoo.workflow", "request_id": "-", "msg": "The usage_dup_clean_H3B has 240 records."}
{"ts": "2026-08-24T17:10:42", "level": "INFO", "service": "gis-cities-mtl_fsa_gisoo-h3b", "env": "dev", "logger": "jug_gis_cities.mtl_fsa_gisoo.workflow", "request_id": "-", "msg": "Completed Montreal H3B workflow step: delete duplicate usage geometries in 0.244s."}
{"ts": "2026-08-24T17:10:42", "level": "INFO", "service": "gis-cities-mtl_fsa_gisoo-h3b", "env": "dev", "logger": "jug_gis_cities.mtl_fsa_gisoo.workflow", "request_id": "-", "msg": "Starting Montreal H3B workflow step: intersect nrcan with clean usage duplicate."}
{"ts": "2026-08-24T17:10:43", "level": "INFO", "service": "gis-cities-mtl_fsa_gisoo-h3b", "env": "dev", "logger": "citygisoo.scrub_layer_class", "request_id": "-", "msg": "Intersection of nrcan_fixed_H3B with overlay D:/GIS/mtl_gisoo_fsa_data\\output_data\\H3B\\usage_dup_clean\\usage_dup_clean.gpkg is completed into D:/GIS/mtl_gisoo_fsa_data\\output_data\\H3B\\inter_nrcan\\inter_nrcan.gpkg."}
{"ts": "2026-08-24T17:10:43", "level": "INFO", "service": "gis-cities-mtl_fsa_gisoo-h3b", "env": "dev", "logger": "citygisoo.scrub_layer_class", "request_id": "-", "msg": "Loaded layer inter_nrcan_H3B from D:/GIS/mtl_gisoo_fsa_data\\output_data\\H3B\\inter_nrcan\\inter_nrcan.gpkg."}
{"ts": "2026-08-24T17:10:43", "level": "INFO", "service": "gis-cities-mtl_fsa_gisoo-h3b", "env": "dev", "logger": "citygisoo.scrub_layer_class", "request_id": "-", "msg": "Creating spatial index for inter_nrcan_H3B is completed."}
{"ts": "2026-08-24T17:10:43", "level": "INFO", "service": "gis-cities-mtl_fsa_gisoo-h3b", "env": "dev", "logger": "jug_gis_cities.mtl_fsa_gisoo.workflow", "request_id": "-", "msg": "The inter_nrcan_H3B has 298 records."}
{"ts": "2026-08-24T17:10:43", "level": "INFO", "service": "gis-cities-mtl_fsa_gisoo-h3b", "env": "dev", "logger": "jug_gis_cities.mtl_fsa_gisoo.workflow", "request_id": "-", "msg": "Completed Montreal H3B workflow step: intersect nrcan with clean usage duplicate in 0.185s."}
{"ts": "2026-08-24T17:10:43", "level": "INFO", "service": "gis-cities-mtl_fsa_gisoo-h3b", "env": "dev", "logger": "jug_gis_cities.mtl_fsa_gisoo.workflow", "request_id": "-", "msg": "Starting Montreal H3B workflow step: assign inter nrcan area field."}
{"ts": "2026-08-24T17:10:43", "level": "INFO", "service": "gis-cities-mtl_fsa_gisoo-h3b", "env": "dev", "logger": "citygisoo.geopackage_feature_processor", "request_id": "-", "msg": "Assigned Python-calculated values to field inter_area on inter_nrcan_H3B for 298 features."}
{"ts": "2026-08-24T17:10:43", "level": "INFO", "service": "gis-cities-mtl_fsa_gisoo-h3b", "env": "dev", "logger": "jug_gis_cities.mtl_fsa_gisoo.workflow", "request_id": "-", "msg": "Completed Montreal H3B workflow step: assign inter nrcan area field in 0.024s."}
{"ts": "2026-08-24T17:10:43", "level": "INFO", "service": "gis-cities-mtl_fsa_gisoo-h3b", "env": "dev", "logger": "jug_gis_cities.mtl_fsa_gisoo.workflow", "request_id": "-", "msg": "Starting Montreal H3B workflow step: assign inter nrcan area ratio field."}
{"ts": "2026-08-24T17:10:43", "level": "INFO", "service": "gis-cities-mtl_fsa_gisoo-h3b", "env": "dev", "logger": "citygisoo.geopackage_feature_processor", "request_id": "-", "msg": "Assigned Python-calculated values to field area_ratio on inter_nrcan_H3B for 298 features."}
{"ts": "2026-08-24T17:10:43", "level": "INFO", "service": "gis-cities-mtl_fsa_gisoo-h3b", "env": "dev", "logger": "jug_gis_cities.mtl_fsa_gisoo.workflow", "request_id": "-", "msg": "Completed Montreal H3B workflow step: assign inter nrcan area ratio field in 0.021s."}
{"ts": "2026-08-24T17:10:43", "level": "INFO", "service": "gis-cities-mtl_fsa_gisoo-h3b", "env": "dev", "logger": "jug_gis_cities.mtl_fsa_gisoo.workflow", "request_id": "-", "msg": "Starting Montreal H3B workflow step: summarize inter nrcan by nrcan id."}
{"ts": "2026-08-24T17:10:43", "level": "INFO", "service": "gis-cities-mtl_fsa_gisoo-h3b", "env": "dev", "logger": "citygisoo.scrub_layer_class", "request_id": "-", "msg": "Loaded layer inter_summary_H3B from D:/GIS/mtl_gisoo_fsa_data\\output_data\\H3B\\inter_summary\\inter_summary.gpkg."}
{"ts": "2026-08-24T17:10:43", "level": "INFO", "service": "gis-cities-mtl_fsa_gisoo-h3b", "env": "dev", "logger": "citygisoo.scrub_layer_class", "request_id": "-", "msg": "Creating spatial index for inter_summary_H3B is completed."}
{"ts": "2026-08-24T17:10:43", "level": "INFO", "service": "gis-cities-mtl_fsa_gisoo-h3b", "env": "dev", "logger": "jug_gis_cities.mtl_fsa_gisoo.workflow", "request_id": "-", "msg": "The inter_summary_H3B has 77 records."}
{"ts": "2026-08-24T17:10:43", "level": "INFO", "service": "gis-cities-mtl_fsa_gisoo-h3b", "env": "dev", "logger": "jug_gis_cities.mtl_fsa_gisoo.workflow", "request_id": "-", "msg": "Completed Montreal H3B workflow step: summarize inter nrcan by nrcan id in 0.061s."}
{"ts": "2026-08-24T17:10:43", "level": "INFO", "service": "gis-cities-mtl_fsa_gisoo-h3b", "env": "dev", "logger": "jug_gis_cities.mtl_fsa_gisoo.workflow", "request_id": "-", "msg": "Starting Montreal H3B workflow step: assign inter summary restore group field."}
{"ts": "2026-08-24T17:10:43", "level": "INFO", "service": "gis-cities-mtl_fsa_gisoo-h3b", "env": "dev", "logger": "citygisoo.scrub_layer_class", "request_id": "-", "msg": "Assigned expression values to field restore_group on inter_summary_H3B for 77 features."}
{"ts": "2026-08-24T17:10:43", "level": "INFO", "service": "gis-cities-mtl_fsa_gisoo-h3b", "env": "dev", "logger": "jug_gis_cities.mtl_fsa_gisoo.workflow", "request_id": "-", "msg": "Completed Montreal H3B workflow step: assign inter summary restore group field in 0.028s."}
{"ts": "2026-08-24T17:10:43", "level": "INFO", "service": "gis-cities-mtl_fsa_gisoo-h3b", "env": "dev", "logger": "jug_gis_cities.mtl_fsa_gisoo.workflow", "request_id": "-", "msg": "Starting Montreal H3B workflow step: assign inter summary restore reason field."}
{"ts": "2026-08-24T17:10:43", "level": "INFO", "service": "gis-cities-mtl_fsa_gisoo-h3b", "env": "dev", "logger": "citygisoo.scrub_layer_class", "request_id": "-", "msg": "Assigned expression values to field restore_reason on inter_summary_H3B for 77 features."}
{"ts": "2026-08-24T17:10:43", "level": "INFO", "service": "gis-cities-mtl_fsa_gisoo-h3b", "env": "dev", "logger": "jug_gis_cities.mtl_fsa_gisoo.workflow", "request_id": "-", "msg": "Completed Montreal H3B workflow step: assign inter summary restore reason field in 0.027s."}
{"ts": "2026-08-24T17:10:43", "level": "INFO", "service": "gis-cities-mtl_fsa_gisoo-h3b", "env": "dev", "logger": "jug_gis_cities.mtl_fsa_gisoo.workflow", "request_id": "-", "msg": "Starting Montreal H3B workflow step: join inter summary with inter nrcan."}
{"ts": "2026-08-24T17:10:43", "level": "INFO", "service": "gis-cities-mtl_fsa_gisoo-h3b", "env": "dev", "logger": "citygisoo.scrub_layer_class", "request_id": "-", "msg": "Field join of inter_nrcan_H3B with input layer inter_summary_H3B is completed."}
{"ts": "2026-08-24T17:10:43", "level": "INFO", "service": "gis-cities-mtl_fsa_gisoo-h3b", "env": "dev", "logger": "citygisoo.scrub_layer_class", "request_id": "-", "msg": "Loaded layer summary_joined_H3B from D:/GIS/mtl_gisoo_fsa_data\\output_data\\H3B\\summary_joined\\summary_joined.gpkg."}
{"ts": "2026-08-24T17:10:43", "level": "INFO", "service": "gis-cities-mtl_fsa_gisoo-h3b", "env": "dev", "logger": "citygisoo.scrub_layer_class", "request_id": "-", "msg": "Creating spatial index for summary_joined_H3B is completed."}
{"ts": "2026-08-24T17:10:43", "level": "INFO", "service": "gis-cities-mtl_fsa_gisoo-h3b", "env": "dev", "logger": "jug_gis_cities.mtl_fsa_gisoo.workflow", "request_id": "-", "msg": "The summary_joined_H3B has 298 records."}
{"ts": "2026-08-24T17:10:43", "level": "INFO", "service": "gis-cities-mtl_fsa_gisoo-h3b", "env": "dev", "logger": "jug_gis_cities.mtl_fsa_gisoo.workflow", "request_id": "-", "msg": "Completed Montreal H3B workflow step: join inter summary with inter nrcan in 0.100s."}
{"ts": "2026-08-24T17:10:43", "level": "INFO", "service": "gis-cities-mtl_fsa_gisoo-h3b", "env": "dev", "logger": "jug_gis_cities.mtl_fsa_gisoo.workflow", "request_id": "-", "msg": "Starting Montreal H3B workflow step: extract kept summary joined records."}
{"ts": "2026-08-24T17:10:43", "level": "INFO", "service": "gis-cities-mtl_fsa_gisoo-h3b", "env": "dev", "logger": "citygisoo.geopackage_feature_processor", "request_id": "-", "msg": "Wrote 223 features from summary_joined_H3B to D:/GIS/mtl_gisoo_fsa_data\\output_data\\H3B\\inter_kept\\inter_kept.gpkg."}
{"ts": "2026-08-24T17:10:43", "level": "INFO", "service": "gis-cities-mtl_fsa_gisoo-h3b", "env": "dev", "logger": "citygisoo.scrub_layer_class", "request_id": "-", "msg": "Loaded layer inter_kept_H3B from D:/GIS/mtl_gisoo_fsa_data\\output_data\\H3B\\inter_kept\\inter_kept.gpkg."}
{"ts": "2026-08-24T17:10:43", "level": "INFO", "service": "gis-cities-mtl_fsa_gisoo-h3b", "env": "dev", "logger": "citygisoo.scrub_layer_class", "request_id": "-", "msg": "Creating spatial index for inter_kept_H3B is completed."}
{"ts": "2026-08-24T17:10:43", "level": "INFO", "service": "gis-cities-mtl_fsa_gisoo-h3b", "env": "dev", "logger": "jug_gis_cities.mtl_fsa_gisoo.workflow", "request_id": "-", "msg": "The inter_kept_H3B has 223 records."}
{"ts": "2026-08-24T17:10:43", "level": "INFO", "service": "gis-cities-mtl_fsa_gisoo-h3b", "env": "dev", "logger": "jug_gis_cities.mtl_fsa_gisoo.workflow", "request_id": "-", "msg": "Completed Montreal H3B workflow step: extract kept summary joined records in 0.080s."}
{"ts": "2026-08-24T17:10:43", "level": "INFO", "service": "gis-cities-mtl_fsa_gisoo-h3b", "env": "dev", "logger": "jug_gis_cities.mtl_fsa_gisoo.workflow", "request_id": "-", "msg": "Starting Montreal H3B workflow step: join nrcan with inter summary."}
{"ts": "2026-08-24T17:10:43", "level": "INFO", "service": "gis-cities-mtl_fsa_gisoo-h3b", "env": "dev", "logger": "citygisoo.scrub_layer_class", "request_id": "-", "msg": "Field join of nrcan_preserved_fixed_H3B with input layer inter_summary_H3B is completed."}
{"ts": "2026-08-24T17:10:43", "level": "INFO", "service": "gis-cities-mtl_fsa_gisoo-h3b", "env": "dev", "logger": "citygisoo.scrub_layer_class", "request_id": "-", "msg": "Loaded layer nrcan_joined_summary_H3B from D:/GIS/mtl_gisoo_fsa_data\\output_data\\H3B\\nrcan_joined_summary\\nrcan_joined_summary.gpkg."}
{"ts": "2026-08-24T17:10:43", "level": "INFO", "service": "gis-cities-mtl_fsa_gisoo-h3b", "env": "dev", "logger": "citygisoo.scrub_layer_class", "request_id": "-", "msg": "Creating spatial index for nrcan_joined_summary_H3B is completed."}
{"ts": "2026-08-24T17:10:43", "level": "INFO", "service": "gis-cities-mtl_fsa_gisoo-h3b", "env": "dev", "logger": "jug_gis_cities.mtl_fsa_gisoo.workflow", "request_id": "-", "msg": "The nrcan_joined_summary_H3B has 77 records."}
{"ts": "2026-08-24T17:10:43", "level": "INFO", "service": "gis-cities-mtl_fsa_gisoo-h3b", "env": "dev", "logger": "jug_gis_cities.mtl_fsa_gisoo.workflow", "request_id": "-", "msg": "Completed Montreal H3B workflow step: join nrcan with inter summary in 0.084s."}
{"ts": "2026-08-24T17:10:43", "level": "INFO", "service": "gis-cities-mtl_fsa_gisoo-h3b", "env": "dev", "logger": "jug_gis_cities.mtl_fsa_gisoo.workflow", "request_id": "-", "msg": "Starting Montreal H3B workflow step: extract nrcan restored records."}
{"ts": "2026-08-24T17:10:43", "level": "INFO", "service": "gis-cities-mtl_fsa_gisoo-h3b", "env": "dev", "logger": "citygisoo.geopackage_feature_processor", "request_id": "-", "msg": "Wrote 25 features from nrcan_joined_summary_H3B to D:/GIS/mtl_gisoo_fsa_data\\output_data\\H3B\\nrcan_restored\\nrcan_restored.gpkg."}
{"ts": "2026-08-24T17:10:43", "level": "INFO", "service": "gis-cities-mtl_fsa_gisoo-h3b", "env": "dev", "logger": "citygisoo.scrub_layer_class", "request_id": "-", "msg": "Loaded layer nrcan_restored_H3B from D:/GIS/mtl_gisoo_fsa_data\\output_data\\H3B\\nrcan_restored\\nrcan_restored.gpkg."}
{"ts": "2026-08-24T17:10:43", "level": "INFO", "service": "gis-cities-mtl_fsa_gisoo-h3b", "env": "dev", "logger": "citygisoo.scrub_layer_class", "request_id": "-", "msg": "Creating spatial index for nrcan_restored_H3B is completed."}
{"ts": "2026-08-24T17:10:43", "level": "INFO", "service": "gis-cities-mtl_fsa_gisoo-h3b", "env": "dev", "logger": "jug_gis_cities.mtl_fsa_gisoo.workflow", "request_id": "-", "msg": "The nrcan_restored_H3B has 25 records."}
{"ts": "2026-08-24T17:10:43", "level": "INFO", "service": "gis-cities-mtl_fsa_gisoo-h3b", "env": "dev", "logger": "jug_gis_cities.mtl_fsa_gisoo.workflow", "request_id": "-", "msg": "Completed Montreal H3B workflow step: extract nrcan restored records in 0.063s."}
{"ts": "2026-08-24T17:10:43", "level": "INFO", "service": "gis-cities-mtl_fsa_gisoo-h3b", "env": "dev", "logger": "jug_gis_cities.mtl_fsa_gisoo.workflow", "request_id": "-", "msg": "Starting Montreal H3B workflow step: extract dominant summary joined parts."}
{"ts": "2026-08-24T17:10:43", "level": "INFO", "service": "gis-cities-mtl_fsa_gisoo-h3b", "env": "dev", "logger": "citygisoo.geopackage_feature_processor", "request_id": "-", "msg": "Wrote 25 features from summary_joined_H3B to D:/GIS/mtl_gisoo_fsa_data\\output_data\\H3B\\dominant_parts\\dominant_parts.gpkg."}
{"ts": "2026-08-24T17:10:43", "level": "INFO", "service": "gis-cities-mtl_fsa_gisoo-h3b", "env": "dev", "logger": "citygisoo.scrub_layer_class", "request_id": "-", "msg": "Loaded layer dominant_parts_H3B from D:/GIS/mtl_gisoo_fsa_data\\output_data\\H3B\\dominant_parts\\dominant_parts.gpkg."}
{"ts": "2026-08-24T17:10:43", "level": "INFO", "service": "gis-cities-mtl_fsa_gisoo-h3b", "env": "dev", "logger": "citygisoo.scrub_layer_class", "request_id": "-", "msg": "Creating spatial index for dominant_parts_H3B is completed."}
{"ts": "2026-08-24T17:10:43", "level": "INFO", "service": "gis-cities-mtl_fsa_gisoo-h3b", "env": "dev", "logger": "jug_gis_cities.mtl_fsa_gisoo.workflow", "request_id": "-", "msg": "The dominant_parts_H3B has 25 records."}
{"ts": "2026-08-24T17:10:43", "level": "INFO", "service": "gis-cities-mtl_fsa_gisoo-h3b", "env": "dev", "logger": "jug_gis_cities.mtl_fsa_gisoo.workflow", "request_id": "-", "msg": "Completed Montreal H3B workflow step: extract dominant summary joined parts in 0.067s."}
{"ts": "2026-08-24T17:10:43", "level": "INFO", "service": "gis-cities-mtl_fsa_gisoo-h3b", "env": "dev", "logger": "jug_gis_cities.mtl_fsa_gisoo.workflow", "request_id": "-", "msg": "Starting Montreal H3B workflow step: join nrcan restored with dominant usage id."}
{"ts": "2026-08-24T17:10:43", "level": "INFO", "service": "gis-cities-mtl_fsa_gisoo-h3b", "env": "dev", "logger": "citygisoo.scrub_layer_class", "request_id": "-", "msg": "Field join of nrcan_restored_H3B with input layer dominant_parts_H3B is completed."}
{"ts": "2026-08-24T17:10:43", "level": "INFO", "service": "gis-cities-mtl_fsa_gisoo-h3b", "env": "dev", "logger": "citygisoo.scrub_layer_class", "request_id": "-", "msg": "Loaded layer nrcan_restored_with_usage_id_H3B from D:/GIS/mtl_gisoo_fsa_data\\output_data\\H3B\\nrcan_restored_with_usage_id\\nrcan_restored_with_usage_id.gpkg."}
{"ts": "2026-08-24T17:10:43", "level": "INFO", "service": "gis-cities-mtl_fsa_gisoo-h3b", "env": "dev", "logger": "citygisoo.scrub_layer_class", "request_id": "-", "msg": "Creating spatial index for nrcan_restored_with_usage_id_H3B is completed."}
{"ts": "2026-08-24T17:10:43", "level": "INFO", "service": "gis-cities-mtl_fsa_gisoo-h3b", "env": "dev", "logger": "jug_gis_cities.mtl_fsa_gisoo.workflow", "request_id": "-", "msg": "The nrcan_restored_with_usage_id_H3B has 25 records."}
{"ts": "2026-08-24T17:10:43", "level": "INFO", "service": "gis-cities-mtl_fsa_gisoo-h3b", "env": "dev", "logger": "jug_gis_cities.mtl_fsa_gisoo.workflow", "request_id": "-", "msg": "Completed Montreal H3B workflow step: join nrcan restored with dominant usage id in 0.096s."}
{"ts": "2026-08-24T17:10:43", "level": "INFO", "service": "gis-cities-mtl_fsa_gisoo-h3b", "env": "dev", "logger": "jug_gis_cities.mtl_fsa_gisoo.workflow", "request_id": "-", "msg": "Starting Montreal H3B workflow step: merge kept and restored nrcan intersections."}
{"ts": "2026-08-24T17:10:43", "level": "INFO", "service": "gis-cities-mtl_fsa_gisoo-h3b", "env": "dev", "logger": "citygisoo.scrub_layer_class", "request_id": "-", "msg": "Merged 2 explicit layers into D:/GIS/mtl_gisoo_fsa_data\\output_data\\H3B\\nrcan_intersected\\nrcan_intersected.gpkg."}
{"ts": "2026-08-24T17:10:43", "level": "INFO", "service": "gis-cities-mtl_fsa_gisoo-h3b", "env": "dev", "logger": "citygisoo.scrub_layer_class", "request_id": "-", "msg": "Loaded layer c_nrcan_intersected_H3B from D:/GIS/mtl_gisoo_fsa_data\\output_data\\H3B\\nrcan_intersected\\nrcan_intersected.gpkg."}
{"ts": "2026-08-24T17:10:43", "level": "INFO", "service": "gis-cities-mtl_fsa_gisoo-h3b", "env": "dev", "logger": "citygisoo.scrub_layer_class", "request_id": "-", "msg": "Creating spatial index for c_nrcan_intersected_H3B is completed."}
{"ts": "2026-08-24T17:10:43", "level": "INFO", "service": "gis-cities-mtl_fsa_gisoo-h3b", "env": "dev", "logger": "jug_gis_cities.mtl_fsa_gisoo.workflow", "request_id": "-", "msg": "The c_nrcan_intersected_H3B has 248 records."}
{"ts": "2026-08-24T17:10:43", "level": "INFO", "service": "gis-cities-mtl_fsa_gisoo-h3b", "env": "dev", "logger": "jug_gis_cities.mtl_fsa_gisoo.workflow", "request_id": "-", "msg": "Completed Montreal H3B workflow step: merge kept and restored nrcan intersections in 0.085s."}
{"ts": "2026-08-24T17:10:43", "level": "INFO", "service": "gis-cities-mtl_fsa_gisoo-h3b", "env": "dev", "logger": "jug_gis_cities.mtl_fsa_gisoo.workflow", "request_id": "-", "msg": "Starting Montreal H3B workflow step: assign nrcan intersected uuid field."}
{"ts": "2026-08-24T17:10:43", "level": "INFO", "service": "gis-cities-mtl_fsa_gisoo-h3b", "env": "dev", "logger": "citygisoo.scrub_layer_class", "request_id": "-", "msg": "Assigned expression values to field nrcan_in_id on c_nrcan_intersected_H3B for 248 features."}
{"ts": "2026-08-24T17:10:43", "level": "INFO", "service": "gis-cities-mtl_fsa_gisoo-h3b", "env": "dev", "logger": "jug_gis_cities.mtl_fsa_gisoo.workflow", "request_id": "-", "msg": "Completed Montreal H3B workflow step: assign nrcan intersected uuid field in 0.095s."}
{"ts": "2026-08-24T17:10:43", "level": "INFO", "service": "gis-cities-mtl_fsa_gisoo-h3b", "env": "dev", "logger": "jug_gis_cities.mtl_fsa_gisoo.workflow", "request_id": "-", "msg": "Starting Montreal H3B workflow step: create nrcan intersected points."}
{"ts": "2026-08-24T17:10:43", "level": "INFO", "service": "gis-cities-mtl_fsa_gisoo-h3b", "env": "dev", "logger": "citygisoo.scrub_layer_class", "request_id": "-", "msg": "Created point-on-surface layer from c_nrcan_intersected_H3B into D:/GIS/mtl_gisoo_fsa_data\\output_data\\H3B\\nrcan_intersected_points\\nrcan_intersected_points.gpkg."}
{"ts": "2026-08-24T17:10:43", "level": "INFO", "service": "gis-cities-mtl_fsa_gisoo-h3b", "env": "dev", "logger": "citygisoo.scrub_layer_class", "request_id": "-", "msg": "Loaded layer nrcan_intersected_points from D:/GIS/mtl_gisoo_fsa_data\\output_data\\H3B\\nrcan_intersected_points\\nrcan_intersected_points.gpkg."}
{"ts": "2026-08-24T17:10:43", "level": "INFO", "service": "gis-cities-mtl_fsa_gisoo-h3b", "env": "dev", "logger": "citygisoo.scrub_layer_class", "request_id": "-", "msg": "Creating spatial index for nrcan_intersected_points is completed."}
{"ts": "2026-08-24T17:10:43", "level": "INFO", "service": "gis-cities-mtl_fsa_gisoo-h3b", "env": "dev", "logger": "jug_gis_cities.mtl_fsa_gisoo.workflow", "request_id": "-", "msg": "The nrcan_intersected_points has 248 records."}
{"ts": "2026-08-24T17:10:43", "level": "INFO", "service": "gis-cities-mtl_fsa_gisoo-h3b", "env": "dev", "logger": "jug_gis_cities.mtl_fsa_gisoo.workflow", "request_id": "-", "msg": "Completed Montreal H3B workflow step: create nrcan intersected points in 0.082s."}
{"ts": "2026-08-24T17:10:43", "level": "INFO", "service": "gis-cities-mtl_fsa_gisoo-h3b", "env": "dev", "logger": "jug_gis_cities.mtl_fsa_gisoo.workflow", "request_id": "-", "msg": "Starting Montreal H3B workflow step: spatial join nrcan intersected points with usage roll."}
{"ts": "2026-08-24T17:10:44", "level": "INFO", "service": "gis-cities-mtl_fsa_gisoo-h3b", "env": "dev", "logger": "citygisoo.scrub_layer_class", "request_id": "-", "msg": "Spatial join with input layer nrcan_intersected_points, predicate within, method one-to-many, and prefix ur_ is completed."}
{"ts": "2026-08-24T17:10:44", "level": "INFO", "service": "gis-cities-mtl_fsa_gisoo-h3b", "env": "dev", "logger": "citygisoo.scrub_layer_class", "request_id": "-", "msg": "Loaded layer nrcan_in_usage_roll_points_H3B from D:/GIS/mtl_gisoo_fsa_data\\output_data\\H3B\\nrcan_in_usage_roll_points\\nrcan_in_usage_roll_points.gpkg."}
{"ts": "2026-08-24T17:10:44", "level": "INFO", "service": "gis-cities-mtl_fsa_gisoo-h3b", "env": "dev", "logger": "citygisoo.scrub_layer_class", "request_id": "-", "msg": "Creating spatial index for nrcan_in_usage_roll_points_H3B is completed."}
{"ts": "2026-08-24T17:10:44", "level": "INFO", "service": "gis-cities-mtl_fsa_gisoo-h3b", "env": "dev", "logger": "jug_gis_cities.mtl_fsa_gisoo.workflow", "request_id": "-", "msg": "The nrcan_in_usage_roll_points_H3B has 2731 records."}
{"ts": "2026-08-24T17:10:44", "level": "INFO", "service": "gis-cities-mtl_fsa_gisoo-h3b", "env": "dev", "logger": "jug_gis_cities.mtl_fsa_gisoo.workflow", "request_id": "-", "msg": "Completed Montreal H3B workflow step: spatial join nrcan intersected points with usage roll in 0.576s."}
{"ts": "2026-08-24T17:10:44", "level": "INFO", "service": "gis-cities-mtl_fsa_gisoo-h3b", "env": "dev", "logger": "jug_gis_cities.mtl_fsa_gisoo.workflow", "request_id": "-", "msg": "Starting Montreal H3B workflow step: restore nrcan geometry on usage roll points."}
{"ts": "2026-08-24T17:10:45", "level": "INFO", "service": "gis-cities-mtl_fsa_gisoo-h3b", "env": "dev", "logger": "citygisoo.scrub_layer_class", "request_id": "-", "msg": "Created geometry-by-expression layer from nrcan_in_usage_roll_points_H3B into D:/GIS/mtl_gisoo_fsa_data\\output_data\\H3B\\nrcan_usage_roll_with_missing\\nrcan_usage_roll_with_missing.gpkg."}
{"ts": "2026-08-24T17:10:45", "level": "INFO", "service": "gis-cities-mtl_fsa_gisoo-h3b", "env": "dev", "logger": "citygisoo.scrub_layer_class", "request_id": "-", "msg": "Loaded layer nrcan_usage_roll_with_missing from D:/GIS/mtl_gisoo_fsa_data\\output_data\\H3B\\nrcan_usage_roll_with_missing\\nrcan_usage_roll_with_missing.gpkg."}
{"ts": "2026-08-24T17:10:45", "level": "INFO", "service": "gis-cities-mtl_fsa_gisoo-h3b", "env": "dev", "logger": "citygisoo.scrub_layer_class", "request_id": "-", "msg": "Creating spatial index for nrcan_usage_roll_with_missing is completed."}
{"ts": "2026-08-24T17:10:45", "level": "INFO", "service": "gis-cities-mtl_fsa_gisoo-h3b", "env": "dev", "logger": "jug_gis_cities.mtl_fsa_gisoo.workflow", "request_id": "-", "msg": "The nrcan_usage_roll_with_missing has 2731 records."}
{"ts": "2026-08-24T17:10:45", "level": "INFO", "service": "gis-cities-mtl_fsa_gisoo-h3b", "env": "dev", "logger": "jug_gis_cities.mtl_fsa_gisoo.workflow", "request_id": "-", "msg": "Completed Montreal H3B workflow step: restore nrcan geometry on usage roll points in 0.681s."}
{"ts": "2026-08-24T17:10:45", "level": "INFO", "service": "gis-cities-mtl_fsa_gisoo-h3b", "env": "dev", "logger": "jug_gis_cities.mtl_fsa_gisoo.workflow", "request_id": "-", "msg": "Starting Montreal H3B workflow step: extract usage roll missing nrcan geometry."}
{"ts": "2026-08-24T17:10:45", "level": "INFO", "service": "gis-cities-mtl_fsa_gisoo-h3b", "env": "dev", "logger": "citygisoo.geopackage_feature_processor", "request_id": "-", "msg": "Extracted 5 features from usage_roll_all_H3B by membership of id_provinc in nrcan_usage_roll_with_missing.ur_id_provinc."}
{"ts": "2026-08-24T17:10:45", "level": "INFO", "service": "gis-cities-mtl_fsa_gisoo-h3b", "env": "dev", "logger": "citygisoo.geopackage_feature_processor", "request_id": "-", "msg": "Wrote 5 features from usage_roll_all_H3B to D:/GIS/mtl_gisoo_fsa_data\\output_data\\H3B\\usage_roll_all_only\\usage_roll_all_only.gpkg."}
{"ts": "2026-08-24T17:10:45", "level": "INFO", "service": "gis-cities-mtl_fsa_gisoo-h3b", "env": "dev", "logger": "citygisoo.scrub_layer_class", "request_id": "-", "msg": "Loaded layer usage_roll_all_only_H3B from D:/GIS/mtl_gisoo_fsa_data\\output_data\\H3B\\usage_roll_all_only\\usage_roll_all_only.gpkg."}
{"ts": "2026-08-24T17:10:45", "level": "INFO", "service": "gis-cities-mtl_fsa_gisoo-h3b", "env": "dev", "logger": "citygisoo.scrub_layer_class", "request_id": "-", "msg": "Creating spatial index for usage_roll_all_only_H3B is completed."}
{"ts": "2026-08-24T17:10:45", "level": "INFO", "service": "gis-cities-mtl_fsa_gisoo-h3b", "env": "dev", "logger": "jug_gis_cities.mtl_fsa_gisoo.workflow", "request_id": "-", "msg": "The usage_roll_all_only_H3B has 5 records."}
{"ts": "2026-08-24T17:10:45", "level": "INFO", "service": "gis-cities-mtl_fsa_gisoo-h3b", "env": "dev", "logger": "jug_gis_cities.mtl_fsa_gisoo.workflow", "request_id": "-", "msg": "Completed Montreal H3B workflow step: extract usage roll missing nrcan geometry in 0.225s."}
{"ts": "2026-08-24T17:10:45", "level": "INFO", "service": "gis-cities-mtl_fsa_gisoo-h3b", "env": "dev", "logger": "jug_gis_cities.mtl_fsa_gisoo.workflow", "request_id": "-", "msg": "Starting Montreal H3B workflow step: merge nrcan usage roll layers."}
{"ts": "2026-08-24T17:10:47", "level": "INFO", "service": "gis-cities-mtl_fsa_gisoo-h3b", "env": "dev", "logger": "citygisoo.scrub_layer_class", "request_id": "-", "msg": "Merged 2 explicit layers into D:/GIS/mtl_gisoo_fsa_data\\output_data\\H3B\\nrcan_usage_roll\\nrcan_usage_roll.gpkg."}
{"ts": "2026-08-24T17:10:47", "level": "INFO", "service": "gis-cities-mtl_fsa_gisoo-h3b", "env": "dev", "logger": "citygisoo.scrub_layer_class", "request_id": "-", "msg": "Loaded layer nrcan_usage_roll_H3B from D:/GIS/mtl_gisoo_fsa_data\\output_data\\H3B\\nrcan_usage_roll\\nrcan_usage_roll.gpkg."}
{"ts": "2026-08-24T17:10:47", "level": "INFO", "service": "gis-cities-mtl_fsa_gisoo-h3b", "env": "dev", "logger": "citygisoo.scrub_layer_class", "request_id": "-", "msg": "Creating spatial index for nrcan_usage_roll_H3B is completed."}
{"ts": "2026-08-24T17:10:47", "level": "INFO", "service": "gis-cities-mtl_fsa_gisoo-h3b", "env": "dev", "logger": "jug_gis_cities.mtl_fsa_gisoo.workflow", "request_id": "-", "msg": "The nrcan_usage_roll_H3B has 2736 records."}
{"ts": "2026-08-24T17:10:47", "level": "INFO", "service": "gis-cities-mtl_fsa_gisoo-h3b", "env": "dev", "logger": "jug_gis_cities.mtl_fsa_gisoo.workflow", "request_id": "-", "msg": "Completed Montreal H3B workflow step: merge nrcan usage roll layers in 1.909s."}
{"ts": "2026-08-24T17:10:47", "level": "INFO", "service": "gis-cities-mtl_fsa_gisoo-h3b", "env": "dev", "logger": "jug_gis_cities.mtl_fsa_gisoo.workflow", "request_id": "-", "msg": "Starting Montreal H3B workflow step: assign nrcan usage roll FSA field."}
{"ts": "2026-08-24T17:10:49", "level": "INFO", "service": "gis-cities-mtl_fsa_gisoo-h3b", "env": "dev", "logger": "citygisoo.scrub_layer_class", "request_id": "-", "msg": "Assigned expression values to field FSA on nrcan_usage_roll_H3B for 2736 features."}
{"ts": "2026-08-24T17:10:49", "level": "INFO", "service": "gis-cities-mtl_fsa_gisoo-h3b", "env": "dev", "logger": "jug_gis_cities.mtl_fsa_gisoo.workflow", "request_id": "-", "msg": "Completed Montreal H3B workflow step: assign nrcan usage roll FSA field in 2.222s."}
{"ts": "2026-08-24T17:10:49", "level": "INFO", "service": "gis-cities-mtl_fsa_gisoo-h3b", "env": "dev", "logger": "jug_gis_cities.mtl_fsa_gisoo.workflow", "request_id": "-", "msg": "Starting Montreal H3B workflow step: assign nrcan usage roll citygisoo id field."}
{"ts": "2026-08-24T17:10:51", "level": "INFO", "service": "gis-cities-mtl_fsa_gisoo-h3b", "env": "dev", "logger": "citygisoo.scrub_layer_class", "request_id": "-", "msg": "Assigned expression values to field citygisoo_id on nrcan_usage_roll_H3B for 2736 features."}
{"ts": "2026-08-24T17:10:51", "level": "INFO", "service": "gis-cities-mtl_fsa_gisoo-h3b", "env": "dev", "logger": "jug_gis_cities.mtl_fsa_gisoo.workflow", "request_id": "-", "msg": "Completed Montreal H3B workflow step: assign nrcan usage roll citygisoo id field in 2.308s."}
{"ts": "2026-08-24T17:10:51", "level": "INFO", "service": "gis-cities-mtl_fsa_gisoo-h3b", "env": "dev", "logger": "jug_gis_cities.mtl_fsa_gisoo.workflow", "request_id": "-", "msg": "Starting Montreal H3B workflow step: assign nrcan usage roll citygisoo area field."}
{"ts": "2026-08-24T17:10:52", "level": "INFO", "service": "gis-cities-mtl_fsa_gisoo-h3b", "env": "dev", "logger": "citygisoo.geopackage_feature_processor", "request_id": "-", "msg": "Assigned Python-calculated values to field citygisoo_area on nrcan_usage_roll_H3B for 2736 features."}
{"ts": "2026-08-24T17:10:52", "level": "INFO", "service": "gis-cities-mtl_fsa_gisoo-h3b", "env": "dev", "logger": "jug_gis_cities.mtl_fsa_gisoo.workflow", "request_id": "-", "msg": "Completed Montreal H3B workflow step: assign nrcan usage roll citygisoo area field in 0.280s."}
{"ts": "2026-08-24T17:10:52", "level": "INFO", "service": "gis-cities-mtl_fsa_gisoo-h3b", "env": "dev", "logger": "jug_gis_cities.mtl_fsa_gisoo.workflow", "request_id": "-", "msg": "Starting Montreal H3B workflow step: assign nrcan usage roll processing tool field."}
{"ts": "2026-08-24T17:10:54", "level": "INFO", "service": "gis-cities-mtl_fsa_gisoo-h3b", "env": "dev", "logger": "citygisoo.scrub_layer_class", "request_id": "-", "msg": "Assigned expression values to field processing_tool on nrcan_usage_roll_H3B for 2736 features."}
{"ts": "2026-08-24T17:10:54", "level": "INFO", "service": "gis-cities-mtl_fsa_gisoo-h3b", "env": "dev", "logger": "jug_gis_cities.mtl_fsa_gisoo.workflow", "request_id": "-", "msg": "Completed Montreal H3B workflow step: assign nrcan usage roll processing tool field in 2.234s."}
{"ts": "2026-08-24T17:10:54", "level": "INFO", "service": "gis-cities-mtl_fsa_gisoo-h3b", "env": "dev", "logger": "jug_gis_cities.mtl_fsa_gisoo.workflow", "request_id": "-", "msg": "Starting Montreal H3B workflow step: assign nrcan usage roll processed by field."}
{"ts": "2026-08-24T17:10:56", "level": "INFO", "service": "gis-cities-mtl_fsa_gisoo-h3b", "env": "dev", "logger": "citygisoo.scrub_layer_class", "request_id": "-", "msg": "Assigned expression values to field processed_by on nrcan_usage_roll_H3B for 2736 features."}
{"ts": "2026-08-24T17:10:56", "level": "INFO", "service": "gis-cities-mtl_fsa_gisoo-h3b", "env": "dev", "logger": "jug_gis_cities.mtl_fsa_gisoo.workflow", "request_id": "-", "msg": "Completed Montreal H3B workflow step: assign nrcan usage roll processed by field in 2.242s."}
{"ts": "2026-08-24T17:10:56", "level": "INFO", "service": "gis-cities-mtl_fsa_gisoo-h3b", "env": "dev", "logger": "jug_gis_cities.mtl_fsa_gisoo.workflow", "request_id": "-", "msg": "Starting Montreal H3B workflow step: create finalized GISOO layer."}
{"ts": "2026-08-24T17:10:57", "level": "INFO", "service": "gis-cities-mtl_fsa_gisoo-h3b", "env": "dev", "logger": "citygisoo.geopackage_feature_processor", "request_id": "-", "msg": "Wrote 2736 features from nrcan_usage_roll_H3B to D:/GIS/mtl_gisoo_fsa_data\\output_data\\H3B\\mtl_H3B_gisoo\\mtl_H3B_gisoo.gpkg."}
{"ts": "2026-08-24T17:10:57", "level": "INFO", "service": "gis-cities-mtl_fsa_gisoo-h3b", "env": "dev", "logger": "citygisoo.scrub_layer_class", "request_id": "-", "msg": "Loaded layer mtl_H3B_gisoo from D:/GIS/mtl_gisoo_fsa_data\\output_data\\H3B\\mtl_H3B_gisoo\\mtl_H3B_gisoo.gpkg."}
{"ts": "2026-08-24T17:10:57", "level": "INFO", "service": "gis-cities-mtl_fsa_gisoo-h3b", "env": "dev", "logger": "citygisoo.scrub_layer_class", "request_id": "-", "msg": "Creating spatial index for mtl_H3B_gisoo is completed."}
{"ts": "2026-08-24T17:10:57", "level": "INFO", "service": "gis-cities-mtl_fsa_gisoo-h3b", "env": "dev", "logger": "jug_gis_cities.mtl_fsa_gisoo.workflow", "request_id": "-", "msg": "The mtl_H3B_gisoo has 2736 records."}
{"ts": "2026-08-24T17:10:57", "level": "INFO", "service": "gis-cities-mtl_fsa_gisoo-h3b", "env": "dev", "logger": "jug_gis_cities.mtl_fsa_gisoo.workflow", "request_id": "-", "msg": "Completed Montreal H3B workflow step: create finalized GISOO layer in 0.609s."}
{"ts": "2026-08-24T17:10:57", "level": "INFO", "service": "gis-cities-mtl_fsa_gisoo-h3b", "env": "dev", "logger": "jug_gis_cities.mtl_fsa_gisoo.workflow", "request_id": "-", "msg": "Completed Montreal FSA GISOO workflow. FSA=H3B Output=D:/GIS/mtl_gisoo_fsa_data\\output_data\\H3B\\mtl_H3B_gisoo\\mtl_H3B_gisoo.gpkg Elapsed=211.758s"}
{"ts": "2026-08-24T17:10:57", "level": "INFO", "service": "gis-cities-mtl_fsa_gisoo-h3b", "env": "dev", "logger": "jug_gis_cities.application.jug_gis_cities", "request_id": "-", "msg": "Running GIS city component callable with FSA. Component=mtl_fsa_gisoo Callable=contract_adapter.run_contract_adapter FSA=H3B"}
{"ts": "2026-08-24T17:10:57", "level": "INFO", "service": "gis-cities-mtl_fsa_gisoo-h3b", "env": "dev", "logger": "jug_gis_cities.mtl_fsa_gisoo.contract_adapter", "request_id": "-", "msg": "Starting Montreal FSA contract adapter. FSA=H3B Input=D:/GIS/mtl_gisoo_fsa_data\\output_data\\H3B\\mtl_H3B_gisoo\\mtl_H3B_gisoo.gpkg Output=D:/GIS/mtl_gisoo_fsa_data\\output_data\\H3B\\mtl_H3B_gisoo_standardized\\mtl_H3B_gisoo_standardized.geojson"}
{"ts": "2026-08-24T17:10:57", "level": "INFO", "service": "gis-cities-mtl_fsa_gisoo-h3b", "env": "dev", "logger": "citygisoo.building_contract_adapter", "request_id": "-", "msg": "Starting building contract adapter. Input=D:/GIS/mtl_gisoo_fsa_data\\output_data\\H3B\\mtl_H3B_gisoo\\mtl_H3B_gisoo.gpkg Output=D:/GIS/mtl_gisoo_fsa_data\\output_data\\H3B\\mtl_H3B_gisoo_standardized\\mtl_H3B_gisoo_standardized.geojson"}
{"ts": "2026-08-24T17:10:57", "level": "INFO", "service": "gis-cities-mtl_fsa_gisoo-h3b", "env": "dev", "logger": "citygisoo.scrub_layer_class", "request_id": "-", "msg": "Loaded layer mtl_H3B_gisoo from D:/GIS/mtl_gisoo_fsa_data\\output_data\\H3B\\mtl_H3B_gisoo\\mtl_H3B_gisoo.gpkg."}
{"ts": "2026-08-24T17:10:57", "level": "INFO", "service": "gis-cities-mtl_fsa_gisoo-h3b", "env": "dev", "logger": "citygisoo.field_schema_manager", "request_id": "-", "msg": "Refactoring 21 fields from layer mtl_H3B_gisoo into D:/GIS/mtl_gisoo_fsa_data\\output_data\\H3B\\mtl_H3B_gisoo_standardized\\mtl_H3B_gisoo_standardized.geojson in one operation."}
{"ts": "2026-08-24T17:10:57", "level": "INFO", "service": "gis-cities-mtl_fsa_gisoo-h3b", "env": "dev", "logger": "citygisoo.scrub_layer_class", "request_id": "-", "msg": "Loaded layer mtl_H3B_gisoo_standardized from D:/GIS/mtl_gisoo_fsa_data\\output_data\\H3B\\mtl_H3B_gisoo_standardized\\mtl_H3B_gisoo_standardized.geojson."}
{"ts": "2026-08-24T17:10:57", "level": "INFO", "service": "gis-cities-mtl_fsa_gisoo-h3b", "env": "dev", "logger": "citygisoo.field_schema_manager", "request_id": "-", "msg": "Standardized fields for layer mtl_H3B_gisoo_standardized."}
{"ts": "2026-08-24T17:10:57", "level": "INFO", "service": "gis-cities-mtl_fsa_gisoo-h3b", "env": "dev", "logger": "citygisoo.building_contract_adapter", "request_id": "-", "msg": "Skipping null-feature deletion because no non-null contract fields were configured."}
{"ts": "2026-08-24T17:10:57", "level": "WARNING", "service": "gis-cities-mtl_fsa_gisoo-h3b", "env": "dev", "logger": "py.warnings", "request_id": "-", "msg": "C:\\Users\\a_adli\\docker_projects\\sabu\\libs\\citygisoo\\src\\citygisoo\\field_schema_manager.py:696: DeprecationWarning: QgsField constructor is deprecated\n  new_field = QgsField(field_name, QVariant.Int)\n"}
{"ts": "2026-08-24T17:10:58", "level": "INFO", "service": "gis-cities-mtl_fsa_gisoo-h3b", "env": "dev", "logger": "citygisoo.field_schema_manager", "request_id": "-", "msg": "Assigned 2736 ID values to field id on layer mtl_H3B_gisoo_standardized."}
{"ts": "2026-08-24T17:10:59", "level": "INFO", "service": "gis-cities-mtl_fsa_gisoo-h3b", "env": "dev", "logger": "citygisoo.field_schema_manager", "request_id": "-", "msg": "Promoted property id to feature-level ID for layer mtl_H3B_gisoo_standardized."}
{"ts": "2026-08-24T17:10:59", "level": "INFO", "service": "gis-cities-mtl_fsa_gisoo-h3b", "env": "dev", "logger": "citygisoo.building_contract_adapter", "request_id": "-", "msg": "Completed building contract adapter. GeoJSON output=D:/GIS/mtl_gisoo_fsa_data\\output_data\\H3B\\mtl_H3B_gisoo_standardized\\mtl_H3B_gisoo_standardized.geojson"}
{"ts": "2026-08-24T17:10:59", "level": "INFO", "service": "gis-cities-mtl_fsa_gisoo-h3b", "env": "dev", "logger": "jug_gis_cities.mtl_fsa_gisoo.contract_adapter", "request_id": "-", "msg": "Completed Montreal FSA contract adapter. FSA=H3B Output=D:/GIS/mtl_gisoo_fsa_data\\output_data\\H3B\\mtl_H3B_gisoo_standardized\\mtl_H3B_gisoo_standardized.geojson Elapsed=1.868s"}
{"ts": "2026-08-24T17:10:59", "level": "INFO", "service": "gis-cities-mtl_fsa_gisoo-h3b", "env": "dev", "logger": "jug_gis_cities.application.jug_gis_cities", "request_id": "-", "msg": "Completed GIS city component. Component=mtl_fsa_gisoo Mode=standardize FSA=H3B WorkflowOutput=D:/GIS/mtl_gisoo_fsa_data\\output_data\\H3B\\mtl_H3B_gisoo\\mtl_H3B_gisoo.gpkg StandardizedOutput=D:/GIS/mtl_gisoo_fsa_data\\output_data\\H3B\\mtl_H3B_gisoo_standardized\\mtl_H3B_gisoo_standardized.geojson Cleaned=0 Elapsed=213.931s"}
{"ts": "2026-08-24T17:10:59", "level": "INFO", "service": "gis-cities-mtl_fsa_gisoo-h3b", "env": "dev", "logger": "jug_gis_cities.application.jug_gis_cities", "request_id": "-", "msg": "Disposable GIS component worker shut down QGIS."}
{"ts": "2026-08-24T17:10:59", "level": "INFO", "service": "gis-cities-mtl_fsa_gisoo-h3b", "env": "dev", "logger": "jug_gis_cities.application.jug_gis_cities", "request_id": "-", "msg": "Running GIS city component callable with FSA. Component=mtl_fsa_gisoo Callable=output_cleanup.cleanup_outputs FSA=H3B"}
{"ts": "2026-08-24T17:10:59", "level": "INFO", "service": "gis-cities-mtl_fsa_gisoo-h3b", "env": "dev", "logger": "jug_gis_cities.mtl_fsa_gisoo.output_cleanup", "request_id": "-", "msg": "Cleaned Montreal FSA workflow outputs. FSA=H3B Deleted=32 Retained=['fsa_boundary', 'mtl_{fsa}_gisoo', 'nrcan_fixed', 'roll', 'usage_fixed']"}
{"ts": "2026-08-24T17:10:59", "level": "INFO", "service": "gis-cities-mtl_fsa_gisoo-h3b", "env": "dev", "logger": "jug_gis_cities.application.jug_gis_cities", "request_id": "-", "msg": "Completed isolated GIS city component. Component=mtl_fsa_gisoo Mode=standardize FSA=H3B Cleaned=32 Elapsed=215.329s"}
{"ts": "2026-09-02T16:06:42", "level": "INFO", "service": "gis-cities-mtl_fsa_gisoo-h3b", "env": "dev", "logger": "jug_gis_cities.application.jug_gis_cities", "request_id": "-", "msg": "Starting GIS city component. Component=mtl_fsa_gisoo Mode=standardize FSA=H3B"}
{"ts": "2026-09-02T16:06:42", "level": "INFO", "service": "gis-cities-mtl_fsa_gisoo-h3b", "env": "dev", "logger": "jug_gis_cities.application.jug_gis_cities", "request_id": "-", "msg": "Running GIS city component callable with FSA. Component=mtl_fsa_gisoo Callable=workflow.run_workflow FSA=H3B"}
{"ts": "2026-09-02T16:06:42", "level": "INFO", "service": "gis-cities-mtl_fsa_gisoo-h3b", "env": "dev", "logger": "jug_gis_cities.mtl_fsa_gisoo.workflow", "request_id": "-", "msg": "Starting Montreal FSA GISOO workflow. FSA=H3B Output directory=D:/GIS/mtl_gisoo_fsa_data\\output_data\\H3B"}
{"ts": "2026-09-02T16:06:42", "level": "INFO", "service": "gis-cities-mtl_fsa_gisoo-h3b", "env": "dev", "logger": "jug_gis_cities.mtl_fsa_gisoo.workflow", "request_id": "-", "msg": "Starting Montreal H3B workflow step: prepare output folders."}
{"ts": "2026-09-02T16:06:42", "level": "INFO", "service": "gis-cities-mtl_fsa_gisoo-h3b", "env": "dev", "logger": "jug_gis_cities.mtl_fsa_gisoo.workflow", "request_id": "-", "msg": "Completed Montreal H3B workflow step: prepare output folders in 0.009s."}
{"ts": "2026-09-02T16:06:42", "level": "INFO", "service": "gis-cities-mtl_fsa_gisoo-h3b", "env": "dev", "logger": "jug_gis_cities.mtl_fsa_gisoo.workflow", "request_id": "-", "msg": "Starting Montreal H3B workflow step: load input layers."}
{"ts": "2026-09-02T16:06:42", "level": "INFO", "service": "gis-cities-mtl_fsa_gisoo-h3b", "env": "dev", "logger": "citygisoo.scrub_layer_class", "request_id": "-", "msg": "Loaded layer roll_mtl from D:/GIS/mtl_gisoo_fsa_data\\input_data\\mtl_role_2025_unit_eval_et_address_geopackage\\mtl_island_role_2025_unit_eval_et_address.gpkg."}
{"ts": "2026-09-02T16:06:42", "level": "INFO", "service": "gis-cities-mtl_fsa_gisoo-h3b", "env": "dev", "logger": "citygisoo.scrub_layer_class", "request_id": "-", "msg": "Loaded layer nrcan_mtl from D:/GIS/mtl_gisoo_fsa_data\\input_data\\mtl_auto_with_heights\\mtl_auto_with_heights.gpkg."}
{"ts": "2026-09-02T16:06:42", "level": "INFO", "service": "gis-cities-mtl_fsa_gisoo-h3b", "env": "dev", "logger": "citygisoo.scrub_layer_class", "request_id": "-", "msg": "Loaded layer nrcan_preserved_mtl from D:/GIS/mtl_gisoo_fsa_data\\input_data\\mtl_auto_with_heights_preserved\\mtl_auto_with_heights_preserved.gpkg."}
{"ts": "2026-09-02T16:06:42", "level": "INFO", "service": "gis-cities-mtl_fsa_gisoo-h3b", "env": "dev", "logger": "citygisoo.scrub_layer_class", "request_id": "-", "msg": "Loaded layer usage_mtl from D:/GIS/mtl_gisoo_fsa_data\\input_data\\mamh_usage_predo_2026_gpkg\\mamh_usage_predo_2026_s_poly.gpkg."}
{"ts": "2026-09-02T16:06:42", "level": "INFO", "service": "gis-cities-mtl_fsa_gisoo-h3b", "env": "dev", "logger": "citygisoo.scrub_layer_class", "request_id": "-", "msg": "Loaded layer usage_dup_mtl from D:/GIS/mtl_gisoo_fsa_data\\input_data\\mamh_usage_predo_2026_gpkg_dup\\mamh_usage_predo_2026_dup.gpkg."}
{"ts": "2026-09-02T16:06:42", "level": "INFO", "service": "gis-cities-mtl_fsa_gisoo-h3b", "env": "dev", "logger": "citygisoo.scrub_layer_class", "request_id": "-", "msg": "Loaded layer fsa_boundaries from D:/GIS/mtl_gisoo_fsa_data\\input_data\\mtl_island_fsa_boundaries\\mtl_island_fsa_boundaries_dmti_2025.gpkg."}
{"ts": "2026-09-02T16:06:42", "level": "INFO", "service": "gis-cities-mtl_fsa_gisoo-h3b", "env": "dev", "logger": "jug_gis_cities.mtl_fsa_gisoo.workflow", "request_id": "-", "msg": "The roll_mtl has 510932 records."}
{"ts": "2026-09-02T16:06:42", "level": "INFO", "service": "gis-cities-mtl_fsa_gisoo-h3b", "env": "dev", "logger": "jug_gis_cities.mtl_fsa_gisoo.workflow", "request_id": "-", "msg": "The nrcan_mtl has 221563 records."}
{"ts": "2026-09-02T16:06:42", "level": "INFO", "service": "gis-cities-mtl_fsa_gisoo-h3b", "env": "dev", "logger": "jug_gis_cities.mtl_fsa_gisoo.workflow", "request_id": "-", "msg": "The nrcan_preserved_mtl has 221563 records."}
{"ts": "2026-09-02T16:06:42", "level": "INFO", "service": "gis-cities-mtl_fsa_gisoo-h3b", "env": "dev", "logger": "jug_gis_cities.mtl_fsa_gisoo.workflow", "request_id": "-", "msg": "The usage_mtl has 553621 records."}
{"ts": "2026-09-02T16:06:42", "level": "INFO", "service": "gis-cities-mtl_fsa_gisoo-h3b", "env": "dev", "logger": "jug_gis_cities.mtl_fsa_gisoo.workflow", "request_id": "-", "msg": "The usage_dup_mtl has 553621 records."}
{"ts": "2026-09-02T16:06:42", "level": "INFO", "service": "gis-cities-mtl_fsa_gisoo-h3b", "env": "dev", "logger": "jug_gis_cities.mtl_fsa_gisoo.workflow", "request_id": "-", "msg": "The fsa_boundaries has 99 records."}
{"ts": "2026-09-02T16:06:42", "level": "INFO", "service": "gis-cities-mtl_fsa_gisoo-h3b", "env": "dev", "logger": "jug_gis_cities.mtl_fsa_gisoo.workflow", "request_id": "-", "msg": "Completed Montreal H3B workflow step: load input layers in 0.103s."}
{"ts": "2026-09-02T16:06:42", "level": "INFO", "service": "gis-cities-mtl_fsa_gisoo-h3b", "env": "dev", "logger": "jug_gis_cities.mtl_fsa_gisoo.workflow", "request_id": "-", "msg": "Starting Montreal H3B workflow step: extract FSA boundary."}
{"ts": "2026-09-02T16:06:42", "level": "INFO", "service": "gis-cities-mtl_fsa_gisoo-h3b", "env": "dev", "logger": "citygisoo.scrub_layer_class", "request_id": "-", "msg": "Extracted features from fsa_boundaries where g_fsa = H3B into D:/GIS/mtl_gisoo_fsa_data\\output_data\\H3B\\fsa_boundary\\fsa_boundary.gpkg."}
{"ts": "2026-09-02T16:06:42", "level": "INFO", "service": "gis-cities-mtl_fsa_gisoo-h3b", "env": "dev", "logger": "citygisoo.scrub_layer_class", "request_id": "-", "msg": "Loaded layer fsa_boundary_H3B from D:/GIS/mtl_gisoo_fsa_data\\output_data\\H3B\\fsa_boundary\\fsa_boundary.gpkg."}
{"ts": "2026-09-02T16:06:42", "level": "INFO", "service": "gis-cities-mtl_fsa_gisoo-h3b", "env": "dev", "logger": "citygisoo.scrub_layer_class", "request_id": "-", "msg": "Creating spatial index for fsa_boundary_H3B is completed."}
{"ts": "2026-09-02T16:06:42", "level": "INFO", "service": "gis-cities-mtl_fsa_gisoo-h3b", "env": "dev", "logger": "jug_gis_cities.mtl_fsa_gisoo.workflow", "request_id": "-", "msg": "The fsa_boundary_H3B has 1 records."}
{"ts": "2026-09-02T16:06:42", "level": "INFO", "service": "gis-cities-mtl_fsa_gisoo-h3b", "env": "dev", "logger": "jug_gis_cities.mtl_fsa_gisoo.workflow", "request_id": "-", "msg": "Completed Montreal H3B workflow step: extract FSA boundary in 0.055s."}
{"ts": "2026-09-02T16:06:42", "level": "INFO", "service": "gis-cities-mtl_fsa_gisoo-h3b", "env": "dev", "logger": "jug_gis_cities.mtl_fsa_gisoo.workflow", "request_id": "-", "msg": "Starting Montreal H3B workflow step: clip input layers to FSA boundary."}
{"ts": "2026-09-02T16:06:42", "level": "INFO", "service": "gis-cities-mtl_fsa_gisoo-h3b", "env": "dev", "logger": "citygisoo.scrub_layer_class", "request_id": "-", "msg": "Clipping of nrcan_mtl is completed."}
{"ts": "2026-09-02T16:06:42", "level": "INFO", "service": "gis-cities-mtl_fsa_gisoo-h3b", "env": "dev", "logger": "citygisoo.scrub_layer_class", "request_id": "-", "msg": "Loaded layer nrcan_clipped_H3B from D:/GIS/mtl_gisoo_fsa_data\\output_data\\H3B\\nrcan\\nrcan.gpkg."}
{"ts": "2026-09-02T16:06:42", "level": "INFO", "service": "gis-cities-mtl_fsa_gisoo-h3b", "env": "dev", "logger": "citygisoo.scrub_layer_class", "request_id": "-", "msg": "Creating spatial index for nrcan_clipped_H3B is completed."}
{"ts": "2026-09-02T16:06:42", "level": "INFO", "service": "gis-cities-mtl_fsa_gisoo-h3b", "env": "dev", "logger": "jug_gis_cities.mtl_fsa_gisoo.workflow", "request_id": "-", "msg": "The nrcan_clipped_H3B has 77 records."}
{"ts": "2026-09-02T16:06:42", "level": "INFO", "service": "gis-cities-mtl_fsa_gisoo-h3b", "env": "dev", "logger": "citygisoo.scrub_layer_class", "request_id": "-", "msg": "Clipping of nrcan_preserved_mtl is completed."}
{"ts": "2026-09-02T16:06:42", "level": "INFO", "service": "gis-cities-mtl_fsa_gisoo-h3b", "env": "dev", "logger": "citygisoo.scrub_layer_class", "request_id": "-", "msg": "Loaded layer nrcan_preserved_H3B from D:/GIS/mtl_gisoo_fsa_data\\output_data\\H3B\\nrcan_preserved\\nrcan_preserved.gpkg."}
{"ts": "2026-09-02T16:06:42", "level": "INFO", "service": "gis-cities-mtl_fsa_gisoo-h3b", "env": "dev", "logger": "citygisoo.scrub_layer_class", "request_id": "-", "msg": "Creating spatial index for nrcan_preserved_H3B is completed."}
{"ts": "2026-09-02T16:06:42", "level": "INFO", "service": "gis-cities-mtl_fsa_gisoo-h3b", "env": "dev", "logger": "jug_gis_cities.mtl_fsa_gisoo.workflow", "request_id": "-", "msg": "The nrcan_preserved_H3B has 77 records."}
{"ts": "2026-09-02T16:06:42", "level": "INFO", "service": "gis-cities-mtl_fsa_gisoo-h3b", "env": "dev", "logger": "citygisoo.scrub_layer_class", "request_id": "-", "msg": "Clipping of roll_mtl is completed."}
{"ts": "2026-09-02T16:06:42", "level": "INFO", "service": "gis-cities-mtl_fsa_gisoo-h3b", "env": "dev", "logger": "citygisoo.scrub_layer_class", "request_id": "-", "msg": "Loaded layer roll_clipped_H3B from D:/GIS/mtl_gisoo_fsa_data\\output_data\\H3B\\roll\\roll.gpkg."}
{"ts": "2026-09-02T16:06:42", "level": "INFO", "service": "gis-cities-mtl_fsa_gisoo-h3b", "env": "dev", "logger": "citygisoo.scrub_layer_class", "request_id": "-", "msg": "Creating spatial index for roll_clipped_H3B is completed."}
{"ts": "2026-09-02T16:06:42", "level": "INFO", "service": "gis-cities-mtl_fsa_gisoo-h3b", "env": "dev", "logger": "jug_gis_cities.mtl_fsa_gisoo.workflow", "request_id": "-", "msg": "The roll_clipped_H3B has 1897 records."}
{"ts": "2026-09-02T16:06:43", "level": "INFO", "service": "gis-cities-mtl_fsa_gisoo-h3b", "env": "dev", "logger": "citygisoo.scrub_layer_class", "request_id": "-", "msg": "Clipping of usage_mtl is completed."}
{"ts": "2026-09-02T16:06:43", "level": "INFO", "service": "gis-cities-mtl_fsa_gisoo-h3b", "env": "dev", "logger": "citygisoo.scrub_layer_class", "request_id": "-", "msg": "Loaded layer usage_clipped_H3B from D:/GIS/mtl_gisoo_fsa_data\\output_data\\H3B\\usage\\usage.gpkg."}
{"ts": "2026-09-02T16:06:43", "level": "INFO", "service": "gis-cities-mtl_fsa_gisoo-h3b", "env": "dev", "logger": "citygisoo.scrub_layer_class", "request_id": "-", "msg": "Creating spatial index for usage_clipped_H3B is completed."}
{"ts": "2026-09-02T16:06:43", "level": "INFO", "service": "gis-cities-mtl_fsa_gisoo-h3b", "env": "dev", "logger": "jug_gis_cities.mtl_fsa_gisoo.workflow", "request_id": "-", "msg": "The usage_clipped_H3B has 4868 records."}
{"ts": "2026-09-02T16:06:44", "level": "INFO", "service": "gis-cities-mtl_fsa_gisoo-h3b", "env": "dev", "logger": "citygisoo.scrub_layer_class", "request_id": "-", "msg": "Clipping of usage_dup_mtl is completed."}
{"ts": "2026-09-02T16:06:44", "level": "INFO", "service": "gis-cities-mtl_fsa_gisoo-h3b", "env": "dev", "logger": "citygisoo.scrub_layer_class", "request_id": "-", "msg": "Loaded layer usage_dup_H3B from D:/GIS/mtl_gisoo_fsa_data\\output_data\\H3B\\usage_dup\\usage_dup.gpkg."}
{"ts": "2026-09-02T16:06:44", "level": "INFO", "service": "gis-cities-mtl_fsa_gisoo-h3b", "env": "dev", "logger": "citygisoo.scrub_layer_class", "request_id": "-", "msg": "Creating spatial index for usage_dup_H3B is completed."}
{"ts": "2026-09-02T16:06:44", "level": "INFO", "service": "gis-cities-mtl_fsa_gisoo-h3b", "env": "dev", "logger": "jug_gis_cities.mtl_fsa_gisoo.workflow", "request_id": "-", "msg": "The usage_dup_H3B has 4868 records."}
{"ts": "2026-09-02T16:06:44", "level": "INFO", "service": "gis-cities-mtl_fsa_gisoo-h3b", "env": "dev", "logger": "jug_gis_cities.mtl_fsa_gisoo.workflow", "request_id": "-", "msg": "Completed Montreal H3B workflow step: clip input layers to FSA boundary in 2.774s."}
{"ts": "2026-09-02T16:06:44", "level": "INFO", "service": "gis-cities-mtl_fsa_gisoo-h3b", "env": "dev", "logger": "jug_gis_cities.mtl_fsa_gisoo.workflow", "request_id": "-", "msg": "Starting Montreal H3B workflow step: fix nrcan geometries."}
{"ts": "2026-09-02T16:06:45", "level": "INFO", "service": "gis-cities-mtl_fsa_gisoo-h3b", "env": "dev", "logger": "citygisoo.scrub_layer_class", "request_id": "-", "msg": "Fixed geometries for nrcan_clipped_H3B into D:/GIS/mtl_gisoo_fsa_data\\output_data\\H3B\\nrcan_fixed\\nrcan_fixed.gpkg."}
{"ts": "2026-09-02T16:06:45", "level": "INFO", "service": "gis-cities-mtl_fsa_gisoo-h3b", "env": "dev", "logger": "citygisoo.scrub_layer_class", "request_id": "-", "msg": "Loaded layer nrcan_fixed_H3B from D:/GIS/mtl_gisoo_fsa_data\\output_data\\H3B\\nrcan_fixed\\nrcan_fixed.gpkg."}
{"ts": "2026-09-02T16:06:45", "level": "INFO", "service": "gis-cities-mtl_fsa_gisoo-h3b", "env": "dev", "logger": "citygisoo.scrub_layer_class", "request_id": "-", "msg": "Creating spatial index for nrcan_fixed_H3B is completed."}
{"ts": "2026-09-02T16:06:45", "level": "INFO", "service": "gis-cities-mtl_fsa_gisoo-h3b", "env": "dev", "logger": "jug_gis_cities.mtl_fsa_gisoo.workflow", "request_id": "-", "msg": "The nrcan_fixed_H3B has 77 records."}
{"ts": "2026-09-02T16:06:45", "level": "INFO", "service": "gis-cities-mtl_fsa_gisoo-h3b", "env": "dev", "logger": "jug_gis_cities.mtl_fsa_gisoo.workflow", "request_id": "-", "msg": "Completed Montreal H3B workflow step: fix nrcan geometries in 0.062s."}
{"ts": "2026-09-02T16:06:45", "level": "INFO", "service": "gis-cities-mtl_fsa_gisoo-h3b", "env": "dev", "logger": "jug_gis_cities.mtl_fsa_gisoo.workflow", "request_id": "-", "msg": "Starting Montreal H3B workflow step: assign nrcan area field."}
{"ts": "2026-09-02T16:06:45", "level": "INFO", "service": "gis-cities-mtl_fsa_gisoo-h3b", "env": "dev", "logger": "citygisoo.geopackage_feature_processor", "request_id": "-", "msg": "Assigned Python-calculated values to field nrcan_area on nrcan_fixed_H3B for 77 features."}
{"ts": "2026-09-02T16:06:45", "level": "INFO", "service": "gis-cities-mtl_fsa_gisoo-h3b", "env": "dev", "logger": "jug_gis_cities.mtl_fsa_gisoo.workflow", "request_id": "-", "msg": "Completed Montreal H3B workflow step: assign nrcan area field in 0.016s."}
{"ts": "2026-09-02T16:06:45", "level": "INFO", "service": "gis-cities-mtl_fsa_gisoo-h3b", "env": "dev", "logger": "jug_gis_cities.mtl_fsa_gisoo.workflow", "request_id": "-", "msg": "Starting Montreal H3B workflow step: fix nrcan preserved geometries."}
{"ts": "2026-09-02T16:06:45", "level": "INFO", "service": "gis-cities-mtl_fsa_gisoo-h3b", "env": "dev", "logger": "citygisoo.scrub_layer_class", "request_id": "-", "msg": "Fixed geometries for nrcan_preserved_H3B into D:/GIS/mtl_gisoo_fsa_data\\output_data\\H3B\\nrcan_preserved_fixed\\nrcan_preserved_fixed.gpkg."}
{"ts": "2026-09-02T16:06:45", "level": "INFO", "service": "gis-cities-mtl_fsa_gisoo-h3b", "env": "dev", "logger": "citygisoo.scrub_layer_class", "request_id": "-", "msg": "Loaded layer nrcan_preserved_fixed_H3B from D:/GIS/mtl_gisoo_fsa_data\\output_data\\H3B\\nrcan_preserved_fixed\\nrcan_preserved_fixed.gpkg."}
{"ts": "2026-09-02T16:06:45", "level": "INFO", "service": "gis-cities-mtl_fsa_gisoo-h3b", "env": "dev", "logger": "citygisoo.scrub_layer_class", "request_id": "-", "msg": "Creating spatial index for nrcan_preserved_fixed_H3B is completed."}
{"ts": "2026-09-02T16:06:45", "level": "INFO", "service": "gis-cities-mtl_fsa_gisoo-h3b", "env": "dev", "logger": "jug_gis_cities.mtl_fsa_gisoo.workflow", "request_id": "-", "msg": "The nrcan_preserved_fixed_H3B has 77 records."}
{"ts": "2026-09-02T16:06:45", "level": "INFO", "service": "gis-cities-mtl_fsa_gisoo-h3b", "env": "dev", "logger": "jug_gis_cities.mtl_fsa_gisoo.workflow", "request_id": "-", "msg": "Completed Montreal H3B workflow step: fix nrcan preserved geometries in 0.063s."}
{"ts": "2026-09-02T16:06:45", "level": "INFO", "service": "gis-cities-mtl_fsa_gisoo-h3b", "env": "dev", "logger": "jug_gis_cities.mtl_fsa_gisoo.workflow", "request_id": "-", "msg": "Starting Montreal H3B workflow step: assign nrcan preserved area field."}
{"ts": "2026-09-02T16:06:45", "level": "INFO", "service": "gis-cities-mtl_fsa_gisoo-h3b", "env": "dev", "logger": "citygisoo.geopackage_feature_processor", "request_id": "-", "msg": "Assigned Python-calculated values to field nrcan_area on nrcan_preserved_fixed_H3B for 77 features."}
{"ts": "2026-09-02T16:06:45", "level": "INFO", "service": "gis-cities-mtl_fsa_gisoo-h3b", "env": "dev", "logger": "jug_gis_cities.mtl_fsa_gisoo.workflow", "request_id": "-", "msg": "Completed Montreal H3B workflow step: assign nrcan preserved area field in 0.017s."}
{"ts": "2026-09-02T16:06:45", "level": "INFO", "service": "gis-cities-mtl_fsa_gisoo-h3b", "env": "dev", "logger": "jug_gis_cities.mtl_fsa_gisoo.workflow", "request_id": "-", "msg": "Starting Montreal H3B workflow step: fix usage geometries."}
{"ts": "2026-09-02T16:06:45", "level": "INFO", "service": "gis-cities-mtl_fsa_gisoo-h3b", "env": "dev", "logger": "citygisoo.scrub_layer_class", "request_id": "-", "msg": "Fixed geometries for usage_clipped_H3B into D:/GIS/mtl_gisoo_fsa_data\\output_data\\H3B\\usage_fixed\\usage_fixed.gpkg."}
{"ts": "2026-09-02T16:06:45", "level": "INFO", "service": "gis-cities-mtl_fsa_gisoo-h3b", "env": "dev", "logger": "citygisoo.scrub_layer_class", "request_id": "-", "msg": "Loaded layer usage_fixed_H3B from D:/GIS/mtl_gisoo_fsa_data\\output_data\\H3B\\usage_fixed\\usage_fixed.gpkg."}
{"ts": "2026-09-02T16:06:45", "level": "INFO", "service": "gis-cities-mtl_fsa_gisoo-h3b", "env": "dev", "logger": "citygisoo.scrub_layer_class", "request_id": "-", "msg": "Creating spatial index for usage_fixed_H3B is completed."}
{"ts": "2026-09-02T16:06:45", "level": "INFO", "service": "gis-cities-mtl_fsa_gisoo-h3b", "env": "dev", "logger": "jug_gis_cities.mtl_fsa_gisoo.workflow", "request_id": "-", "msg": "The usage_fixed_H3B has 4868 records."}
{"ts": "2026-09-02T16:06:45", "level": "INFO", "service": "gis-cities-mtl_fsa_gisoo-h3b", "env": "dev", "logger": "jug_gis_cities.mtl_fsa_gisoo.workflow", "request_id": "-", "msg": "Completed Montreal H3B workflow step: fix usage geometries in 0.369s."}
{"ts": "2026-09-02T16:06:45", "level": "INFO", "service": "gis-cities-mtl_fsa_gisoo-h3b", "env": "dev", "logger": "jug_gis_cities.mtl_fsa_gisoo.workflow", "request_id": "-", "msg": "Starting Montreal H3B workflow step: fix usage duplicate geometries."}
{"ts": "2026-09-02T16:06:45", "level": "INFO", "service": "gis-cities-mtl_fsa_gisoo-h3b", "env": "dev", "logger": "citygisoo.scrub_layer_class", "request_id": "-", "msg": "Fixed geometries for usage_dup_H3B into D:/GIS/mtl_gisoo_fsa_data\\output_data\\H3B\\usage_dup_fixed\\usage_dup_fixed.gpkg."}
{"ts": "2026-09-02T16:06:45", "level": "INFO", "service": "gis-cities-mtl_fsa_gisoo-h3b", "env": "dev", "logger": "citygisoo.scrub_layer_class", "request_id": "-", "msg": "Loaded layer usage_dup_fixed_H3B from D:/GIS/mtl_gisoo_fsa_data\\output_data\\H3B\\usage_dup_fixed\\usage_dup_fixed.gpkg."}
{"ts": "2026-09-02T16:06:45", "level": "INFO", "service": "gis-cities-mtl_fsa_gisoo-h3b", "env": "dev", "logger": "citygisoo.scrub_layer_class", "request_id": "-", "msg": "Creating spatial index for usage_dup_fixed_H3B is completed."}
{"ts": "2026-09-02T16:06:45", "level": "INFO", "service": "gis-cities-mtl_fsa_gisoo-h3b", "env": "dev", "logger": "jug_gis_cities.mtl_fsa_gisoo.workflow", "request_id": "-", "msg": "The usage_dup_fixed_H3B has 4868 records."}
{"ts": "2026-09-02T16:06:45", "level": "INFO", "service": "gis-cities-mtl_fsa_gisoo-h3b", "env": "dev", "logger": "jug_gis_cities.mtl_fsa_gisoo.workflow", "request_id": "-", "msg": "Completed Montreal H3B workflow step: fix usage duplicate geometries in 0.383s."}
{"ts": "2026-09-02T16:06:45", "level": "INFO", "service": "gis-cities-mtl_fsa_gisoo-h3b", "env": "dev", "logger": "jug_gis_cities.mtl_fsa_gisoo.workflow", "request_id": "-", "msg": "Starting Montreal H3B workflow step: extract usage records missing from roll."}
{"ts": "2026-09-02T16:06:45", "level": "INFO", "service": "gis-cities-mtl_fsa_gisoo-h3b", "env": "dev", "logger": "citygisoo.geopackage_feature_processor", "request_id": "-", "msg": "Extracted 2983 features from usage_fixed_H3B by membership of g_id_provi in roll_clipped_H3B.id_provinc."}
{"ts": "2026-09-02T16:06:46", "level": "INFO", "service": "gis-cities-mtl_fsa_gisoo-h3b", "env": "dev", "logger": "citygisoo.geopackage_feature_processor", "request_id": "-", "msg": "Wrote 2983 features from usage_fixed_H3B to D:/GIS/mtl_gisoo_fsa_data\\output_data\\H3B\\usage_margin_san\\usage_margin_san.gpkg."}
{"ts": "2026-09-02T16:06:46", "level": "INFO", "service": "gis-cities-mtl_fsa_gisoo-h3b", "env": "dev", "logger": "citygisoo.scrub_layer_class", "request_id": "-", "msg": "Loaded layer usage_margin_san_H3B from D:/GIS/mtl_gisoo_fsa_data\\output_data\\H3B\\usage_margin_san\\usage_margin_san.gpkg."}
{"ts": "2026-09-02T16:06:46", "level": "INFO", "service": "gis-cities-mtl_fsa_gisoo-h3b", "env": "dev", "logger": "citygisoo.scrub_layer_class", "request_id": "-", "msg": "Creating spatial index for usage_margin_san_H3B is completed."}
{"ts": "2026-09-02T16:06:46", "level": "INFO", "service": "gis-cities-mtl_fsa_gisoo-h3b", "env": "dev", "logger": "jug_gis_cities.mtl_fsa_gisoo.workflow", "request_id": "-", "msg": "The usage_margin_san_H3B has 2983 records."}
{"ts": "2026-09-02T16:06:46", "level": "INFO", "service": "gis-cities-mtl_fsa_gisoo-h3b", "env": "dev", "logger": "jug_gis_cities.mtl_fsa_gisoo.workflow", "request_id": "-", "msg": "Completed Montreal H3B workflow step: extract usage records missing from roll in 0.340s."}
{"ts": "2026-09-02T16:06:46", "level": "INFO", "service": "gis-cities-mtl_fsa_gisoo-h3b", "env": "dev", "logger": "jug_gis_cities.mtl_fsa_gisoo.workflow", "request_id": "-", "msg": "Starting Montreal H3B workflow step: difference usage with usage margin san."}
{"ts": "2026-09-02T16:10:49", "level": "INFO", "service": "gis-cities-mtl_fsa_gisoo-h3b", "env": "dev", "logger": "citygisoo.scrub_layer_class", "request_id": "-", "msg": "Difference of usage_clipped_H3B with overlay D:/GIS/mtl_gisoo_fsa_data\\output_data\\H3B\\usage_margin_san\\usage_margin_san.gpkg is completed into D:/GIS/mtl_gisoo_fsa_data\\output_data\\H3B\\usage_clean\\usage_clean.gpkg."}
{"ts": "2026-09-02T16:10:49", "level": "INFO", "service": "gis-cities-mtl_fsa_gisoo-h3b", "env": "dev", "logger": "citygisoo.scrub_layer_class", "request_id": "-", "msg": "Loaded layer usage_clean_H3B from D:/GIS/mtl_gisoo_fsa_data\\output_data\\H3B\\usage_clean\\usage_clean.gpkg."}
{"ts": "2026-09-02T16:10:49", "level": "INFO", "service": "gis-cities-mtl_fsa_gisoo-h3b", "env": "dev", "logger": "citygisoo.scrub_layer_class", "request_id": "-", "msg": "Creating spatial index for usage_clean_H3B is completed."}
{"ts": "2026-09-02T16:10:49", "level": "INFO", "service": "gis-cities-mtl_fsa_gisoo-h3b", "env": "dev", "logger": "jug_gis_cities.mtl_fsa_gisoo.workflow", "request_id": "-", "msg": "The usage_clean_H3B has 999 records."}
{"ts": "2026-09-02T16:10:49", "level": "INFO", "service": "gis-cities-mtl_fsa_gisoo-h3b", "env": "dev", "logger": "jug_gis_cities.mtl_fsa_gisoo.workflow", "request_id": "-", "msg": "Completed Montreal H3B workflow step: difference usage with usage margin san in 243.219s."}
{"ts": "2026-09-02T16:10:49", "level": "INFO", "service": "gis-cities-mtl_fsa_gisoo-h3b", "env": "dev", "logger": "jug_gis_cities.mtl_fsa_gisoo.workflow", "request_id": "-", "msg": "Starting Montreal H3B workflow step: extract usage margin records with provincial id."}
{"ts": "2026-09-02T16:10:49", "level": "INFO", "service": "gis-cities-mtl_fsa_gisoo-h3b", "env": "dev", "logger": "citygisoo.geopackage_feature_processor", "request_id": "-", "msg": "Wrote 2910 features from usage_margin_san_H3B to D:/GIS/mtl_gisoo_fsa_data\\output_data\\H3B\\usage_margin\\usage_margin.gpkg."}
{"ts": "2026-09-02T16:10:49", "level": "INFO", "service": "gis-cities-mtl_fsa_gisoo-h3b", "env": "dev", "logger": "citygisoo.scrub_layer_class", "request_id": "-", "msg": "Loaded layer usage_margin_H3B from D:/GIS/mtl_gisoo_fsa_data\\output_data\\H3B\\usage_margin\\usage_margin.gpkg."}
{"ts": "2026-09-02T16:10:49", "level": "INFO", "service": "gis-cities-mtl_fsa_gisoo-h3b", "env": "dev", "logger": "citygisoo.scrub_layer_class", "request_id": "-", "msg": "Creating spatial index for usage_margin_H3B is completed."}
{"ts": "2026-09-02T16:10:49", "level": "INFO", "service": "gis-cities-mtl_fsa_gisoo-h3b", "env": "dev", "logger": "jug_gis_cities.mtl_fsa_gisoo.workflow", "request_id": "-", "msg": "The usage_margin_H3B has 2910 records."}
{"ts": "2026-09-02T16:10:49", "level": "INFO", "service": "gis-cities-mtl_fsa_gisoo-h3b", "env": "dev", "logger": "jug_gis_cities.mtl_fsa_gisoo.workflow", "request_id": "-", "msg": "Completed Montreal H3B workflow step: extract usage margin records with provincial id in 0.371s."}
{"ts": "2026-09-02T16:10:49", "level": "INFO", "service": "gis-cities-mtl_fsa_gisoo-h3b", "env": "dev", "logger": "jug_gis_cities.mtl_fsa_gisoo.workflow", "request_id": "-", "msg": "Starting Montreal H3B workflow step: assign usage margin area field."}
{"ts": "2026-09-02T16:10:50", "level": "INFO", "service": "gis-cities-mtl_fsa_gisoo-h3b", "env": "dev", "logger": "citygisoo.geopackage_feature_processor", "request_id": "-", "msg": "Assigned Python-calculated values to field area_ex on usage_margin_H3B for 2910 features."}
{"ts": "2026-09-02T16:10:50", "level": "INFO", "service": "gis-cities-mtl_fsa_gisoo-h3b", "env": "dev", "logger": "jug_gis_cities.mtl_fsa_gisoo.workflow", "request_id": "-", "msg": "Completed Montreal H3B workflow step: assign usage margin area field in 0.259s."}
{"ts": "2026-09-02T16:10:50", "level": "INFO", "service": "gis-cities-mtl_fsa_gisoo-h3b", "env": "dev", "logger": "jug_gis_cities.mtl_fsa_gisoo.workflow", "request_id": "-", "msg": "Starting Montreal H3B workflow step: extract usage-only records by area."}
{"ts": "2026-09-02T16:10:50", "level": "INFO", "service": "gis-cities-mtl_fsa_gisoo-h3b", "env": "dev", "logger": "citygisoo.geopackage_feature_processor", "request_id": "-", "msg": "Wrote 2661 features from usage_margin_H3B to D:/GIS/mtl_gisoo_fsa_data\\output_data\\H3B\\usage_only\\usage_only.gpkg."}
{"ts": "2026-09-02T16:10:50", "level": "INFO", "service": "gis-cities-mtl_fsa_gisoo-h3b", "env": "dev", "logger": "citygisoo.scrub_layer_class", "request_id": "-", "msg": "Loaded layer usage_only_H3B from D:/GIS/mtl_gisoo_fsa_data\\output_data\\H3B\\usage_only\\usage_only.gpkg."}
{"ts": "2026-09-02T16:10:50", "level": "INFO", "service": "gis-cities-mtl_fsa_gisoo-h3b", "env": "dev", "logger": "citygisoo.scrub_layer_class", "request_id": "-", "msg": "Creating spatial index for usage_only_H3B is completed."}
{"ts": "2026-09-02T16:10:50", "level": "INFO", "service": "gis-cities-mtl_fsa_gisoo-h3b", "env": "dev", "logger": "jug_gis_cities.mtl_fsa_gisoo.workflow", "request_id": "-", "msg": "The usage_only_H3B has 2661 records."}
{"ts": "2026-09-02T16:10:50", "level": "INFO", "service": "gis-cities-mtl_fsa_gisoo-h3b", "env": "dev", "logger": "jug_gis_cities.mtl_fsa_gisoo.workflow", "request_id": "-", "msg": "Completed Montreal H3B workflow step: extract usage-only records by area in 0.351s."}
{"ts": "2026-09-02T16:10:50", "level": "INFO", "service": "gis-cities-mtl_fsa_gisoo-h3b", "env": "dev", "logger": "jug_gis_cities.mtl_fsa_gisoo.workflow", "request_id": "-", "msg": "Starting Montreal H3B workflow step: extract roll records missing from usage."}
{"ts": "2026-09-02T16:10:50", "level": "INFO", "service": "gis-cities-mtl_fsa_gisoo-h3b", "env": "dev", "logger": "citygisoo.geopackage_feature_processor", "request_id": "-", "msg": "Extracted 15 features from roll_clipped_H3B by membership of id_provinc in usage_clipped_H3B.g_id_provi."}
{"ts": "2026-09-02T16:10:50", "level": "INFO", "service": "gis-cities-mtl_fsa_gisoo-h3b", "env": "dev", "logger": "citygisoo.geopackage_feature_processor", "request_id": "-", "msg": "Wrote 15 features from roll_clipped_H3B to D:/GIS/mtl_gisoo_fsa_data\\output_data\\H3B\\roll_only\\roll_only.gpkg."}
{"ts": "2026-09-02T16:10:50", "level": "INFO", "service": "gis-cities-mtl_fsa_gisoo-h3b", "env": "dev", "logger": "citygisoo.scrub_layer_class", "request_id": "-", "msg": "Loaded layer roll_only_H3B from D:/GIS/mtl_gisoo_fsa_data\\output_data\\H3B\\roll_only\\roll_only.gpkg."}
{"ts": "2026-09-02T16:10:50", "level": "INFO", "service": "gis-cities-mtl_fsa_gisoo-h3b", "env": "dev", "logger": "citygisoo.scrub_layer_class", "request_id": "-", "msg": "Creating spatial index for roll_only_H3B is completed."}
{"ts": "2026-09-02T16:10:50", "level": "INFO", "service": "gis-cities-mtl_fsa_gisoo-h3b", "env": "dev", "logger": "jug_gis_cities.mtl_fsa_gisoo.workflow", "request_id": "-", "msg": "The roll_only_H3B has 15 records."}
{"ts": "2026-09-02T16:10:50", "level": "INFO", "service": "gis-cities-mtl_fsa_gisoo-h3b", "env": "dev", "logger": "jug_gis_cities.mtl_fsa_gisoo.workflow", "request_id": "-", "msg": "Completed Montreal H3B workflow step: extract roll records missing from usage in 0.160s."}
{"ts": "2026-09-02T16:10:50", "level": "INFO", "service": "gis-cities-mtl_fsa_gisoo-h3b", "env": "dev", "logger": "jug_gis_cities.mtl_fsa_gisoo.workflow", "request_id": "-", "msg": "Starting Montreal H3B workflow step: spatial join usage with roll-only."}
{"ts": "2026-09-02T16:10:51", "level": "INFO", "service": "gis-cities-mtl_fsa_gisoo-h3b", "env": "dev", "logger": "citygisoo.scrub_layer_class", "request_id": "-", "msg": "Spatial join with input layer usage_clipped_H3B, predicate contains, method one-to-many, and prefix ro_ is completed."}
{"ts": "2026-09-02T16:10:51", "level": "INFO", "service": "gis-cities-mtl_fsa_gisoo-h3b", "env": "dev", "logger": "citygisoo.scrub_layer_class", "request_id": "-", "msg": "Loaded layer usage_roll_only_all_H3B from D:/GIS/mtl_gisoo_fsa_data\\output_data\\H3B\\usage_roll_only_all\\usage_roll_only_all.gpkg."}
{"ts": "2026-09-02T16:10:51", "level": "INFO", "service": "gis-cities-mtl_fsa_gisoo-h3b", "env": "dev", "logger": "citygisoo.scrub_layer_class", "request_id": "-", "msg": "Creating spatial index for usage_roll_only_all_H3B is completed."}
{"ts": "2026-09-02T16:10:51", "level": "INFO", "service": "gis-cities-mtl_fsa_gisoo-h3b", "env": "dev", "logger": "jug_gis_cities.mtl_fsa_gisoo.workflow", "request_id": "-", "msg": "The usage_roll_only_all_H3B has 7520 records."}
{"ts": "2026-09-02T16:10:51", "level": "INFO", "service": "gis-cities-mtl_fsa_gisoo-h3b", "env": "dev", "logger": "jug_gis_cities.mtl_fsa_gisoo.workflow", "request_id": "-", "msg": "Completed Montreal H3B workflow step: spatial join usage with roll-only in 0.903s."}
{"ts": "2026-09-02T16:10:51", "level": "INFO", "service": "gis-cities-mtl_fsa_gisoo-h3b", "env": "dev", "logger": "jug_gis_cities.mtl_fsa_gisoo.workflow", "request_id": "-", "msg": "Starting Montreal H3B workflow step: extract usage-roll-only matched records."}
{"ts": "2026-09-02T16:10:52", "level": "INFO", "service": "gis-cities-mtl_fsa_gisoo-h3b", "env": "dev", "logger": "citygisoo.geopackage_feature_processor", "request_id": "-", "msg": "Wrote 3397 features from usage_roll_only_all_H3B to D:/GIS/mtl_gisoo_fsa_data\\output_data\\H3B\\usage_roll_only\\usage_roll_only.gpkg."}
{"ts": "2026-09-02T16:10:52", "level": "INFO", "service": "gis-cities-mtl_fsa_gisoo-h3b", "env": "dev", "logger": "citygisoo.scrub_layer_class", "request_id": "-", "msg": "Loaded layer usage_roll_only_H3B from D:/GIS/mtl_gisoo_fsa_data\\output_data\\H3B\\usage_roll_only\\usage_roll_only.gpkg."}
{"ts": "2026-09-02T16:10:52", "level": "INFO", "service": "gis-cities-mtl_fsa_gisoo-h3b", "env": "dev", "logger": "citygisoo.scrub_layer_class", "request_id": "-", "msg": "Creating spatial index for usage_roll_only_H3B is completed."}
{"ts": "2026-09-02T16:10:52", "level": "INFO", "service": "gis-cities-mtl_fsa_gisoo-h3b", "env": "dev", "logger": "jug_gis_cities.mtl_fsa_gisoo.workflow", "request_id": "-", "msg": "The usage_roll_only_H3B has 3397 records."}
{"ts": "2026-09-02T16:10:52", "level": "INFO", "service": "gis-cities-mtl_fsa_gisoo-h3b", "env": "dev", "logger": "jug_gis_cities.mtl_fsa_gisoo.workflow", "request_id": "-", "msg": "Completed Montreal H3B workflow step: extract usage-roll-only matched records in 0.730s."}
{"ts": "2026-09-02T16:10:52", "level": "INFO", "service": "gis-cities-mtl_fsa_gisoo-h3b", "env": "dev", "logger": "jug_gis_cities.mtl_fsa_gisoo.workflow", "request_id": "-", "msg": "Starting Montreal H3B workflow step: extract unique usage-roll-only records."}
{"ts": "2026-09-02T16:10:52", "level": "INFO", "service": "gis-cities-mtl_fsa_gisoo-h3b", "env": "dev", "logger": "citygisoo.geopackage_feature_processor", "request_id": "-", "msg": "Wrote 15 features from usage_roll_only_H3B to D:/GIS/mtl_gisoo_fsa_data\\output_data\\H3B\\usage_roll_only_unique\\usage_roll_only_unique.gpkg."}
{"ts": "2026-09-02T16:10:52", "level": "INFO", "service": "gis-cities-mtl_fsa_gisoo-h3b", "env": "dev", "logger": "citygisoo.scrub_layer_class", "request_id": "-", "msg": "Loaded layer usage_roll_only_unique_H3B from D:/GIS/mtl_gisoo_fsa_data\\output_data\\H3B\\usage_roll_only_unique\\usage_roll_only_unique.gpkg."}
{"ts": "2026-09-02T16:10:52", "level": "INFO", "service": "gis-cities-mtl_fsa_gisoo-h3b", "env": "dev", "logger": "citygisoo.scrub_layer_class", "request_id": "-", "msg": "Creating spatial index for usage_roll_only_unique_H3B is completed."}
{"ts": "2026-09-02T16:10:52", "level": "INFO", "service": "gis-cities-mtl_fsa_gisoo-h3b", "env": "dev", "logger": "jug_gis_cities.mtl_fsa_gisoo.workflow", "request_id": "-", "msg": "The usage_roll_only_unique_H3B has 15 records."}
{"ts": "2026-09-02T16:10:52", "level": "INFO", "service": "gis-cities-mtl_fsa_gisoo-h3b", "env": "dev", "logger": "jug_gis_cities.mtl_fsa_gisoo.workflow", "request_id": "-", "msg": "Completed Montreal H3B workflow step: extract unique usage-roll-only records in 0.156s."}
{"ts": "2026-09-02T16:10:52", "level": "INFO", "service": "gis-cities-mtl_fsa_gisoo-h3b", "env": "dev", "logger": "jug_gis_cities.mtl_fsa_gisoo.workflow", "request_id": "-", "msg": "Starting Montreal H3B workflow step: difference roll with roll-only."}
{"ts": "2026-09-02T16:10:53", "level": "INFO", "service": "gis-cities-mtl_fsa_gisoo-h3b", "env": "dev", "logger": "citygisoo.scrub_layer_class", "request_id": "-", "msg": "Difference of roll_clipped_H3B with overlay D:/GIS/mtl_gisoo_fsa_data\\output_data\\H3B\\roll_only\\roll_only.gpkg is completed into D:/GIS/mtl_gisoo_fsa_data\\output_data\\H3B\\roll_clean\\roll_clean.gpkg."}
{"ts": "2026-09-02T16:10:53", "level": "INFO", "service": "gis-cities-mtl_fsa_gisoo-h3b", "env": "dev", "logger": "citygisoo.scrub_layer_class", "request_id": "-", "msg": "Loaded layer roll_clean_H3B from D:/GIS/mtl_gisoo_fsa_data\\output_data\\H3B\\roll_clean\\roll_clean.gpkg."}
{"ts": "2026-09-02T16:10:53", "level": "INFO", "service": "gis-cities-mtl_fsa_gisoo-h3b", "env": "dev", "logger": "citygisoo.scrub_layer_class", "request_id": "-", "msg": "Creating spatial index for roll_clean_H3B is completed."}
{"ts": "2026-09-02T16:10:53", "level": "INFO", "service": "gis-cities-mtl_fsa_gisoo-h3b", "env": "dev", "logger": "jug_gis_cities.mtl_fsa_gisoo.workflow", "request_id": "-", "msg": "The roll_clean_H3B has 1897 records."}
{"ts": "2026-09-02T16:10:53", "level": "INFO", "service": "gis-cities-mtl_fsa_gisoo-h3b", "env": "dev", "logger": "jug_gis_cities.mtl_fsa_gisoo.workflow", "request_id": "-", "msg": "Completed Montreal H3B workflow step: difference roll with roll-only in 0.709s."}
{"ts": "2026-09-02T16:10:53", "level": "INFO", "service": "gis-cities-mtl_fsa_gisoo-h3b", "env": "dev", "logger": "jug_gis_cities.mtl_fsa_gisoo.workflow", "request_id": "-", "msg": "Starting Montreal H3B workflow step: duplicate roll provincial id field."}
{"ts": "2026-09-02T16:10:53", "level": "INFO", "service": "gis-cities-mtl_fsa_gisoo-h3b", "env": "dev", "logger": "citygisoo.scrub_layer_class", "request_id": "-", "msg": "Copied 1897 values from id_provinc to text field r_id_provinc on roll_clean_H3B."}
{"ts": "2026-09-02T16:10:53", "level": "INFO", "service": "gis-cities-mtl_fsa_gisoo-h3b", "env": "dev", "logger": "jug_gis_cities.mtl_fsa_gisoo.workflow", "request_id": "-", "msg": "Completed Montreal H3B workflow step: duplicate roll provincial id field in 0.098s."}
{"ts": "2026-09-02T16:10:53", "level": "INFO", "service": "gis-cities-mtl_fsa_gisoo-h3b", "env": "dev", "logger": "jug_gis_cities.mtl_fsa_gisoo.workflow", "request_id": "-", "msg": "Starting Montreal H3B workflow step: join usage clean with roll clean."}
{"ts": "2026-09-02T16:10:53", "level": "INFO", "service": "gis-cities-mtl_fsa_gisoo-h3b", "env": "dev", "logger": "citygisoo.scrub_layer_class", "request_id": "-", "msg": "Field join of usage_clean_H3B with input layer roll_clean_H3B is completed."}
{"ts": "2026-09-02T16:10:53", "level": "INFO", "service": "gis-cities-mtl_fsa_gisoo-h3b", "env": "dev", "logger": "citygisoo.scrub_layer_class", "request_id": "-", "msg": "Loaded layer usage_roll_H3B from D:/GIS/mtl_gisoo_fsa_data\\output_data\\H3B\\usage_roll\\usage_roll.gpkg."}
{"ts": "2026-09-02T16:10:53", "level": "INFO", "service": "gis-cities-mtl_fsa_gisoo-h3b", "env": "dev", "logger": "citygisoo.scrub_layer_class", "request_id": "-", "msg": "Creating spatial index for usage_roll_H3B is completed."}
{"ts": "2026-09-02T16:10:53", "level": "INFO", "service": "gis-cities-mtl_fsa_gisoo-h3b", "env": "dev", "logger": "jug_gis_cities.mtl_fsa_gisoo.workflow", "request_id": "-", "msg": "The usage_roll_H3B has 999 records."}
{"ts": "2026-09-02T16:10:53", "level": "INFO", "service": "gis-cities-mtl_fsa_gisoo-h3b", "env": "dev", "logger": "jug_gis_cities.mtl_fsa_gisoo.workflow", "request_id": "-", "msg": "Completed Montreal H3B workflow step: join usage clean with roll clean in 0.209s."}
{"ts": "2026-09-02T16:10:53", "level": "INFO", "service": "gis-cities-mtl_fsa_gisoo-h3b", "env": "dev", "logger": "jug_gis_cities.mtl_fsa_gisoo.workflow", "request_id": "-", "msg": "Starting Montreal H3B workflow step: merge usage roll layers."}
{"ts": "2026-09-02T16:10:54", "level": "INFO", "service": "gis-cities-mtl_fsa_gisoo-h3b", "env": "dev", "logger": "citygisoo.scrub_layer_class", "request_id": "-", "msg": "Merged 3 explicit layers into D:/GIS/mtl_gisoo_fsa_data\\output_data\\H3B\\usage_roll_all\\usage_roll_all.gpkg."}
{"ts": "2026-09-02T16:10:54", "level": "INFO", "service": "gis-cities-mtl_fsa_gisoo-h3b", "env": "dev", "logger": "citygisoo.scrub_layer_class", "request_id": "-", "msg": "Loaded layer usage_roll_all_H3B from D:/GIS/mtl_gisoo_fsa_data\\output_data\\H3B\\usage_roll_all\\usage_roll_all.gpkg."}
{"ts": "2026-09-02T16:10:54", "level": "INFO", "service": "gis-cities-mtl_fsa_gisoo-h3b", "env": "dev", "logger": "citygisoo.scrub_layer_class", "request_id": "-", "msg": "Creating spatial index for usage_roll_all_H3B is completed."}
{"ts": "2026-09-02T16:10:54", "level": "INFO", "service": "gis-cities-mtl_fsa_gisoo-h3b", "env": "dev", "logger": "jug_gis_cities.mtl_fsa_gisoo.workflow", "request_id": "-", "msg": "The usage_roll_all_H3B has 3675 records."}
{"ts": "2026-09-02T16:10:54", "level": "INFO", "service": "gis-cities-mtl_fsa_gisoo-h3b", "env": "dev", "logger": "jug_gis_cities.mtl_fsa_gisoo.workflow", "request_id": "-", "msg": "Completed Montreal H3B workflow step: merge usage roll layers in 0.766s."}
{"ts": "2026-09-02T16:10:54", "level": "INFO", "service": "gis-cities-mtl_fsa_gisoo-h3b", "env": "dev", "logger": "jug_gis_cities.mtl_fsa_gisoo.workflow", "request_id": "-", "msg": "Starting Montreal H3B workflow step: assign usage roll uuid field."}
{"ts": "2026-09-02T16:10:57", "level": "INFO", "service": "gis-cities-mtl_fsa_gisoo-h3b", "env": "dev", "logger": "citygisoo.scrub_layer_class", "request_id": "-", "msg": "Assigned expression values to field usage_roll_id on usage_roll_all_H3B for 3675 features."}
{"ts": "2026-09-02T16:10:57", "level": "INFO", "service": "gis-cities-mtl_fsa_gisoo-h3b", "env": "dev", "logger": "jug_gis_cities.mtl_fsa_gisoo.workflow", "request_id": "-", "msg": "Completed Montreal H3B workflow step: assign usage roll uuid field in 3.314s."}
{"ts": "2026-09-02T16:10:57", "level": "INFO", "service": "gis-cities-mtl_fsa_gisoo-h3b", "env": "dev", "logger": "jug_gis_cities.mtl_fsa_gisoo.workflow", "request_id": "-", "msg": "Starting Montreal H3B workflow step: delete duplicate usage geometries."}
{"ts": "2026-09-02T16:10:57", "level": "INFO", "service": "gis-cities-mtl_fsa_gisoo-h3b", "env": "dev", "logger": "citygisoo.scrub_layer_class", "request_id": "-", "msg": "Deleted duplicate geometries from usage_dup_fixed_H3B into D:/GIS/mtl_gisoo_fsa_data\\output_data\\H3B\\usage_dup_clean\\usage_dup_clean.gpkg."}
{"ts": "2026-09-02T16:10:57", "level": "INFO", "service": "gis-cities-mtl_fsa_gisoo-h3b", "env": "dev", "logger": "citygisoo.scrub_layer_class", "request_id": "-", "msg": "Loaded layer usage_dup_clean_H3B from D:/GIS/mtl_gisoo_fsa_data\\output_data\\H3B\\usage_dup_clean\\usage_dup_clean.gpkg."}
{"ts": "2026-09-02T16:10:57", "level": "INFO", "service": "gis-cities-mtl_fsa_gisoo-h3b", "env": "dev", "logger": "citygisoo.scrub_layer_class", "request_id": "-", "msg": "Creating spatial index for usage_dup_clean_H3B is completed."}
{"ts": "2026-09-02T16:10:57", "level": "INFO", "service": "gis-cities-mtl_fsa_gisoo-h3b", "env": "dev", "logger": "jug_gis_cities.mtl_fsa_gisoo.workflow", "request_id": "-", "msg": "The usage_dup_clean_H3B has 240 records."}
{"ts": "2026-09-02T16:10:57", "level": "INFO", "service": "gis-cities-mtl_fsa_gisoo-h3b", "env": "dev", "logger": "jug_gis_cities.mtl_fsa_gisoo.workflow", "request_id": "-", "msg": "Completed Montreal H3B workflow step: delete duplicate usage geometries in 0.362s."}
{"ts": "2026-09-02T16:10:57", "level": "INFO", "service": "gis-cities-mtl_fsa_gisoo-h3b", "env": "dev", "logger": "jug_gis_cities.mtl_fsa_gisoo.workflow", "request_id": "-", "msg": "Starting Montreal H3B workflow step: intersect nrcan with clean usage duplicate."}
{"ts": "2026-09-02T16:10:57", "level": "INFO", "service": "gis-cities-mtl_fsa_gisoo-h3b", "env": "dev", "logger": "citygisoo.scrub_layer_class", "request_id": "-", "msg": "Intersection of nrcan_fixed_H3B with overlay D:/GIS/mtl_gisoo_fsa_data\\output_data\\H3B\\usage_dup_clean\\usage_dup_clean.gpkg is completed into D:/GIS/mtl_gisoo_fsa_data\\output_data\\H3B\\inter_nrcan\\inter_nrcan.gpkg."}
{"ts": "2026-09-02T16:10:58", "level": "INFO", "service": "gis-cities-mtl_fsa_gisoo-h3b", "env": "dev", "logger": "citygisoo.scrub_layer_class", "request_id": "-", "msg": "Loaded layer inter_nrcan_H3B from D:/GIS/mtl_gisoo_fsa_data\\output_data\\H3B\\inter_nrcan\\inter_nrcan.gpkg."}
{"ts": "2026-09-02T16:10:58", "level": "INFO", "service": "gis-cities-mtl_fsa_gisoo-h3b", "env": "dev", "logger": "citygisoo.scrub_layer_class", "request_id": "-", "msg": "Creating spatial index for inter_nrcan_H3B is completed."}
{"ts": "2026-09-02T16:10:58", "level": "INFO", "service": "gis-cities-mtl_fsa_gisoo-h3b", "env": "dev", "logger": "jug_gis_cities.mtl_fsa_gisoo.workflow", "request_id": "-", "msg": "The inter_nrcan_H3B has 298 records."}
{"ts": "2026-09-02T16:10:58", "level": "INFO", "service": "gis-cities-mtl_fsa_gisoo-h3b", "env": "dev", "logger": "jug_gis_cities.mtl_fsa_gisoo.workflow", "request_id": "-", "msg": "Completed Montreal H3B workflow step: intersect nrcan with clean usage duplicate in 0.192s."}
{"ts": "2026-09-02T16:10:58", "level": "INFO", "service": "gis-cities-mtl_fsa_gisoo-h3b", "env": "dev", "logger": "jug_gis_cities.mtl_fsa_gisoo.workflow", "request_id": "-", "msg": "Starting Montreal H3B workflow step: assign inter nrcan area field."}
{"ts": "2026-09-02T16:10:58", "level": "INFO", "service": "gis-cities-mtl_fsa_gisoo-h3b", "env": "dev", "logger": "citygisoo.geopackage_feature_processor", "request_id": "-", "msg": "Assigned Python-calculated values to field inter_area on inter_nrcan_H3B for 298 features."}
{"ts": "2026-09-02T16:10:58", "level": "INFO", "service": "gis-cities-mtl_fsa_gisoo-h3b", "env": "dev", "logger": "jug_gis_cities.mtl_fsa_gisoo.workflow", "request_id": "-", "msg": "Completed Montreal H3B workflow step: assign inter nrcan area field in 0.042s."}
{"ts": "2026-09-02T16:10:58", "level": "INFO", "service": "gis-cities-mtl_fsa_gisoo-h3b", "env": "dev", "logger": "jug_gis_cities.mtl_fsa_gisoo.workflow", "request_id": "-", "msg": "Starting Montreal H3B workflow step: assign inter nrcan area ratio field."}
{"ts": "2026-09-02T16:10:58", "level": "INFO", "service": "gis-cities-mtl_fsa_gisoo-h3b", "env": "dev", "logger": "citygisoo.geopackage_feature_processor", "request_id": "-", "msg": "Assigned Python-calculated values to field area_ratio on inter_nrcan_H3B for 298 features."}
{"ts": "2026-09-02T16:10:58", "level": "INFO", "service": "gis-cities-mtl_fsa_gisoo-h3b", "env": "dev", "logger": "jug_gis_cities.mtl_fsa_gisoo.workflow", "request_id": "-", "msg": "Completed Montreal H3B workflow step: assign inter nrcan area ratio field in 0.026s."}
{"ts": "2026-09-02T16:10:58", "level": "INFO", "service": "gis-cities-mtl_fsa_gisoo-h3b", "env": "dev", "logger": "jug_gis_cities.mtl_fsa_gisoo.workflow", "request_id": "-", "msg": "Starting Montreal H3B workflow step: summarize inter nrcan by nrcan id."}
{"ts": "2026-09-02T16:10:58", "level": "INFO", "service": "gis-cities-mtl_fsa_gisoo-h3b", "env": "dev", "logger": "citygisoo.scrub_layer_class", "request_id": "-", "msg": "Loaded layer inter_summary_H3B from D:/GIS/mtl_gisoo_fsa_data\\output_data\\H3B\\inter_summary\\inter_summary.gpkg."}
{"ts": "2026-09-02T16:10:58", "level": "INFO", "service": "gis-cities-mtl_fsa_gisoo-h3b", "env": "dev", "logger": "citygisoo.scrub_layer_class", "request_id": "-", "msg": "Creating spatial index for inter_summary_H3B is completed."}
{"ts": "2026-09-02T16:10:58", "level": "INFO", "service": "gis-cities-mtl_fsa_gisoo-h3b", "env": "dev", "logger": "jug_gis_cities.mtl_fsa_gisoo.workflow", "request_id": "-", "msg": "The inter_summary_H3B has 77 records."}
{"ts": "2026-09-02T16:10:58", "level": "INFO", "service": "gis-cities-mtl_fsa_gisoo-h3b", "env": "dev", "logger": "jug_gis_cities.mtl_fsa_gisoo.workflow", "request_id": "-", "msg": "Completed Montreal H3B workflow step: summarize inter nrcan by nrcan id in 0.066s."}
{"ts": "2026-09-02T16:10:58", "level": "INFO", "service": "gis-cities-mtl_fsa_gisoo-h3b", "env": "dev", "logger": "jug_gis_cities.mtl_fsa_gisoo.workflow", "request_id": "-", "msg": "Starting Montreal H3B workflow step: assign inter summary restore group field."}
{"ts": "2026-09-02T16:10:58", "level": "INFO", "service": "gis-cities-mtl_fsa_gisoo-h3b", "env": "dev", "logger": "citygisoo.scrub_layer_class", "request_id": "-", "msg": "Assigned expression values to field restore_group on inter_summary_H3B for 77 features."}
{"ts": "2026-09-02T16:10:58", "level": "INFO", "service": "gis-cities-mtl_fsa_gisoo-h3b", "env": "dev", "logger": "jug_gis_cities.mtl_fsa_gisoo.workflow", "request_id": "-", "msg": "Completed Montreal H3B workflow step: assign inter summary restore group field in 0.038s."}
{"ts": "2026-09-02T16:10:58", "level": "INFO", "service": "gis-cities-mtl_fsa_gisoo-h3b", "env": "dev", "logger": "jug_gis_cities.mtl_fsa_gisoo.workflow", "request_id": "-", "msg": "Starting Montreal H3B workflow step: assign inter summary restore reason field."}
{"ts": "2026-09-02T16:10:58", "level": "INFO", "service": "gis-cities-mtl_fsa_gisoo-h3b", "env": "dev", "logger": "citygisoo.scrub_layer_class", "request_id": "-", "msg": "Assigned expression values to field restore_reason on inter_summary_H3B for 77 features."}
{"ts": "2026-09-02T16:10:58", "level": "INFO", "service": "gis-cities-mtl_fsa_gisoo-h3b", "env": "dev", "logger": "jug_gis_cities.mtl_fsa_gisoo.workflow", "request_id": "-", "msg": "Completed Montreal H3B workflow step: assign inter summary restore reason field in 0.037s."}
{"ts": "2026-09-02T16:10:58", "level": "INFO", "service": "gis-cities-mtl_fsa_gisoo-h3b", "env": "dev", "logger": "jug_gis_cities.mtl_fsa_gisoo.workflow", "request_id": "-", "msg": "Starting Montreal H3B workflow step: join inter summary with inter nrcan."}
{"ts": "2026-09-02T16:10:58", "level": "INFO", "service": "gis-cities-mtl_fsa_gisoo-h3b", "env": "dev", "logger": "citygisoo.scrub_layer_class", "request_id": "-", "msg": "Field join of inter_nrcan_H3B with input layer inter_summary_H3B is completed."}
{"ts": "2026-09-02T16:10:58", "level": "INFO", "service": "gis-cities-mtl_fsa_gisoo-h3b", "env": "dev", "logger": "citygisoo.scrub_layer_class", "request_id": "-", "msg": "Loaded layer summary_joined_H3B from D:/GIS/mtl_gisoo_fsa_data\\output_data\\H3B\\summary_joined\\summary_joined.gpkg."}
{"ts": "2026-09-02T16:10:58", "level": "INFO", "service": "gis-cities-mtl_fsa_gisoo-h3b", "env": "dev", "logger": "citygisoo.scrub_layer_class", "request_id": "-", "msg": "Creating spatial index for summary_joined_H3B is completed."}
{"ts": "2026-09-02T16:10:58", "level": "INFO", "service": "gis-cities-mtl_fsa_gisoo-h3b", "env": "dev", "logger": "jug_gis_cities.mtl_fsa_gisoo.workflow", "request_id": "-", "msg": "The summary_joined_H3B has 298 records."}
{"ts": "2026-09-02T16:10:58", "level": "INFO", "service": "gis-cities-mtl_fsa_gisoo-h3b", "env": "dev", "logger": "jug_gis_cities.mtl_fsa_gisoo.workflow", "request_id": "-", "msg": "Completed Montreal H3B workflow step: join inter summary with inter nrcan in 0.095s."}
{"ts": "2026-09-02T16:10:58", "level": "INFO", "service": "gis-cities-mtl_fsa_gisoo-h3b", "env": "dev", "logger": "jug_gis_cities.mtl_fsa_gisoo.workflow", "request_id": "-", "msg": "Starting Montreal H3B workflow step: extract kept summary joined records."}
{"ts": "2026-09-02T16:10:58", "level": "INFO", "service": "gis-cities-mtl_fsa_gisoo-h3b", "env": "dev", "logger": "citygisoo.geopackage_feature_processor", "request_id": "-", "msg": "Wrote 223 features from summary_joined_H3B to D:/GIS/mtl_gisoo_fsa_data\\output_data\\H3B\\inter_kept\\inter_kept.gpkg."}
{"ts": "2026-09-02T16:10:58", "level": "INFO", "service": "gis-cities-mtl_fsa_gisoo-h3b", "env": "dev", "logger": "citygisoo.scrub_layer_class", "request_id": "-", "msg": "Loaded layer inter_kept_H3B from D:/GIS/mtl_gisoo_fsa_data\\output_data\\H3B\\inter_kept\\inter_kept.gpkg."}
{"ts": "2026-09-02T16:10:58", "level": "INFO", "service": "gis-cities-mtl_fsa_gisoo-h3b", "env": "dev", "logger": "citygisoo.scrub_layer_class", "request_id": "-", "msg": "Creating spatial index for inter_kept_H3B is completed."}
{"ts": "2026-09-02T16:10:58", "level": "INFO", "service": "gis-cities-mtl_fsa_gisoo-h3b", "env": "dev", "logger": "jug_gis_cities.mtl_fsa_gisoo.workflow", "request_id": "-", "msg": "The inter_kept_H3B has 223 records."}
{"ts": "2026-09-02T16:10:58", "level": "INFO", "service": "gis-cities-mtl_fsa_gisoo-h3b", "env": "dev", "logger": "jug_gis_cities.mtl_fsa_gisoo.workflow", "request_id": "-", "msg": "Completed Montreal H3B workflow step: extract kept summary joined records in 0.095s."}
{"ts": "2026-09-02T16:10:58", "level": "INFO", "service": "gis-cities-mtl_fsa_gisoo-h3b", "env": "dev", "logger": "jug_gis_cities.mtl_fsa_gisoo.workflow", "request_id": "-", "msg": "Starting Montreal H3B workflow step: join nrcan with inter summary."}
{"ts": "2026-09-02T16:10:58", "level": "INFO", "service": "gis-cities-mtl_fsa_gisoo-h3b", "env": "dev", "logger": "citygisoo.scrub_layer_class", "request_id": "-", "msg": "Field join of nrcan_preserved_fixed_H3B with input layer inter_summary_H3B is completed."}
{"ts": "2026-09-02T16:10:58", "level": "INFO", "service": "gis-cities-mtl_fsa_gisoo-h3b", "env": "dev", "logger": "citygisoo.scrub_layer_class", "request_id": "-", "msg": "Loaded layer nrcan_joined_summary_H3B from D:/GIS/mtl_gisoo_fsa_data\\output_data\\H3B\\nrcan_joined_summary\\nrcan_joined_summary.gpkg."}
{"ts": "2026-09-02T16:10:58", "level": "INFO", "service": "gis-cities-mtl_fsa_gisoo-h3b", "env": "dev", "logger": "citygisoo.scrub_layer_class", "request_id": "-", "msg": "Creating spatial index for nrcan_joined_summary_H3B is completed."}
{"ts": "2026-09-02T16:10:58", "level": "INFO", "service": "gis-cities-mtl_fsa_gisoo-h3b", "env": "dev", "logger": "jug_gis_cities.mtl_fsa_gisoo.workflow", "request_id": "-", "msg": "The nrcan_joined_summary_H3B has 77 records."}
{"ts": "2026-09-02T16:10:58", "level": "INFO", "service": "gis-cities-mtl_fsa_gisoo-h3b", "env": "dev", "logger": "jug_gis_cities.mtl_fsa_gisoo.workflow", "request_id": "-", "msg": "Completed Montreal H3B workflow step: join nrcan with inter summary in 0.088s."}
{"ts": "2026-09-02T16:10:58", "level": "INFO", "service": "gis-cities-mtl_fsa_gisoo-h3b", "env": "dev", "logger": "jug_gis_cities.mtl_fsa_gisoo.workflow", "request_id": "-", "msg": "Starting Montreal H3B workflow step: extract nrcan restored records."}
{"ts": "2026-09-02T16:10:58", "level": "INFO", "service": "gis-cities-mtl_fsa_gisoo-h3b", "env": "dev", "logger": "citygisoo.geopackage_feature_processor", "request_id": "-", "msg": "Wrote 25 features from nrcan_joined_summary_H3B to D:/GIS/mtl_gisoo_fsa_data\\output_data\\H3B\\nrcan_restored\\nrcan_restored.gpkg."}
{"ts": "2026-09-02T16:10:58", "level": "INFO", "service": "gis-cities-mtl_fsa_gisoo-h3b", "env": "dev", "logger": "citygisoo.scrub_layer_class", "request_id": "-", "msg": "Loaded layer nrcan_restored_H3B from D:/GIS/mtl_gisoo_fsa_data\\output_data\\H3B\\nrcan_restored\\nrcan_restored.gpkg."}
{"ts": "2026-09-02T16:10:58", "level": "INFO", "service": "gis-cities-mtl_fsa_gisoo-h3b", "env": "dev", "logger": "citygisoo.scrub_layer_class", "request_id": "-", "msg": "Creating spatial index for nrcan_restored_H3B is completed."}
{"ts": "2026-09-02T16:10:58", "level": "INFO", "service": "gis-cities-mtl_fsa_gisoo-h3b", "env": "dev", "logger": "jug_gis_cities.mtl_fsa_gisoo.workflow", "request_id": "-", "msg": "The nrcan_restored_H3B has 25 records."}
{"ts": "2026-09-02T16:10:58", "level": "INFO", "service": "gis-cities-mtl_fsa_gisoo-h3b", "env": "dev", "logger": "jug_gis_cities.mtl_fsa_gisoo.workflow", "request_id": "-", "msg": "Completed Montreal H3B workflow step: extract nrcan restored records in 0.066s."}
{"ts": "2026-09-02T16:10:58", "level": "INFO", "service": "gis-cities-mtl_fsa_gisoo-h3b", "env": "dev", "logger": "jug_gis_cities.mtl_fsa_gisoo.workflow", "request_id": "-", "msg": "Starting Montreal H3B workflow step: extract dominant summary joined parts."}
{"ts": "2026-09-02T16:10:58", "level": "INFO", "service": "gis-cities-mtl_fsa_gisoo-h3b", "env": "dev", "logger": "citygisoo.geopackage_feature_processor", "request_id": "-", "msg": "Wrote 25 features from summary_joined_H3B to D:/GIS/mtl_gisoo_fsa_data\\output_data\\H3B\\dominant_parts\\dominant_parts.gpkg."}
{"ts": "2026-09-02T16:10:58", "level": "INFO", "service": "gis-cities-mtl_fsa_gisoo-h3b", "env": "dev", "logger": "citygisoo.scrub_layer_class", "request_id": "-", "msg": "Loaded layer dominant_parts_H3B from D:/GIS/mtl_gisoo_fsa_data\\output_data\\H3B\\dominant_parts\\dominant_parts.gpkg."}
{"ts": "2026-09-02T16:10:58", "level": "INFO", "service": "gis-cities-mtl_fsa_gisoo-h3b", "env": "dev", "logger": "citygisoo.scrub_layer_class", "request_id": "-", "msg": "Creating spatial index for dominant_parts_H3B is completed."}
{"ts": "2026-09-02T16:10:58", "level": "INFO", "service": "gis-cities-mtl_fsa_gisoo-h3b", "env": "dev", "logger": "jug_gis_cities.mtl_fsa_gisoo.workflow", "request_id": "-", "msg": "The dominant_parts_H3B has 25 records."}
{"ts": "2026-09-02T16:10:58", "level": "INFO", "service": "gis-cities-mtl_fsa_gisoo-h3b", "env": "dev", "logger": "jug_gis_cities.mtl_fsa_gisoo.workflow", "request_id": "-", "msg": "Completed Montreal H3B workflow step: extract dominant summary joined parts in 0.068s."}
{"ts": "2026-09-02T16:10:58", "level": "INFO", "service": "gis-cities-mtl_fsa_gisoo-h3b", "env": "dev", "logger": "jug_gis_cities.mtl_fsa_gisoo.workflow", "request_id": "-", "msg": "Starting Montreal H3B workflow step: join nrcan restored with dominant usage id."}
{"ts": "2026-09-02T16:10:58", "level": "INFO", "service": "gis-cities-mtl_fsa_gisoo-h3b", "env": "dev", "logger": "citygisoo.scrub_layer_class", "request_id": "-", "msg": "Field join of nrcan_restored_H3B with input layer dominant_parts_H3B is completed."}
{"ts": "2026-09-02T16:10:58", "level": "INFO", "service": "gis-cities-mtl_fsa_gisoo-h3b", "env": "dev", "logger": "citygisoo.scrub_layer_class", "request_id": "-", "msg": "Loaded layer nrcan_restored_with_usage_id_H3B from D:/GIS/mtl_gisoo_fsa_data\\output_data\\H3B\\nrcan_restored_with_usage_id\\nrcan_restored_with_usage_id.gpkg."}
{"ts": "2026-09-02T16:10:58", "level": "INFO", "service": "gis-cities-mtl_fsa_gisoo-h3b", "env": "dev", "logger": "citygisoo.scrub_layer_class", "request_id": "-", "msg": "Creating spatial index for nrcan_restored_with_usage_id_H3B is completed."}
{"ts": "2026-09-02T16:10:58", "level": "INFO", "service": "gis-cities-mtl_fsa_gisoo-h3b", "env": "dev", "logger": "jug_gis_cities.mtl_fsa_gisoo.workflow", "request_id": "-", "msg": "The nrcan_restored_with_usage_id_H3B has 25 records."}
{"ts": "2026-09-02T16:10:58", "level": "INFO", "service": "gis-cities-mtl_fsa_gisoo-h3b", "env": "dev", "logger": "jug_gis_cities.mtl_fsa_gisoo.workflow", "request_id": "-", "msg": "Completed Montreal H3B workflow step: join nrcan restored with dominant usage id in 0.095s."}
{"ts": "2026-09-02T16:10:58", "level": "INFO", "service": "gis-cities-mtl_fsa_gisoo-h3b", "env": "dev", "logger": "jug_gis_cities.mtl_fsa_gisoo.workflow", "request_id": "-", "msg": "Starting Montreal H3B workflow step: merge kept and restored nrcan intersections."}
{"ts": "2026-09-02T16:10:58", "level": "INFO", "service": "gis-cities-mtl_fsa_gisoo-h3b", "env": "dev", "logger": "citygisoo.scrub_layer_class", "request_id": "-", "msg": "Merged 2 explicit layers into D:/GIS/mtl_gisoo_fsa_data\\output_data\\H3B\\nrcan_intersected\\nrcan_intersected.gpkg."}
{"ts": "2026-09-02T16:10:58", "level": "INFO", "service": "gis-cities-mtl_fsa_gisoo-h3b", "env": "dev", "logger": "citygisoo.scrub_layer_class", "request_id": "-", "msg": "Loaded layer c_nrcan_intersected_H3B from D:/GIS/mtl_gisoo_fsa_data\\output_data\\H3B\\nrcan_intersected\\nrcan_intersected.gpkg."}
{"ts": "2026-09-02T16:10:58", "level": "INFO", "service": "gis-cities-mtl_fsa_gisoo-h3b", "env": "dev", "logger": "citygisoo.scrub_layer_class", "request_id": "-", "msg": "Creating spatial index for c_nrcan_intersected_H3B is completed."}
{"ts": "2026-09-02T16:10:58", "level": "INFO", "service": "gis-cities-mtl_fsa_gisoo-h3b", "env": "dev", "logger": "jug_gis_cities.mtl_fsa_gisoo.workflow", "request_id": "-", "msg": "The c_nrcan_intersected_H3B has 248 records."}
{"ts": "2026-09-02T16:10:58", "level": "INFO", "service": "gis-cities-mtl_fsa_gisoo-h3b", "env": "dev", "logger": "jug_gis_cities.mtl_fsa_gisoo.workflow", "request_id": "-", "msg": "Completed Montreal H3B workflow step: merge kept and restored nrcan intersections in 0.092s."}
{"ts": "2026-09-02T16:10:58", "level": "INFO", "service": "gis-cities-mtl_fsa_gisoo-h3b", "env": "dev", "logger": "jug_gis_cities.mtl_fsa_gisoo.workflow", "request_id": "-", "msg": "Starting Montreal H3B workflow step: assign nrcan intersected uuid field."}
{"ts": "2026-09-02T16:10:58", "level": "INFO", "service": "gis-cities-mtl_fsa_gisoo-h3b", "env": "dev", "logger": "citygisoo.scrub_layer_class", "request_id": "-", "msg": "Assigned expression values to field nrcan_in_id on c_nrcan_intersected_H3B for 248 features."}
{"ts": "2026-09-02T16:10:58", "level": "INFO", "service": "gis-cities-mtl_fsa_gisoo-h3b", "env": "dev", "logger": "jug_gis_cities.mtl_fsa_gisoo.workflow", "request_id": "-", "msg": "Completed Montreal H3B workflow step: assign nrcan intersected uuid field in 0.143s."}
{"ts": "2026-09-02T16:10:58", "level": "INFO", "service": "gis-cities-mtl_fsa_gisoo-h3b", "env": "dev", "logger": "jug_gis_cities.mtl_fsa_gisoo.workflow", "request_id": "-", "msg": "Starting Montreal H3B workflow step: create nrcan intersected points."}
{"ts": "2026-09-02T16:10:59", "level": "INFO", "service": "gis-cities-mtl_fsa_gisoo-h3b", "env": "dev", "logger": "citygisoo.scrub_layer_class", "request_id": "-", "msg": "Created point-on-surface layer from c_nrcan_intersected_H3B into D:/GIS/mtl_gisoo_fsa_data\\output_data\\H3B\\nrcan_intersected_points\\nrcan_intersected_points.gpkg."}
{"ts": "2026-09-02T16:10:59", "level": "INFO", "service": "gis-cities-mtl_fsa_gisoo-h3b", "env": "dev", "logger": "citygisoo.scrub_layer_class", "request_id": "-", "msg": "Loaded layer nrcan_intersected_points from D:/GIS/mtl_gisoo_fsa_data\\output_data\\H3B\\nrcan_intersected_points\\nrcan_intersected_points.gpkg."}
{"ts": "2026-09-02T16:10:59", "level": "INFO", "service": "gis-cities-mtl_fsa_gisoo-h3b", "env": "dev", "logger": "citygisoo.scrub_layer_class", "request_id": "-", "msg": "Creating spatial index for nrcan_intersected_points is completed."}
{"ts": "2026-09-02T16:10:59", "level": "INFO", "service": "gis-cities-mtl_fsa_gisoo-h3b", "env": "dev", "logger": "jug_gis_cities.mtl_fsa_gisoo.workflow", "request_id": "-", "msg": "The nrcan_intersected_points has 248 records."}
{"ts": "2026-09-02T16:10:59", "level": "INFO", "service": "gis-cities-mtl_fsa_gisoo-h3b", "env": "dev", "logger": "jug_gis_cities.mtl_fsa_gisoo.workflow", "request_id": "-", "msg": "Completed Montreal H3B workflow step: create nrcan intersected points in 0.087s."}
{"ts": "2026-09-02T16:10:59", "level": "INFO", "service": "gis-cities-mtl_fsa_gisoo-h3b", "env": "dev", "logger": "jug_gis_cities.mtl_fsa_gisoo.workflow", "request_id": "-", "msg": "Starting Montreal H3B workflow step: spatial join nrcan intersected points with usage roll."}
{"ts": "2026-09-02T16:10:59", "level": "INFO", "service": "gis-cities-mtl_fsa_gisoo-h3b", "env": "dev", "logger": "citygisoo.scrub_layer_class", "request_id": "-", "msg": "Spatial join with input layer nrcan_intersected_points, predicate within, method one-to-many, and prefix ur_ is completed."}
{"ts": "2026-09-02T16:10:59", "level": "INFO", "service": "gis-cities-mtl_fsa_gisoo-h3b", "env": "dev", "logger": "citygisoo.scrub_layer_class", "request_id": "-", "msg": "Loaded layer nrcan_in_usage_roll_points_H3B from D:/GIS/mtl_gisoo_fsa_data\\output_data\\H3B\\nrcan_in_usage_roll_points\\nrcan_in_usage_roll_points.gpkg."}
{"ts": "2026-09-02T16:10:59", "level": "INFO", "service": "gis-cities-mtl_fsa_gisoo-h3b", "env": "dev", "logger": "citygisoo.scrub_layer_class", "request_id": "-", "msg": "Creating spatial index for nrcan_in_usage_roll_points_H3B is completed."}
{"ts": "2026-09-02T16:10:59", "level": "INFO", "service": "gis-cities-mtl_fsa_gisoo-h3b", "env": "dev", "logger": "jug_gis_cities.mtl_fsa_gisoo.workflow", "request_id": "-", "msg": "The nrcan_in_usage_roll_points_H3B has 2731 records."}
{"ts": "2026-09-02T16:10:59", "level": "INFO", "service": "gis-cities-mtl_fsa_gisoo-h3b", "env": "dev", "logger": "jug_gis_cities.mtl_fsa_gisoo.workflow", "request_id": "-", "msg": "Completed Montreal H3B workflow step: spatial join nrcan intersected points with usage roll in 0.846s."}
{"ts": "2026-09-02T16:10:59", "level": "INFO", "service": "gis-cities-mtl_fsa_gisoo-h3b", "env": "dev", "logger": "jug_gis_cities.mtl_fsa_gisoo.workflow", "request_id": "-", "msg": "Starting Montreal H3B workflow step: restore nrcan geometry on usage roll points."}
{"ts": "2026-09-02T16:11:00", "level": "INFO", "service": "gis-cities-mtl_fsa_gisoo-h3b", "env": "dev", "logger": "citygisoo.scrub_layer_class", "request_id": "-", "msg": "Created geometry-by-expression layer from nrcan_in_usage_roll_points_H3B into D:/GIS/mtl_gisoo_fsa_data\\output_data\\H3B\\nrcan_usage_roll_with_missing\\nrcan_usage_roll_with_missing.gpkg."}
{"ts": "2026-09-02T16:11:01", "level": "INFO", "service": "gis-cities-mtl_fsa_gisoo-h3b", "env": "dev", "logger": "citygisoo.scrub_layer_class", "request_id": "-", "msg": "Loaded layer nrcan_usage_roll_with_missing from D:/GIS/mtl_gisoo_fsa_data\\output_data\\H3B\\nrcan_usage_roll_with_missing\\nrcan_usage_roll_with_missing.gpkg."}
{"ts": "2026-09-02T16:11:01", "level": "INFO", "service": "gis-cities-mtl_fsa_gisoo-h3b", "env": "dev", "logger": "citygisoo.scrub_layer_class", "request_id": "-", "msg": "Creating spatial index for nrcan_usage_roll_with_missing is completed."}
{"ts": "2026-09-02T16:11:01", "level": "INFO", "service": "gis-cities-mtl_fsa_gisoo-h3b", "env": "dev", "logger": "jug_gis_cities.mtl_fsa_gisoo.workflow", "request_id": "-", "msg": "The nrcan_usage_roll_with_missing has 2731 records."}
{"ts": "2026-09-02T16:11:01", "level": "INFO", "service": "gis-cities-mtl_fsa_gisoo-h3b", "env": "dev", "logger": "jug_gis_cities.mtl_fsa_gisoo.workflow", "request_id": "-", "msg": "Completed Montreal H3B workflow step: restore nrcan geometry on usage roll points in 1.120s."}
{"ts": "2026-09-02T16:11:01", "level": "INFO", "service": "gis-cities-mtl_fsa_gisoo-h3b", "env": "dev", "logger": "jug_gis_cities.mtl_fsa_gisoo.workflow", "request_id": "-", "msg": "Starting Montreal H3B workflow step: extract usage roll missing nrcan geometry."}
{"ts": "2026-09-02T16:11:01", "level": "INFO", "service": "gis-cities-mtl_fsa_gisoo-h3b", "env": "dev", "logger": "citygisoo.geopackage_feature_processor", "request_id": "-", "msg": "Extracted 5 features from usage_roll_all_H3B by membership of id_provinc in nrcan_usage_roll_with_missing.ur_id_provinc."}
{"ts": "2026-09-02T16:11:01", "level": "INFO", "service": "gis-cities-mtl_fsa_gisoo-h3b", "env": "dev", "logger": "citygisoo.geopackage_feature_processor", "request_id": "-", "msg": "Wrote 5 features from usage_roll_all_H3B to D:/GIS/mtl_gisoo_fsa_data\\output_data\\H3B\\usage_roll_all_only\\usage_roll_all_only.gpkg."}
{"ts": "2026-09-02T16:11:01", "level": "INFO", "service": "gis-cities-mtl_fsa_gisoo-h3b", "env": "dev", "logger": "citygisoo.scrub_layer_class", "request_id": "-", "msg": "Loaded layer usage_roll_all_only_H3B from D:/GIS/mtl_gisoo_fsa_data\\output_data\\H3B\\usage_roll_all_only\\usage_roll_all_only.gpkg."}
{"ts": "2026-09-02T16:11:01", "level": "INFO", "service": "gis-cities-mtl_fsa_gisoo-h3b", "env": "dev", "logger": "citygisoo.scrub_layer_class", "request_id": "-", "msg": "Creating spatial index for usage_roll_all_only_H3B is completed."}
{"ts": "2026-09-02T16:11:01", "level": "INFO", "service": "gis-cities-mtl_fsa_gisoo-h3b", "env": "dev", "logger": "jug_gis_cities.mtl_fsa_gisoo.workflow", "request_id": "-", "msg": "The usage_roll_all_only_H3B has 5 records."}
{"ts": "2026-09-02T16:11:01", "level": "INFO", "service": "gis-cities-mtl_fsa_gisoo-h3b", "env": "dev", "logger": "jug_gis_cities.mtl_fsa_gisoo.workflow", "request_id": "-", "msg": "Completed Montreal H3B workflow step: extract usage roll missing nrcan geometry in 0.288s."}
{"ts": "2026-09-02T16:11:01", "level": "INFO", "service": "gis-cities-mtl_fsa_gisoo-h3b", "env": "dev", "logger": "jug_gis_cities.mtl_fsa_gisoo.workflow", "request_id": "-", "msg": "Starting Montreal H3B workflow step: merge nrcan usage roll layers."}
{"ts": "2026-09-02T16:11:03", "level": "INFO", "service": "gis-cities-mtl_fsa_gisoo-h3b", "env": "dev", "logger": "citygisoo.scrub_layer_class", "request_id": "-", "msg": "Merged 2 explicit layers into D:/GIS/mtl_gisoo_fsa_data\\output_data\\H3B\\nrcan_usage_roll\\nrcan_usage_roll.gpkg."}
{"ts": "2026-09-02T16:11:03", "level": "INFO", "service": "gis-cities-mtl_fsa_gisoo-h3b", "env": "dev", "logger": "citygisoo.scrub_layer_class", "request_id": "-", "msg": "Loaded layer nrcan_usage_roll_H3B from D:/GIS/mtl_gisoo_fsa_data\\output_data\\H3B\\nrcan_usage_roll\\nrcan_usage_roll.gpkg."}
{"ts": "2026-09-02T16:11:03", "level": "INFO", "service": "gis-cities-mtl_fsa_gisoo-h3b", "env": "dev", "logger": "citygisoo.scrub_layer_class", "request_id": "-", "msg": "Creating spatial index for nrcan_usage_roll_H3B is completed."}
{"ts": "2026-09-02T16:11:03", "level": "INFO", "service": "gis-cities-mtl_fsa_gisoo-h3b", "env": "dev", "logger": "jug_gis_cities.mtl_fsa_gisoo.workflow", "request_id": "-", "msg": "The nrcan_usage_roll_H3B has 2736 records."}
{"ts": "2026-09-02T16:11:03", "level": "INFO", "service": "gis-cities-mtl_fsa_gisoo-h3b", "env": "dev", "logger": "jug_gis_cities.mtl_fsa_gisoo.workflow", "request_id": "-", "msg": "Completed Montreal H3B workflow step: merge nrcan usage roll layers in 2.481s."}
{"ts": "2026-09-02T16:11:03", "level": "INFO", "service": "gis-cities-mtl_fsa_gisoo-h3b", "env": "dev", "logger": "jug_gis_cities.mtl_fsa_gisoo.workflow", "request_id": "-", "msg": "Starting Montreal H3B workflow step: assign nrcan usage roll FSA field."}
{"ts": "2026-09-02T16:11:07", "level": "INFO", "service": "gis-cities-mtl_fsa_gisoo-h3b", "env": "dev", "logger": "citygisoo.scrub_layer_class", "request_id": "-", "msg": "Assigned expression values to field FSA on nrcan_usage_roll_H3B for 2736 features."}
{"ts": "2026-09-02T16:11:07", "level": "INFO", "service": "gis-cities-mtl_fsa_gisoo-h3b", "env": "dev", "logger": "jug_gis_cities.mtl_fsa_gisoo.workflow", "request_id": "-", "msg": "Completed Montreal H3B workflow step: assign nrcan usage roll FSA field in 3.529s."}
{"ts": "2026-09-02T16:11:07", "level": "INFO", "service": "gis-cities-mtl_fsa_gisoo-h3b", "env": "dev", "logger": "jug_gis_cities.mtl_fsa_gisoo.workflow", "request_id": "-", "msg": "Starting Montreal H3B workflow step: assign nrcan usage roll citygisoo id field."}
{"ts": "2026-09-02T16:11:10", "level": "INFO", "service": "gis-cities-mtl_fsa_gisoo-h3b", "env": "dev", "logger": "citygisoo.scrub_layer_class", "request_id": "-", "msg": "Assigned expression values to field citygisoo_id on nrcan_usage_roll_H3B for 2736 features."}
{"ts": "2026-09-02T16:11:10", "level": "INFO", "service": "gis-cities-mtl_fsa_gisoo-h3b", "env": "dev", "logger": "jug_gis_cities.mtl_fsa_gisoo.workflow", "request_id": "-", "msg": "Completed Montreal H3B workflow step: assign nrcan usage roll citygisoo id field in 3.604s."}
{"ts": "2026-09-02T16:11:10", "level": "INFO", "service": "gis-cities-mtl_fsa_gisoo-h3b", "env": "dev", "logger": "jug_gis_cities.mtl_fsa_gisoo.workflow", "request_id": "-", "msg": "Starting Montreal H3B workflow step: assign nrcan usage roll citygisoo area field."}
{"ts": "2026-09-02T16:11:11", "level": "INFO", "service": "gis-cities-mtl_fsa_gisoo-h3b", "env": "dev", "logger": "citygisoo.geopackage_feature_processor", "request_id": "-", "msg": "Assigned Python-calculated values to field citygisoo_area on nrcan_usage_roll_H3B for 2736 features."}
{"ts": "2026-09-02T16:11:11", "level": "INFO", "service": "gis-cities-mtl_fsa_gisoo-h3b", "env": "dev", "logger": "jug_gis_cities.mtl_fsa_gisoo.workflow", "request_id": "-", "msg": "Completed Montreal H3B workflow step: assign nrcan usage roll citygisoo area field in 0.470s."}
{"ts": "2026-09-02T16:11:11", "level": "INFO", "service": "gis-cities-mtl_fsa_gisoo-h3b", "env": "dev", "logger": "jug_gis_cities.mtl_fsa_gisoo.workflow", "request_id": "-", "msg": "Starting Montreal H3B workflow step: assign nrcan usage roll processing tool field."}
{"ts": "2026-09-02T16:11:15", "level": "INFO", "service": "gis-cities-mtl_fsa_gisoo-h3b", "env": "dev", "logger": "citygisoo.scrub_layer_class", "request_id": "-", "msg": "Assigned expression values to field processing_tool on nrcan_usage_roll_H3B for 2736 features."}
{"ts": "2026-09-02T16:11:15", "level": "INFO", "service": "gis-cities-mtl_fsa_gisoo-h3b", "env": "dev", "logger": "jug_gis_cities.mtl_fsa_gisoo.workflow", "request_id": "-", "msg": "Completed Montreal H3B workflow step: assign nrcan usage roll processing tool field in 3.622s."}
{"ts": "2026-09-02T16:11:15", "level": "INFO", "service": "gis-cities-mtl_fsa_gisoo-h3b", "env": "dev", "logger": "jug_gis_cities.mtl_fsa_gisoo.workflow", "request_id": "-", "msg": "Starting Montreal H3B workflow step: assign nrcan usage roll processed by field."}
{"ts": "2026-09-02T16:11:18", "level": "INFO", "service": "gis-cities-mtl_fsa_gisoo-h3b", "env": "dev", "logger": "citygisoo.scrub_layer_class", "request_id": "-", "msg": "Assigned expression values to field processed_by on nrcan_usage_roll_H3B for 2736 features."}
{"ts": "2026-09-02T16:11:18", "level": "INFO", "service": "gis-cities-mtl_fsa_gisoo-h3b", "env": "dev", "logger": "jug_gis_cities.mtl_fsa_gisoo.workflow", "request_id": "-", "msg": "Completed Montreal H3B workflow step: assign nrcan usage roll processed by field in 3.567s."}
{"ts": "2026-09-02T16:11:18", "level": "INFO", "service": "gis-cities-mtl_fsa_gisoo-h3b", "env": "dev", "logger": "jug_gis_cities.mtl_fsa_gisoo.workflow", "request_id": "-", "msg": "Starting Montreal H3B workflow step: create finalized GISOO layer."}
{"ts": "2026-09-02T16:11:19", "level": "INFO", "service": "gis-cities-mtl_fsa_gisoo-h3b", "env": "dev", "logger": "citygisoo.geopackage_feature_processor", "request_id": "-", "msg": "Wrote 2736 features from nrcan_usage_roll_H3B to D:/GIS/mtl_gisoo_fsa_data\\output_data\\H3B\\mtl_H3B_gisoo\\mtl_H3B_gisoo.gpkg."}
{"ts": "2026-09-02T16:11:19", "level": "INFO", "service": "gis-cities-mtl_fsa_gisoo-h3b", "env": "dev", "logger": "citygisoo.scrub_layer_class", "request_id": "-", "msg": "Loaded layer mtl_H3B_gisoo from D:/GIS/mtl_gisoo_fsa_data\\output_data\\H3B\\mtl_H3B_gisoo\\mtl_H3B_gisoo.gpkg."}
{"ts": "2026-09-02T16:11:19", "level": "INFO", "service": "gis-cities-mtl_fsa_gisoo-h3b", "env": "dev", "logger": "citygisoo.scrub_layer_class", "request_id": "-", "msg": "Creating spatial index for mtl_H3B_gisoo is completed."}
{"ts": "2026-09-02T16:11:19", "level": "INFO", "service": "gis-cities-mtl_fsa_gisoo-h3b", "env": "dev", "logger": "jug_gis_cities.mtl_fsa_gisoo.workflow", "request_id": "-", "msg": "The mtl_H3B_gisoo has 2736 records."}
{"ts": "2026-09-02T16:11:19", "level": "INFO", "service": "gis-cities-mtl_fsa_gisoo-h3b", "env": "dev", "logger": "jug_gis_cities.mtl_fsa_gisoo.workflow", "request_id": "-", "msg": "Completed Montreal H3B workflow step: create finalized GISOO layer in 0.841s."}
{"ts": "2026-09-02T16:11:19", "level": "INFO", "service": "gis-cities-mtl_fsa_gisoo-h3b", "env": "dev", "logger": "jug_gis_cities.mtl_fsa_gisoo.workflow", "request_id": "-", "msg": "Completed Montreal FSA GISOO workflow. FSA=H3B Output=D:/GIS/mtl_gisoo_fsa_data\\output_data\\H3B\\mtl_H3B_gisoo\\mtl_H3B_gisoo.gpkg Elapsed=277.408s"}
{"ts": "2026-09-02T16:11:19", "level": "INFO", "service": "gis-cities-mtl_fsa_gisoo-h3b", "env": "dev", "logger": "jug_gis_cities.application.jug_gis_cities", "request_id": "-", "msg": "Running GIS city component callable with FSA. Component=mtl_fsa_gisoo Callable=contract_adapter.run_contract_adapter FSA=H3B"}
{"ts": "2026-09-02T16:11:19", "level": "INFO", "service": "gis-cities-mtl_fsa_gisoo-h3b", "env": "dev", "logger": "jug_gis_cities.mtl_fsa_gisoo.contract_adapter", "request_id": "-", "msg": "Starting Montreal FSA contract adapter. FSA=H3B Input=D:/GIS/mtl_gisoo_fsa_data\\output_data\\H3B\\mtl_H3B_gisoo\\mtl_H3B_gisoo.gpkg Output=D:/GIS/mtl_gisoo_fsa_data\\output_data\\H3B\\mtl_H3B_gisoo_standardized\\mtl_H3B_gisoo_standardized.geojson"}
{"ts": "2026-09-02T16:11:19", "level": "INFO", "service": "gis-cities-mtl_fsa_gisoo-h3b", "env": "dev", "logger": "citygisoo.building_contract_adapter", "request_id": "-", "msg": "Starting building contract adapter. Input=D:/GIS/mtl_gisoo_fsa_data\\output_data\\H3B\\mtl_H3B_gisoo\\mtl_H3B_gisoo.gpkg Output=D:/GIS/mtl_gisoo_fsa_data\\output_data\\H3B\\mtl_H3B_gisoo_standardized\\mtl_H3B_gisoo_standardized.geojson"}
{"ts": "2026-09-02T16:11:19", "level": "INFO", "service": "gis-cities-mtl_fsa_gisoo-h3b", "env": "dev", "logger": "citygisoo.scrub_layer_class", "request_id": "-", "msg": "Loaded layer mtl_H3B_gisoo from D:/GIS/mtl_gisoo_fsa_data\\output_data\\H3B\\mtl_H3B_gisoo\\mtl_H3B_gisoo.gpkg."}
{"ts": "2026-09-02T16:11:19", "level": "INFO", "service": "gis-cities-mtl_fsa_gisoo-h3b", "env": "dev", "logger": "citygisoo.field_schema_manager", "request_id": "-", "msg": "Refactoring 21 fields from layer mtl_H3B_gisoo into D:/GIS/mtl_gisoo_fsa_data\\output_data\\H3B\\mtl_H3B_gisoo_standardized\\mtl_H3B_gisoo_standardized.gpkg in one operation."}
{"ts": "2026-09-02T16:11:19", "level": "INFO", "service": "gis-cities-mtl_fsa_gisoo-h3b", "env": "dev", "logger": "citygisoo.scrub_layer_class", "request_id": "-", "msg": "Loaded layer mtl_H3B_gisoo_standardized from D:/GIS/mtl_gisoo_fsa_data\\output_data\\H3B\\mtl_H3B_gisoo_standardized\\mtl_H3B_gisoo_standardized.gpkg."}
{"ts": "2026-09-02T16:11:19", "level": "INFO", "service": "gis-cities-mtl_fsa_gisoo-h3b", "env": "dev", "logger": "citygisoo.field_schema_manager", "request_id": "-", "msg": "Standardized fields for layer mtl_H3B_gisoo_standardized."}
{"ts": "2026-09-02T16:11:19", "level": "INFO", "service": "gis-cities-mtl_fsa_gisoo-h3b", "env": "dev", "logger": "citygisoo.building_contract_adapter", "request_id": "-", "msg": "Skipping null-feature deletion because no non-null contract fields were configured."}
{"ts": "2026-09-02T16:11:19", "level": "INFO", "service": "gis-cities-mtl_fsa_gisoo-h3b", "env": "dev", "logger": "citygisoo.field_schema_manager", "request_id": "-", "msg": "Assigned 2736 ID values to field id on layer mtl_H3B_gisoo_standardized."}
{"ts": "2026-09-02T16:11:19", "level": "INFO", "service": "gis-cities-mtl_fsa_gisoo-h3b", "env": "dev", "logger": "citygisoo.scrub_layer_class", "request_id": "-", "msg": "Creating spatial index for mtl_H3B_gisoo_standardized is completed."}
{"ts": "2026-09-02T16:11:19", "level": "INFO", "service": "gis-cities-mtl_fsa_gisoo-h3b", "env": "dev", "logger": "citygisoo.field_schema_manager", "request_id": "-", "msg": "Exporting layer mtl_H3B_gisoo_standardized to GeoJSON at D:/GIS/mtl_gisoo_fsa_data\\output_data\\H3B\\mtl_H3B_gisoo_standardized\\mtl_H3B_gisoo_standardized.geojson with 23 fields, 2736 features, CRS EPSG:4617, provider ogr."}
{"ts": "2026-09-02T16:11:19", "level": "INFO", "service": "gis-cities-mtl_fsa_gisoo-h3b", "env": "dev", "logger": "citygisoo.field_schema_manager", "request_id": "-", "msg": "Writing layer mtl_H3B_gisoo_standardized to D:/GIS/mtl_gisoo_fsa_data\\output_data\\H3B\\mtl_H3B_gisoo_standardized\\mtl_H3B_gisoo_standardized.geojson with driver GeoJSON using provider ogr."}
{"ts": "2026-09-02T16:11:20", "level": "INFO", "service": "gis-cities-mtl_fsa_gisoo-h3b", "env": "dev", "logger": "citygisoo.field_schema_manager", "request_id": "-", "msg": "Exported layer mtl_H3B_gisoo_standardized to D:/GIS/mtl_gisoo_fsa_data\\output_data\\H3B\\mtl_H3B_gisoo_standardized\\mtl_H3B_gisoo_standardized.geojson."}
{"ts": "2026-09-02T16:11:20", "level": "INFO", "service": "gis-cities-mtl_fsa_gisoo-h3b", "env": "dev", "logger": "citygisoo.scrub_layer_class", "request_id": "-", "msg": "Loaded layer mtl_H3B_gisoo_standardized from D:/GIS/mtl_gisoo_fsa_data\\output_data\\H3B\\mtl_H3B_gisoo_standardized\\mtl_H3B_gisoo_standardized.geojson."}
{"ts": "2026-09-02T16:11:21", "level": "INFO", "service": "gis-cities-mtl_fsa_gisoo-h3b", "env": "dev", "logger": "citygisoo.field_schema_manager", "request_id": "-", "msg": "Promoted property id to feature-level ID for layer mtl_H3B_gisoo_standardized."}
{"ts": "2026-09-02T16:11:21", "level": "INFO", "service": "gis-cities-mtl_fsa_gisoo-h3b", "env": "dev", "logger": "citygisoo.building_contract_adapter", "request_id": "-", "msg": "Completed building contract adapter. GeoJSON output=D:/GIS/mtl_gisoo_fsa_data\\output_data\\H3B\\mtl_H3B_gisoo_standardized\\mtl_H3B_gisoo_standardized.geojson GeoPackage output=D:/GIS/mtl_gisoo_fsa_data\\output_data\\H3B\\mtl_H3B_gisoo_standardized\\mtl_H3B_gisoo_standardized.gpkg"}
{"ts": "2026-09-02T16:11:21", "level": "INFO", "service": "gis-cities-mtl_fsa_gisoo-h3b", "env": "dev", "logger": "jug_gis_cities.mtl_fsa_gisoo.contract_adapter", "request_id": "-", "msg": "Completed Montreal FSA contract adapter. FSA=H3B Output=D:/GIS/mtl_gisoo_fsa_data\\output_data\\H3B\\mtl_H3B_gisoo_standardized\\mtl_H3B_gisoo_standardized.geojson Elapsed=1.684s"}
{"ts": "2026-09-02T16:11:21", "level": "INFO", "service": "gis-cities-mtl_fsa_gisoo-h3b", "env": "dev", "logger": "jug_gis_cities.application.jug_gis_cities", "request_id": "-", "msg": "Completed GIS city component. Component=mtl_fsa_gisoo Mode=standardize FSA=H3B WorkflowOutput=D:/GIS/mtl_gisoo_fsa_data\\output_data\\H3B\\mtl_H3B_gisoo\\mtl_H3B_gisoo.gpkg StandardizedOutput=D:/GIS/mtl_gisoo_fsa_data\\output_data\\H3B\\mtl_H3B_gisoo_standardized\\mtl_H3B_gisoo_standardized.geojson Cleaned=0 Elapsed=279.101s"}
