{"ts": "2026-08-24T18:06:08", "level": "INFO", "service": "gis-cities-mtl_fsa_gisoo-h9x", "env": "dev", "logger": "jug_gis_cities.application.jug_gis_cities", "request_id": "-", "msg": "Starting isolated GIS city component. Component=mtl_fsa_gisoo Mode=standardize FSA=H9X"}
{"ts": "2026-08-24T18:06:08", "level": "INFO", "service": "gis-cities-mtl_fsa_gisoo-h9x", "env": "dev", "logger": "jug_gis_cities.application.jug_gis_cities", "request_id": "-", "msg": "Running GIS city component callable with FSA. Component=mtl_fsa_gisoo Callable=output_cleanup.cleanup_outputs FSA=H9X"}
{"ts": "2026-08-24T18:06:09", "level": "INFO", "service": "gis-cities-mtl_fsa_gisoo-h9x", "env": "dev", "logger": "jug_gis_cities.application.jug_gis_cities", "request_id": "-", "msg": "Initialized QGIS in disposable GIS component worker. Prefix=C:/QGIS_I~1/OSGeo4W/apps/qgis-ltr"}
{"ts": "2026-08-24T18:06:09", "level": "INFO", "service": "gis-cities-mtl_fsa_gisoo-h9x", "env": "dev", "logger": "jug_gis_cities.application.jug_gis_cities", "request_id": "-", "msg": "Starting GIS city component. Component=mtl_fsa_gisoo Mode=standardize FSA=H9X"}
{"ts": "2026-08-24T18:06:09", "level": "INFO", "service": "gis-cities-mtl_fsa_gisoo-h9x", "env": "dev", "logger": "jug_gis_cities.application.jug_gis_cities", "request_id": "-", "msg": "Running GIS city component callable with FSA. Component=mtl_fsa_gisoo Callable=workflow.run_workflow FSA=H9X"}
{"ts": "2026-08-24T18:06:09", "level": "INFO", "service": "gis-cities-mtl_fsa_gisoo-h9x", "env": "dev", "logger": "jug_gis_cities.mtl_fsa_gisoo.workflow", "request_id": "-", "msg": "Starting Montreal FSA GISOO workflow. FSA=H9X Output directory=D:/GIS/mtl_gisoo_fsa_data\\output_data\\H9X"}
{"ts": "2026-08-24T18:06:09", "level": "INFO", "service": "gis-cities-mtl_fsa_gisoo-h9x", "env": "dev", "logger": "jug_gis_cities.mtl_fsa_gisoo.workflow", "request_id": "-", "msg": "Starting Montreal H9X workflow step: prepare output folders."}
{"ts": "2026-08-24T18:06:09", "level": "INFO", "service": "gis-cities-mtl_fsa_gisoo-h9x", "env": "dev", "logger": "jug_gis_cities.mtl_fsa_gisoo.workflow", "request_id": "-", "msg": "Completed Montreal H9X workflow step: prepare output folders in 0.008s."}
{"ts": "2026-08-24T18:06:09", "level": "INFO", "service": "gis-cities-mtl_fsa_gisoo-h9x", "env": "dev", "logger": "jug_gis_cities.mtl_fsa_gisoo.workflow", "request_id": "-", "msg": "Starting Montreal H9X workflow step: load input layers."}
{"ts": "2026-08-24T18:06:09", "level": "INFO", "service": "gis-cities-mtl_fsa_gisoo-h9x", "env": "dev", "logger": "citygisoo.scrub_layer_class", "request_id": "-", "msg": "Loaded layer roll_mtl from D:/GIS/mtl_gisoo_fsa_data\\input_data\\mtl_role_2025_unit_eval_et_address_geopackage\\mtl_island_role_2025_unit_eval_et_address.gpkg."}
{"ts": "2026-08-24T18:06:09", "level": "INFO", "service": "gis-cities-mtl_fsa_gisoo-h9x", "env": "dev", "logger": "citygisoo.scrub_layer_class", "request_id": "-", "msg": "Loaded layer nrcan_mtl from D:/GIS/mtl_gisoo_fsa_data\\input_data\\mtl_auto_with_heights\\mtl_auto_with_heights.gpkg."}
{"ts": "2026-08-24T18:06:09", "level": "INFO", "service": "gis-cities-mtl_fsa_gisoo-h9x", "env": "dev", "logger": "citygisoo.scrub_layer_class", "request_id": "-", "msg": "Loaded layer nrcan_preserved_mtl from D:/GIS/mtl_gisoo_fsa_data\\input_data\\mtl_auto_with_heights_preserved\\mtl_auto_with_heights_preserved.gpkg."}
{"ts": "2026-08-24T18:06:09", "level": "INFO", "service": "gis-cities-mtl_fsa_gisoo-h9x", "env": "dev", "logger": "citygisoo.scrub_layer_class", "request_id": "-", "msg": "Loaded layer usage_mtl from D:/GIS/mtl_gisoo_fsa_data\\input_data\\mamh_usage_predo_2026_gpkg\\mamh_usage_predo_2026_s_poly.gpkg."}
{"ts": "2026-08-24T18:06:09", "level": "INFO", "service": "gis-cities-mtl_fsa_gisoo-h9x", "env": "dev", "logger": "citygisoo.scrub_layer_class", "request_id": "-", "msg": "Loaded layer usage_dup_mtl from D:/GIS/mtl_gisoo_fsa_data\\input_data\\mamh_usage_predo_2026_gpkg_dup\\mamh_usage_predo_2026_dup.gpkg."}
{"ts": "2026-08-24T18:06:09", "level": "INFO", "service": "gis-cities-mtl_fsa_gisoo-h9x", "env": "dev", "logger": "citygisoo.scrub_layer_class", "request_id": "-", "msg": "Loaded layer fsa_boundaries from D:/GIS/mtl_gisoo_fsa_data\\input_data\\mtl_island_fsa_boundaries\\mtl_island_fsa_boundaries_dmti_2025.gpkg."}
{"ts": "2026-08-24T18:06:09", "level": "INFO", "service": "gis-cities-mtl_fsa_gisoo-h9x", "env": "dev", "logger": "jug_gis_cities.mtl_fsa_gisoo.workflow", "request_id": "-", "msg": "The roll_mtl has 510932 records."}
{"ts": "2026-08-24T18:06:09", "level": "INFO", "service": "gis-cities-mtl_fsa_gisoo-h9x", "env": "dev", "logger": "jug_gis_cities.mtl_fsa_gisoo.workflow", "request_id": "-", "msg": "The nrcan_mtl has 221563 records."}
{"ts": "2026-08-24T18:06:09", "level": "INFO", "service": "gis-cities-mtl_fsa_gisoo-h9x", "env": "dev", "logger": "jug_gis_cities.mtl_fsa_gisoo.workflow", "request_id": "-", "msg": "The nrcan_preserved_mtl has 221563 records."}
{"ts": "2026-08-24T18:06:09", "level": "INFO", "service": "gis-cities-mtl_fsa_gisoo-h9x", "env": "dev", "logger": "jug_gis_cities.mtl_fsa_gisoo.workflow", "request_id": "-", "msg": "The usage_mtl has 553622 records."}
{"ts": "2026-08-24T18:06:09", "level": "INFO", "service": "gis-cities-mtl_fsa_gisoo-h9x", "env": "dev", "logger": "jug_gis_cities.mtl_fsa_gisoo.workflow", "request_id": "-", "msg": "The usage_dup_mtl has 553622 records."}
{"ts": "2026-08-24T18:06:09", "level": "INFO", "service": "gis-cities-mtl_fsa_gisoo-h9x", "env": "dev", "logger": "jug_gis_cities.mtl_fsa_gisoo.workflow", "request_id": "-", "msg": "The fsa_boundaries has 99 records."}
{"ts": "2026-08-24T18:06:09", "level": "INFO", "service": "gis-cities-mtl_fsa_gisoo-h9x", "env": "dev", "logger": "jug_gis_cities.mtl_fsa_gisoo.workflow", "request_id": "-", "msg": "Completed Montreal H9X workflow step: load input layers in 0.319s."}
{"ts": "2026-08-24T18:06:09", "level": "INFO", "service": "gis-cities-mtl_fsa_gisoo-h9x", "env": "dev", "logger": "jug_gis_cities.mtl_fsa_gisoo.workflow", "request_id": "-", "msg": "Starting Montreal H9X workflow step: extract FSA boundary."}
{"ts": "2026-08-24T18:06:09", "level": "INFO", "service": "gis-cities-mtl_fsa_gisoo-h9x", "env": "dev", "logger": "citygisoo.scrub_layer_class", "request_id": "-", "msg": "Extracted features from fsa_boundaries where g_fsa = H9X into D:/GIS/mtl_gisoo_fsa_data\\output_data\\H9X\\fsa_boundary\\fsa_boundary.gpkg."}
{"ts": "2026-08-24T18:06:09", "level": "INFO", "service": "gis-cities-mtl_fsa_gisoo-h9x", "env": "dev", "logger": "citygisoo.scrub_layer_class", "request_id": "-", "msg": "Loaded layer fsa_boundary_H9X from D:/GIS/mtl_gisoo_fsa_data\\output_data\\H9X\\fsa_boundary\\fsa_boundary.gpkg."}
{"ts": "2026-08-24T18:06:09", "level": "INFO", "service": "gis-cities-mtl_fsa_gisoo-h9x", "env": "dev", "logger": "citygisoo.scrub_layer_class", "request_id": "-", "msg": "Creating spatial index for fsa_boundary_H9X is completed."}
{"ts": "2026-08-24T18:06:09", "level": "INFO", "service": "gis-cities-mtl_fsa_gisoo-h9x", "env": "dev", "logger": "jug_gis_cities.mtl_fsa_gisoo.workflow", "request_id": "-", "msg": "The fsa_boundary_H9X has 1 records."}
{"ts": "2026-08-24T18:06:09", "level": "INFO", "service": "gis-cities-mtl_fsa_gisoo-h9x", "env": "dev", "logger": "jug_gis_cities.mtl_fsa_gisoo.workflow", "request_id": "-", "msg": "Completed Montreal H9X workflow step: extract FSA boundary in 0.173s."}
{"ts": "2026-08-24T18:06:09", "level": "INFO", "service": "gis-cities-mtl_fsa_gisoo-h9x", "env": "dev", "logger": "jug_gis_cities.mtl_fsa_gisoo.workflow", "request_id": "-", "msg": "Starting Montreal H9X workflow step: clip input layers to FSA boundary."}
{"ts": "2026-08-24T18:06:10", "level": "INFO", "service": "gis-cities-mtl_fsa_gisoo-h9x", "env": "dev", "logger": "citygisoo.scrub_layer_class", "request_id": "-", "msg": "Clipping of nrcan_mtl is completed."}
{"ts": "2026-08-24T18:06:10", "level": "INFO", "service": "gis-cities-mtl_fsa_gisoo-h9x", "env": "dev", "logger": "citygisoo.scrub_layer_class", "request_id": "-", "msg": "Loaded layer nrcan_clipped_H9X from D:/GIS/mtl_gisoo_fsa_data\\output_data\\H9X\\nrcan\\nrcan.gpkg."}
{"ts": "2026-08-24T18:06:10", "level": "INFO", "service": "gis-cities-mtl_fsa_gisoo-h9x", "env": "dev", "logger": "citygisoo.scrub_layer_class", "request_id": "-", "msg": "Creating spatial index for nrcan_clipped_H9X is completed."}
{"ts": "2026-08-24T18:06:10", "level": "INFO", "service": "gis-cities-mtl_fsa_gisoo-h9x", "env": "dev", "logger": "jug_gis_cities.mtl_fsa_gisoo.workflow", "request_id": "-", "msg": "The nrcan_clipped_H9X has 4023 records."}
{"ts": "2026-08-24T18:06:10", "level": "INFO", "service": "gis-cities-mtl_fsa_gisoo-h9x", "env": "dev", "logger": "citygisoo.scrub_layer_class", "request_id": "-", "msg": "Clipping of nrcan_preserved_mtl is completed."}
{"ts": "2026-08-24T18:06:10", "level": "INFO", "service": "gis-cities-mtl_fsa_gisoo-h9x", "env": "dev", "logger": "citygisoo.scrub_layer_class", "request_id": "-", "msg": "Loaded layer nrcan_preserved_H9X from D:/GIS/mtl_gisoo_fsa_data\\output_data\\H9X\\nrcan_preserved\\nrcan_preserved.gpkg."}
{"ts": "2026-08-24T18:06:10", "level": "INFO", "service": "gis-cities-mtl_fsa_gisoo-h9x", "env": "dev", "logger": "citygisoo.scrub_layer_class", "request_id": "-", "msg": "Creating spatial index for nrcan_preserved_H9X is completed."}
{"ts": "2026-08-24T18:06:10", "level": "INFO", "service": "gis-cities-mtl_fsa_gisoo-h9x", "env": "dev", "logger": "jug_gis_cities.mtl_fsa_gisoo.workflow", "request_id": "-", "msg": "The nrcan_preserved_H9X has 4023 records."}
{"ts": "2026-08-24T18:06:10", "level": "INFO", "service": "gis-cities-mtl_fsa_gisoo-h9x", "env": "dev", "logger": "citygisoo.scrub_layer_class", "request_id": "-", "msg": "Clipping of roll_mtl is completed."}
{"ts": "2026-08-24T18:06:10", "level": "INFO", "service": "gis-cities-mtl_fsa_gisoo-h9x", "env": "dev", "logger": "citygisoo.scrub_layer_class", "request_id": "-", "msg": "Loaded layer roll_clipped_H9X from D:/GIS/mtl_gisoo_fsa_data\\output_data\\H9X\\roll\\roll.gpkg."}
{"ts": "2026-08-24T18:06:11", "level": "INFO", "service": "gis-cities-mtl_fsa_gisoo-h9x", "env": "dev", "logger": "citygisoo.scrub_layer_class", "request_id": "-", "msg": "Creating spatial index for roll_clipped_H9X is completed."}
{"ts": "2026-08-24T18:06:11", "level": "INFO", "service": "gis-cities-mtl_fsa_gisoo-h9x", "env": "dev", "logger": "jug_gis_cities.mtl_fsa_gisoo.workflow", "request_id": "-", "msg": "The roll_clipped_H9X has 3767 records."}
{"ts": "2026-08-24T18:06:11", "level": "INFO", "service": "gis-cities-mtl_fsa_gisoo-h9x", "env": "dev", "logger": "citygisoo.scrub_layer_class", "request_id": "-", "msg": "Clipping of usage_mtl is completed."}
{"ts": "2026-08-24T18:06:11", "level": "INFO", "service": "gis-cities-mtl_fsa_gisoo-h9x", "env": "dev", "logger": "citygisoo.scrub_layer_class", "request_id": "-", "msg": "Loaded layer usage_clipped_H9X from D:/GIS/mtl_gisoo_fsa_data\\output_data\\H9X\\usage\\usage.gpkg."}
{"ts": "2026-08-24T18:06:11", "level": "INFO", "service": "gis-cities-mtl_fsa_gisoo-h9x", "env": "dev", "logger": "citygisoo.scrub_layer_class", "request_id": "-", "msg": "Creating spatial index for usage_clipped_H9X is completed."}
{"ts": "2026-08-24T18:06:11", "level": "INFO", "service": "gis-cities-mtl_fsa_gisoo-h9x", "env": "dev", "logger": "jug_gis_cities.mtl_fsa_gisoo.workflow", "request_id": "-", "msg": "The usage_clipped_H9X has 4313 records."}
{"ts": "2026-08-24T18:06:12", "level": "INFO", "service": "gis-cities-mtl_fsa_gisoo-h9x", "env": "dev", "logger": "citygisoo.scrub_layer_class", "request_id": "-", "msg": "Clipping of usage_dup_mtl is completed."}
{"ts": "2026-08-24T18:06:12", "level": "INFO", "service": "gis-cities-mtl_fsa_gisoo-h9x", "env": "dev", "logger": "citygisoo.scrub_layer_class", "request_id": "-", "msg": "Loaded layer usage_dup_H9X from D:/GIS/mtl_gisoo_fsa_data\\output_data\\H9X\\usage_dup\\usage_dup.gpkg."}
{"ts": "2026-08-24T18:06:12", "level": "INFO", "service": "gis-cities-mtl_fsa_gisoo-h9x", "env": "dev", "logger": "citygisoo.scrub_layer_class", "request_id": "-", "msg": "Creating spatial index for usage_dup_H9X is completed."}
{"ts": "2026-08-24T18:06:12", "level": "INFO", "service": "gis-cities-mtl_fsa_gisoo-h9x", "env": "dev", "logger": "jug_gis_cities.mtl_fsa_gisoo.workflow", "request_id": "-", "msg": "The usage_dup_H9X has 4313 records."}
{"ts": "2026-08-24T18:06:12", "level": "INFO", "service": "gis-cities-mtl_fsa_gisoo-h9x", "env": "dev", "logger": "jug_gis_cities.mtl_fsa_gisoo.workflow", "request_id": "-", "msg": "Completed Montreal H9X workflow step: clip input layers to FSA boundary in 2.596s."}
{"ts": "2026-08-24T18:06:12", "level": "INFO", "service": "gis-cities-mtl_fsa_gisoo-h9x", "env": "dev", "logger": "jug_gis_cities.mtl_fsa_gisoo.workflow", "request_id": "-", "msg": "Starting Montreal H9X workflow step: fix nrcan geometries."}
{"ts": "2026-08-24T18:06:12", "level": "INFO", "service": "gis-cities-mtl_fsa_gisoo-h9x", "env": "dev", "logger": "citygisoo.scrub_layer_class", "request_id": "-", "msg": "Fixed geometries for nrcan_clipped_H9X into D:/GIS/mtl_gisoo_fsa_data\\output_data\\H9X\\nrcan_fixed\\nrcan_fixed.gpkg."}
{"ts": "2026-08-24T18:06:12", "level": "INFO", "service": "gis-cities-mtl_fsa_gisoo-h9x", "env": "dev", "logger": "citygisoo.scrub_layer_class", "request_id": "-", "msg": "Loaded layer nrcan_fixed_H9X from D:/GIS/mtl_gisoo_fsa_data\\output_data\\H9X\\nrcan_fixed\\nrcan_fixed.gpkg."}
{"ts": "2026-08-24T18:06:12", "level": "INFO", "service": "gis-cities-mtl_fsa_gisoo-h9x", "env": "dev", "logger": "citygisoo.scrub_layer_class", "request_id": "-", "msg": "Creating spatial index for nrcan_fixed_H9X is completed."}
{"ts": "2026-08-24T18:06:12", "level": "INFO", "service": "gis-cities-mtl_fsa_gisoo-h9x", "env": "dev", "logger": "jug_gis_cities.mtl_fsa_gisoo.workflow", "request_id": "-", "msg": "The nrcan_fixed_H9X has 4023 records."}
{"ts": "2026-08-24T18:06:12", "level": "INFO", "service": "gis-cities-mtl_fsa_gisoo-h9x", "env": "dev", "logger": "jug_gis_cities.mtl_fsa_gisoo.workflow", "request_id": "-", "msg": "Completed Montreal H9X workflow step: fix nrcan geometries in 0.316s."}
{"ts": "2026-08-24T18:06:12", "level": "INFO", "service": "gis-cities-mtl_fsa_gisoo-h9x", "env": "dev", "logger": "jug_gis_cities.mtl_fsa_gisoo.workflow", "request_id": "-", "msg": "Starting Montreal H9X workflow step: assign nrcan area field."}
{"ts": "2026-08-24T18:06:12", "level": "WARNING", "service": "gis-cities-mtl_fsa_gisoo-h9x", "env": "dev", "logger": "py.warnings", "request_id": "-", "msg": "C:\\Users\\a_adli\\docker_projects\\sabu\\libs\\citygisoo\\src\\citygisoo\\geopackage_feature_processor.py:264: DeprecationWarning: QgsField constructor is deprecated\n  return QgsField(\n"}
{"ts": "2026-08-24T18:06:12", "level": "INFO", "service": "gis-cities-mtl_fsa_gisoo-h9x", "env": "dev", "logger": "citygisoo.geopackage_feature_processor", "request_id": "-", "msg": "Assigned Python-calculated values to field nrcan_area on nrcan_fixed_H9X for 4023 features."}
{"ts": "2026-08-24T18:06:12", "level": "INFO", "service": "gis-cities-mtl_fsa_gisoo-h9x", "env": "dev", "logger": "jug_gis_cities.mtl_fsa_gisoo.workflow", "request_id": "-", "msg": "Completed Montreal H9X workflow step: assign nrcan area field in 0.190s."}
{"ts": "2026-08-24T18:06:12", "level": "INFO", "service": "gis-cities-mtl_fsa_gisoo-h9x", "env": "dev", "logger": "jug_gis_cities.mtl_fsa_gisoo.workflow", "request_id": "-", "msg": "Starting Montreal H9X workflow step: fix nrcan preserved geometries."}
{"ts": "2026-08-24T18:06:13", "level": "INFO", "service": "gis-cities-mtl_fsa_gisoo-h9x", "env": "dev", "logger": "citygisoo.scrub_layer_class", "request_id": "-", "msg": "Fixed geometries for nrcan_preserved_H9X into D:/GIS/mtl_gisoo_fsa_data\\output_data\\H9X\\nrcan_preserved_fixed\\nrcan_preserved_fixed.gpkg."}
{"ts": "2026-08-24T18:06:13", "level": "INFO", "service": "gis-cities-mtl_fsa_gisoo-h9x", "env": "dev", "logger": "citygisoo.scrub_layer_class", "request_id": "-", "msg": "Loaded layer nrcan_preserved_fixed_H9X from D:/GIS/mtl_gisoo_fsa_data\\output_data\\H9X\\nrcan_preserved_fixed\\nrcan_preserved_fixed.gpkg."}
{"ts": "2026-08-24T18:06:13", "level": "INFO", "service": "gis-cities-mtl_fsa_gisoo-h9x", "env": "dev", "logger": "citygisoo.scrub_layer_class", "request_id": "-", "msg": "Creating spatial index for nrcan_preserved_fixed_H9X is completed."}
{"ts": "2026-08-24T18:06:13", "level": "INFO", "service": "gis-cities-mtl_fsa_gisoo-h9x", "env": "dev", "logger": "jug_gis_cities.mtl_fsa_gisoo.workflow", "request_id": "-", "msg": "The nrcan_preserved_fixed_H9X has 4023 records."}
{"ts": "2026-08-24T18:06:13", "level": "INFO", "service": "gis-cities-mtl_fsa_gisoo-h9x", "env": "dev", "logger": "jug_gis_cities.mtl_fsa_gisoo.workflow", "request_id": "-", "msg": "Completed Montreal H9X workflow step: fix nrcan preserved geometries in 0.298s."}
{"ts": "2026-08-24T18:06:13", "level": "INFO", "service": "gis-cities-mtl_fsa_gisoo-h9x", "env": "dev", "logger": "jug_gis_cities.mtl_fsa_gisoo.workflow", "request_id": "-", "msg": "Starting Montreal H9X workflow step: assign nrcan preserved area field."}
{"ts": "2026-08-24T18:06:13", "level": "INFO", "service": "gis-cities-mtl_fsa_gisoo-h9x", "env": "dev", "logger": "citygisoo.geopackage_feature_processor", "request_id": "-", "msg": "Assigned Python-calculated values to field nrcan_area on nrcan_preserved_fixed_H9X for 4023 features."}
{"ts": "2026-08-24T18:06:13", "level": "INFO", "service": "gis-cities-mtl_fsa_gisoo-h9x", "env": "dev", "logger": "jug_gis_cities.mtl_fsa_gisoo.workflow", "request_id": "-", "msg": "Completed Montreal H9X workflow step: assign nrcan preserved area field in 0.196s."}
{"ts": "2026-08-24T18:06:13", "level": "INFO", "service": "gis-cities-mtl_fsa_gisoo-h9x", "env": "dev", "logger": "jug_gis_cities.mtl_fsa_gisoo.workflow", "request_id": "-", "msg": "Starting Montreal H9X workflow step: fix usage geometries."}
{"ts": "2026-08-24T18:06:13", "level": "INFO", "service": "gis-cities-mtl_fsa_gisoo-h9x", "env": "dev", "logger": "citygisoo.scrub_layer_class", "request_id": "-", "msg": "Fixed geometries for usage_clipped_H9X into D:/GIS/mtl_gisoo_fsa_data\\output_data\\H9X\\usage_fixed\\usage_fixed.gpkg."}
{"ts": "2026-08-24T18:06:13", "level": "INFO", "service": "gis-cities-mtl_fsa_gisoo-h9x", "env": "dev", "logger": "citygisoo.scrub_layer_class", "request_id": "-", "msg": "Loaded layer usage_fixed_H9X from D:/GIS/mtl_gisoo_fsa_data\\output_data\\H9X\\usage_fixed\\usage_fixed.gpkg."}
{"ts": "2026-08-24T18:06:13", "level": "INFO", "service": "gis-cities-mtl_fsa_gisoo-h9x", "env": "dev", "logger": "citygisoo.scrub_layer_class", "request_id": "-", "msg": "Creating spatial index for usage_fixed_H9X is completed."}
{"ts": "2026-08-24T18:06:13", "level": "INFO", "service": "gis-cities-mtl_fsa_gisoo-h9x", "env": "dev", "logger": "jug_gis_cities.mtl_fsa_gisoo.workflow", "request_id": "-", "msg": "The usage_fixed_H9X has 4313 records."}
{"ts": "2026-08-24T18:06:13", "level": "INFO", "service": "gis-cities-mtl_fsa_gisoo-h9x", "env": "dev", "logger": "jug_gis_cities.mtl_fsa_gisoo.workflow", "request_id": "-", "msg": "Completed Montreal H9X workflow step: fix usage geometries in 0.394s."}
{"ts": "2026-08-24T18:06:13", "level": "INFO", "service": "gis-cities-mtl_fsa_gisoo-h9x", "env": "dev", "logger": "jug_gis_cities.mtl_fsa_gisoo.workflow", "request_id": "-", "msg": "Starting Montreal H9X workflow step: fix usage duplicate geometries."}
{"ts": "2026-08-24T18:06:14", "level": "INFO", "service": "gis-cities-mtl_fsa_gisoo-h9x", "env": "dev", "logger": "citygisoo.scrub_layer_class", "request_id": "-", "msg": "Fixed geometries for usage_dup_H9X into D:/GIS/mtl_gisoo_fsa_data\\output_data\\H9X\\usage_dup_fixed\\usage_dup_fixed.gpkg."}
{"ts": "2026-08-24T18:06:14", "level": "INFO", "service": "gis-cities-mtl_fsa_gisoo-h9x", "env": "dev", "logger": "citygisoo.scrub_layer_class", "request_id": "-", "msg": "Loaded layer usage_dup_fixed_H9X from D:/GIS/mtl_gisoo_fsa_data\\output_data\\H9X\\usage_dup_fixed\\usage_dup_fixed.gpkg."}
{"ts": "2026-08-24T18:06:14", "level": "INFO", "service": "gis-cities-mtl_fsa_gisoo-h9x", "env": "dev", "logger": "citygisoo.scrub_layer_class", "request_id": "-", "msg": "Creating spatial index for usage_dup_fixed_H9X is completed."}
{"ts": "2026-08-24T18:06:14", "level": "INFO", "service": "gis-cities-mtl_fsa_gisoo-h9x", "env": "dev", "logger": "jug_gis_cities.mtl_fsa_gisoo.workflow", "request_id": "-", "msg": "The usage_dup_fixed_H9X has 4313 records."}
{"ts": "2026-08-24T18:06:14", "level": "INFO", "service": "gis-cities-mtl_fsa_gisoo-h9x", "env": "dev", "logger": "jug_gis_cities.mtl_fsa_gisoo.workflow", "request_id": "-", "msg": "Completed Montreal H9X workflow step: fix usage duplicate geometries in 0.383s."}
{"ts": "2026-08-24T18:06:14", "level": "INFO", "service": "gis-cities-mtl_fsa_gisoo-h9x", "env": "dev", "logger": "jug_gis_cities.mtl_fsa_gisoo.workflow", "request_id": "-", "msg": "Starting Montreal H9X workflow step: extract usage records missing from roll."}
{"ts": "2026-08-24T18:06:14", "level": "INFO", "service": "gis-cities-mtl_fsa_gisoo-h9x", "env": "dev", "logger": "citygisoo.geopackage_feature_processor", "request_id": "-", "msg": "Extracted 434 features from usage_fixed_H9X by membership of g_id_provi in roll_clipped_H9X.id_provinc."}
{"ts": "2026-08-24T18:06:14", "level": "INFO", "service": "gis-cities-mtl_fsa_gisoo-h9x", "env": "dev", "logger": "citygisoo.geopackage_feature_processor", "request_id": "-", "msg": "Wrote 434 features from usage_fixed_H9X to D:/GIS/mtl_gisoo_fsa_data\\output_data\\H9X\\usage_margin_san\\usage_margin_san.gpkg."}
{"ts": "2026-08-24T18:06:14", "level": "INFO", "service": "gis-cities-mtl_fsa_gisoo-h9x", "env": "dev", "logger": "citygisoo.scrub_layer_class", "request_id": "-", "msg": "Loaded layer usage_margin_san_H9X from D:/GIS/mtl_gisoo_fsa_data\\output_data\\H9X\\usage_margin_san\\usage_margin_san.gpkg."}
{"ts": "2026-08-24T18:06:14", "level": "INFO", "service": "gis-cities-mtl_fsa_gisoo-h9x", "env": "dev", "logger": "citygisoo.scrub_layer_class", "request_id": "-", "msg": "Creating spatial index for usage_margin_san_H9X is completed."}
{"ts": "2026-08-24T18:06:14", "level": "INFO", "service": "gis-cities-mtl_fsa_gisoo-h9x", "env": "dev", "logger": "jug_gis_cities.mtl_fsa_gisoo.workflow", "request_id": "-", "msg": "The usage_margin_san_H9X has 434 records."}
{"ts": "2026-08-24T18:06:14", "level": "INFO", "service": "gis-cities-mtl_fsa_gisoo-h9x", "env": "dev", "logger": "jug_gis_cities.mtl_fsa_gisoo.workflow", "request_id": "-", "msg": "Completed Montreal H9X workflow step: extract usage records missing from roll in 0.256s."}
{"ts": "2026-08-24T18:06:14", "level": "INFO", "service": "gis-cities-mtl_fsa_gisoo-h9x", "env": "dev", "logger": "jug_gis_cities.mtl_fsa_gisoo.workflow", "request_id": "-", "msg": "Starting Montreal H9X workflow step: difference usage with usage margin san."}
{"ts": "2026-08-24T18:06:17", "level": "INFO", "service": "gis-cities-mtl_fsa_gisoo-h9x", "env": "dev", "logger": "citygisoo.scrub_layer_class", "request_id": "-", "msg": "Difference of usage_clipped_H9X with overlay D:/GIS/mtl_gisoo_fsa_data\\output_data\\H9X\\usage_margin_san\\usage_margin_san.gpkg is completed into D:/GIS/mtl_gisoo_fsa_data\\output_data\\H9X\\usage_clean\\usage_clean.gpkg."}
{"ts": "2026-08-24T18:06:17", "level": "INFO", "service": "gis-cities-mtl_fsa_gisoo-h9x", "env": "dev", "logger": "citygisoo.scrub_layer_class", "request_id": "-", "msg": "Loaded layer usage_clean_H9X from D:/GIS/mtl_gisoo_fsa_data\\output_data\\H9X\\usage_clean\\usage_clean.gpkg."}
{"ts": "2026-08-24T18:06:17", "level": "INFO", "service": "gis-cities-mtl_fsa_gisoo-h9x", "env": "dev", "logger": "citygisoo.scrub_layer_class", "request_id": "-", "msg": "Creating spatial index for usage_clean_H9X is completed."}
{"ts": "2026-08-24T18:06:17", "level": "INFO", "service": "gis-cities-mtl_fsa_gisoo-h9x", "env": "dev", "logger": "jug_gis_cities.mtl_fsa_gisoo.workflow", "request_id": "-", "msg": "The usage_clean_H9X has 3879 records."}
{"ts": "2026-08-24T18:06:17", "level": "INFO", "service": "gis-cities-mtl_fsa_gisoo-h9x", "env": "dev", "logger": "jug_gis_cities.mtl_fsa_gisoo.workflow", "request_id": "-", "msg": "Completed Montreal H9X workflow step: difference usage with usage margin san in 2.956s."}
{"ts": "2026-08-24T18:06:17", "level": "INFO", "service": "gis-cities-mtl_fsa_gisoo-h9x", "env": "dev", "logger": "jug_gis_cities.mtl_fsa_gisoo.workflow", "request_id": "-", "msg": "Starting Montreal H9X workflow step: extract usage margin records with provincial id."}
{"ts": "2026-08-24T18:06:17", "level": "INFO", "service": "gis-cities-mtl_fsa_gisoo-h9x", "env": "dev", "logger": "citygisoo.geopackage_feature_processor", "request_id": "-", "msg": "Wrote 77 features from usage_margin_san_H9X to D:/GIS/mtl_gisoo_fsa_data\\output_data\\H9X\\usage_margin\\usage_margin.gpkg."}
{"ts": "2026-08-24T18:06:17", "level": "INFO", "service": "gis-cities-mtl_fsa_gisoo-h9x", "env": "dev", "logger": "citygisoo.scrub_layer_class", "request_id": "-", "msg": "Loaded layer usage_margin_H9X from D:/GIS/mtl_gisoo_fsa_data\\output_data\\H9X\\usage_margin\\usage_margin.gpkg."}
{"ts": "2026-08-24T18:06:17", "level": "INFO", "service": "gis-cities-mtl_fsa_gisoo-h9x", "env": "dev", "logger": "citygisoo.scrub_layer_class", "request_id": "-", "msg": "Creating spatial index for usage_margin_H9X is completed."}
{"ts": "2026-08-24T18:06:17", "level": "INFO", "service": "gis-cities-mtl_fsa_gisoo-h9x", "env": "dev", "logger": "jug_gis_cities.mtl_fsa_gisoo.workflow", "request_id": "-", "msg": "The usage_margin_H9X has 77 records."}
{"ts": "2026-08-24T18:06:17", "level": "INFO", "service": "gis-cities-mtl_fsa_gisoo-h9x", "env": "dev", "logger": "jug_gis_cities.mtl_fsa_gisoo.workflow", "request_id": "-", "msg": "Completed Montreal H9X workflow step: extract usage margin records with provincial id in 0.077s."}
{"ts": "2026-08-24T18:06:17", "level": "INFO", "service": "gis-cities-mtl_fsa_gisoo-h9x", "env": "dev", "logger": "jug_gis_cities.mtl_fsa_gisoo.workflow", "request_id": "-", "msg": "Starting Montreal H9X workflow step: assign usage margin area field."}
{"ts": "2026-08-24T18:06:17", "level": "INFO", "service": "gis-cities-mtl_fsa_gisoo-h9x", "env": "dev", "logger": "citygisoo.geopackage_feature_processor", "request_id": "-", "msg": "Assigned Python-calculated values to field area_ex on usage_margin_H9X for 77 features."}
{"ts": "2026-08-24T18:06:17", "level": "INFO", "service": "gis-cities-mtl_fsa_gisoo-h9x", "env": "dev", "logger": "jug_gis_cities.mtl_fsa_gisoo.workflow", "request_id": "-", "msg": "Completed Montreal H9X workflow step: assign usage margin area field in 0.021s."}
{"ts": "2026-08-24T18:06:17", "level": "INFO", "service": "gis-cities-mtl_fsa_gisoo-h9x", "env": "dev", "logger": "jug_gis_cities.mtl_fsa_gisoo.workflow", "request_id": "-", "msg": "Starting Montreal H9X workflow step: extract usage-only records by area."}
{"ts": "2026-08-24T18:06:17", "level": "INFO", "service": "gis-cities-mtl_fsa_gisoo-h9x", "env": "dev", "logger": "citygisoo.geopackage_feature_processor", "request_id": "-", "msg": "Wrote 7 features from usage_margin_H9X to D:/GIS/mtl_gisoo_fsa_data\\output_data\\H9X\\usage_only\\usage_only.gpkg."}
{"ts": "2026-08-24T18:06:17", "level": "INFO", "service": "gis-cities-mtl_fsa_gisoo-h9x", "env": "dev", "logger": "citygisoo.scrub_layer_class", "request_id": "-", "msg": "Loaded layer usage_only_H9X from D:/GIS/mtl_gisoo_fsa_data\\output_data\\H9X\\usage_only\\usage_only.gpkg."}
{"ts": "2026-08-24T18:06:17", "level": "INFO", "service": "gis-cities-mtl_fsa_gisoo-h9x", "env": "dev", "logger": "citygisoo.scrub_layer_class", "request_id": "-", "msg": "Creating spatial index for usage_only_H9X is completed."}
{"ts": "2026-08-24T18:06:17", "level": "INFO", "service": "gis-cities-mtl_fsa_gisoo-h9x", "env": "dev", "logger": "jug_gis_cities.mtl_fsa_gisoo.workflow", "request_id": "-", "msg": "The usage_only_H9X has 7 records."}
{"ts": "2026-08-24T18:06:17", "level": "INFO", "service": "gis-cities-mtl_fsa_gisoo-h9x", "env": "dev", "logger": "jug_gis_cities.mtl_fsa_gisoo.workflow", "request_id": "-", "msg": "Completed Montreal H9X workflow step: extract usage-only records by area in 0.065s."}
{"ts": "2026-08-24T18:06:17", "level": "INFO", "service": "gis-cities-mtl_fsa_gisoo-h9x", "env": "dev", "logger": "jug_gis_cities.mtl_fsa_gisoo.workflow", "request_id": "-", "msg": "Starting Montreal H9X workflow step: extract roll records missing from usage."}
{"ts": "2026-08-24T18:06:17", "level": "INFO", "service": "gis-cities-mtl_fsa_gisoo-h9x", "env": "dev", "logger": "citygisoo.geopackage_feature_processor", "request_id": "-", "msg": "Extracted 13 features from roll_clipped_H9X by membership of id_provinc in usage_clipped_H9X.g_id_provi."}
{"ts": "2026-08-24T18:06:17", "level": "INFO", "service": "gis-cities-mtl_fsa_gisoo-h9x", "env": "dev", "logger": "citygisoo.geopackage_feature_processor", "request_id": "-", "msg": "Wrote 13 features from roll_clipped_H9X to D:/GIS/mtl_gisoo_fsa_data\\output_data\\H9X\\roll_only\\roll_only.gpkg."}
{"ts": "2026-08-24T18:06:17", "level": "INFO", "service": "gis-cities-mtl_fsa_gisoo-h9x", "env": "dev", "logger": "citygisoo.scrub_layer_class", "request_id": "-", "msg": "Loaded layer roll_only_H9X from D:/GIS/mtl_gisoo_fsa_data\\output_data\\H9X\\roll_only\\roll_only.gpkg."}
{"ts": "2026-08-24T18:06:17", "level": "INFO", "service": "gis-cities-mtl_fsa_gisoo-h9x", "env": "dev", "logger": "citygisoo.scrub_layer_class", "request_id": "-", "msg": "Creating spatial index for roll_only_H9X is completed."}
{"ts": "2026-08-24T18:06:17", "level": "INFO", "service": "gis-cities-mtl_fsa_gisoo-h9x", "env": "dev", "logger": "jug_gis_cities.mtl_fsa_gisoo.workflow", "request_id": "-", "msg": "The roll_only_H9X has 13 records."}
{"ts": "2026-08-24T18:06:17", "level": "INFO", "service": "gis-cities-mtl_fsa_gisoo-h9x", "env": "dev", "logger": "jug_gis_cities.mtl_fsa_gisoo.workflow", "request_id": "-", "msg": "Completed Montreal H9X workflow step: extract roll records missing from usage in 0.149s."}
{"ts": "2026-08-24T18:06:17", "level": "INFO", "service": "gis-cities-mtl_fsa_gisoo-h9x", "env": "dev", "logger": "jug_gis_cities.mtl_fsa_gisoo.workflow", "request_id": "-", "msg": "Starting Montreal H9X workflow step: spatial join usage with roll-only."}
{"ts": "2026-08-24T18:06:18", "level": "INFO", "service": "gis-cities-mtl_fsa_gisoo-h9x", "env": "dev", "logger": "citygisoo.scrub_layer_class", "request_id": "-", "msg": "Spatial join with input layer usage_clipped_H9X, predicate contains, method one-to-many, and prefix ro_ is completed."}
{"ts": "2026-08-24T18:06:18", "level": "INFO", "service": "gis-cities-mtl_fsa_gisoo-h9x", "env": "dev", "logger": "citygisoo.scrub_layer_class", "request_id": "-", "msg": "Loaded layer usage_roll_only_all_H9X from D:/GIS/mtl_gisoo_fsa_data\\output_data\\H9X\\usage_roll_only_all\\usage_roll_only_all.gpkg."}
{"ts": "2026-08-24T18:06:18", "level": "INFO", "service": "gis-cities-mtl_fsa_gisoo-h9x", "env": "dev", "logger": "citygisoo.scrub_layer_class", "request_id": "-", "msg": "Creating spatial index for usage_roll_only_all_H9X is completed."}
{"ts": "2026-08-24T18:06:18", "level": "INFO", "service": "gis-cities-mtl_fsa_gisoo-h9x", "env": "dev", "logger": "jug_gis_cities.mtl_fsa_gisoo.workflow", "request_id": "-", "msg": "The usage_roll_only_all_H9X has 4316 records."}
{"ts": "2026-08-24T18:06:18", "level": "INFO", "service": "gis-cities-mtl_fsa_gisoo-h9x", "env": "dev", "logger": "jug_gis_cities.mtl_fsa_gisoo.workflow", "request_id": "-", "msg": "Completed Montreal H9X workflow step: spatial join usage with roll-only in 0.461s."}
{"ts": "2026-08-24T18:06:18", "level": "INFO", "service": "gis-cities-mtl_fsa_gisoo-h9x", "env": "dev", "logger": "jug_gis_cities.mtl_fsa_gisoo.workflow", "request_id": "-", "msg": "Starting Montreal H9X workflow step: extract usage-roll-only matched records."}
{"ts": "2026-08-24T18:06:18", "level": "INFO", "service": "gis-cities-mtl_fsa_gisoo-h9x", "env": "dev", "logger": "citygisoo.geopackage_feature_processor", "request_id": "-", "msg": "Wrote 13 features from usage_roll_only_all_H9X to D:/GIS/mtl_gisoo_fsa_data\\output_data\\H9X\\usage_roll_only\\usage_roll_only.gpkg."}
{"ts": "2026-08-24T18:06:18", "level": "INFO", "service": "gis-cities-mtl_fsa_gisoo-h9x", "env": "dev", "logger": "citygisoo.scrub_layer_class", "request_id": "-", "msg": "Loaded layer usage_roll_only_H9X from D:/GIS/mtl_gisoo_fsa_data\\output_data\\H9X\\usage_roll_only\\usage_roll_only.gpkg."}
{"ts": "2026-08-24T18:06:18", "level": "INFO", "service": "gis-cities-mtl_fsa_gisoo-h9x", "env": "dev", "logger": "citygisoo.scrub_layer_class", "request_id": "-", "msg": "Creating spatial index for usage_roll_only_H9X is completed."}
{"ts": "2026-08-24T18:06:18", "level": "INFO", "service": "gis-cities-mtl_fsa_gisoo-h9x", "env": "dev", "logger": "jug_gis_cities.mtl_fsa_gisoo.workflow", "request_id": "-", "msg": "The usage_roll_only_H9X has 13 records."}
{"ts": "2026-08-24T18:06:18", "level": "INFO", "service": "gis-cities-mtl_fsa_gisoo-h9x", "env": "dev", "logger": "jug_gis_cities.mtl_fsa_gisoo.workflow", "request_id": "-", "msg": "Completed Montreal H9X workflow step: extract usage-roll-only matched records in 0.183s."}
{"ts": "2026-08-24T18:06:18", "level": "INFO", "service": "gis-cities-mtl_fsa_gisoo-h9x", "env": "dev", "logger": "jug_gis_cities.mtl_fsa_gisoo.workflow", "request_id": "-", "msg": "Starting Montreal H9X workflow step: extract unique usage-roll-only records."}
{"ts": "2026-08-24T18:06:18", "level": "INFO", "service": "gis-cities-mtl_fsa_gisoo-h9x", "env": "dev", "logger": "citygisoo.geopackage_feature_processor", "request_id": "-", "msg": "Wrote 13 features from usage_roll_only_H9X to D:/GIS/mtl_gisoo_fsa_data\\output_data\\H9X\\usage_roll_only_unique\\usage_roll_only_unique.gpkg."}
{"ts": "2026-08-24T18:06:18", "level": "INFO", "service": "gis-cities-mtl_fsa_gisoo-h9x", "env": "dev", "logger": "citygisoo.scrub_layer_class", "request_id": "-", "msg": "Loaded layer usage_roll_only_unique_H9X from D:/GIS/mtl_gisoo_fsa_data\\output_data\\H9X\\usage_roll_only_unique\\usage_roll_only_unique.gpkg."}
{"ts": "2026-08-24T18:06:18", "level": "INFO", "service": "gis-cities-mtl_fsa_gisoo-h9x", "env": "dev", "logger": "citygisoo.scrub_layer_class", "request_id": "-", "msg": "Creating spatial index for usage_roll_only_unique_H9X is completed."}
{"ts": "2026-08-24T18:06:18", "level": "INFO", "service": "gis-cities-mtl_fsa_gisoo-h9x", "env": "dev", "logger": "jug_gis_cities.mtl_fsa_gisoo.workflow", "request_id": "-", "msg": "The usage_roll_only_unique_H9X has 13 records."}
{"ts": "2026-08-24T18:06:18", "level": "INFO", "service": "gis-cities-mtl_fsa_gisoo-h9x", "env": "dev", "logger": "jug_gis_cities.mtl_fsa_gisoo.workflow", "request_id": "-", "msg": "Completed Montreal H9X workflow step: extract unique usage-roll-only records in 0.075s."}
{"ts": "2026-08-24T18:06:18", "level": "INFO", "service": "gis-cities-mtl_fsa_gisoo-h9x", "env": "dev", "logger": "jug_gis_cities.mtl_fsa_gisoo.workflow", "request_id": "-", "msg": "Starting Montreal H9X workflow step: difference roll with roll-only."}
{"ts": "2026-08-24T18:06:19", "level": "INFO", "service": "gis-cities-mtl_fsa_gisoo-h9x", "env": "dev", "logger": "citygisoo.scrub_layer_class", "request_id": "-", "msg": "Difference of roll_clipped_H9X with overlay D:/GIS/mtl_gisoo_fsa_data\\output_data\\H9X\\roll_only\\roll_only.gpkg is completed into D:/GIS/mtl_gisoo_fsa_data\\output_data\\H9X\\roll_clean\\roll_clean.gpkg."}
{"ts": "2026-08-24T18:06:19", "level": "INFO", "service": "gis-cities-mtl_fsa_gisoo-h9x", "env": "dev", "logger": "citygisoo.scrub_layer_class", "request_id": "-", "msg": "Loaded layer roll_clean_H9X from D:/GIS/mtl_gisoo_fsa_data\\output_data\\H9X\\roll_clean\\roll_clean.gpkg."}
{"ts": "2026-08-24T18:06:19", "level": "INFO", "service": "gis-cities-mtl_fsa_gisoo-h9x", "env": "dev", "logger": "citygisoo.scrub_layer_class", "request_id": "-", "msg": "Creating spatial index for roll_clean_H9X is completed."}
{"ts": "2026-08-24T18:06:19", "level": "INFO", "service": "gis-cities-mtl_fsa_gisoo-h9x", "env": "dev", "logger": "jug_gis_cities.mtl_fsa_gisoo.workflow", "request_id": "-", "msg": "The roll_clean_H9X has 3767 records."}
{"ts": "2026-08-24T18:06:19", "level": "INFO", "service": "gis-cities-mtl_fsa_gisoo-h9x", "env": "dev", "logger": "jug_gis_cities.mtl_fsa_gisoo.workflow", "request_id": "-", "msg": "Completed Montreal H9X workflow step: difference roll with roll-only in 0.669s."}
{"ts": "2026-08-24T18:06:19", "level": "INFO", "service": "gis-cities-mtl_fsa_gisoo-h9x", "env": "dev", "logger": "jug_gis_cities.mtl_fsa_gisoo.workflow", "request_id": "-", "msg": "Starting Montreal H9X workflow step: duplicate roll provincial id field."}
{"ts": "2026-08-24T18:06:19", "level": "WARNING", "service": "gis-cities-mtl_fsa_gisoo-h9x", "env": "dev", "logger": "py.warnings", "request_id": "-", "msg": "C:\\Users\\a_adli\\docker_projects\\sabu\\libs\\citygisoo\\src\\citygisoo\\scrub_layer_class.py:1310: DeprecationWarning: QgsField constructor is deprecated\n  new_field = QgsField(target_field, QVariant.String, len=field_length)\n"}
{"ts": "2026-08-24T18:06:19", "level": "INFO", "service": "gis-cities-mtl_fsa_gisoo-h9x", "env": "dev", "logger": "citygisoo.scrub_layer_class", "request_id": "-", "msg": "Copied 3767 values from id_provinc to text field r_id_provinc on roll_clean_H9X."}
{"ts": "2026-08-24T18:06:19", "level": "INFO", "service": "gis-cities-mtl_fsa_gisoo-h9x", "env": "dev", "logger": "jug_gis_cities.mtl_fsa_gisoo.workflow", "request_id": "-", "msg": "Completed Montreal H9X workflow step: duplicate roll provincial id field in 0.107s."}
{"ts": "2026-08-24T18:06:19", "level": "INFO", "service": "gis-cities-mtl_fsa_gisoo-h9x", "env": "dev", "logger": "jug_gis_cities.mtl_fsa_gisoo.workflow", "request_id": "-", "msg": "Starting Montreal H9X workflow step: join usage clean with roll clean."}
{"ts": "2026-08-24T18:06:19", "level": "INFO", "service": "gis-cities-mtl_fsa_gisoo-h9x", "env": "dev", "logger": "citygisoo.scrub_layer_class", "request_id": "-", "msg": "Field join of usage_clean_H9X with input layer roll_clean_H9X is completed."}
{"ts": "2026-08-24T18:06:19", "level": "INFO", "service": "gis-cities-mtl_fsa_gisoo-h9x", "env": "dev", "logger": "citygisoo.scrub_layer_class", "request_id": "-", "msg": "Loaded layer usage_roll_H9X from D:/GIS/mtl_gisoo_fsa_data\\output_data\\H9X\\usage_roll\\usage_roll.gpkg."}
{"ts": "2026-08-24T18:06:19", "level": "INFO", "service": "gis-cities-mtl_fsa_gisoo-h9x", "env": "dev", "logger": "citygisoo.scrub_layer_class", "request_id": "-", "msg": "Creating spatial index for usage_roll_H9X is completed."}
{"ts": "2026-08-24T18:06:19", "level": "INFO", "service": "gis-cities-mtl_fsa_gisoo-h9x", "env": "dev", "logger": "jug_gis_cities.mtl_fsa_gisoo.workflow", "request_id": "-", "msg": "The usage_roll_H9X has 3879 records."}
{"ts": "2026-08-24T18:06:19", "level": "INFO", "service": "gis-cities-mtl_fsa_gisoo-h9x", "env": "dev", "logger": "jug_gis_cities.mtl_fsa_gisoo.workflow", "request_id": "-", "msg": "Completed Montreal H9X workflow step: join usage clean with roll clean in 0.398s."}
{"ts": "2026-08-24T18:06:19", "level": "INFO", "service": "gis-cities-mtl_fsa_gisoo-h9x", "env": "dev", "logger": "jug_gis_cities.mtl_fsa_gisoo.workflow", "request_id": "-", "msg": "Starting Montreal H9X workflow step: merge usage roll layers."}
{"ts": "2026-08-24T18:06:20", "level": "INFO", "service": "gis-cities-mtl_fsa_gisoo-h9x", "env": "dev", "logger": "citygisoo.scrub_layer_class", "request_id": "-", "msg": "Merged 3 explicit layers into D:/GIS/mtl_gisoo_fsa_data\\output_data\\H9X\\usage_roll_all\\usage_roll_all.gpkg."}
{"ts": "2026-08-24T18:06:20", "level": "INFO", "service": "gis-cities-mtl_fsa_gisoo-h9x", "env": "dev", "logger": "citygisoo.scrub_layer_class", "request_id": "-", "msg": "Loaded layer usage_roll_all_H9X from D:/GIS/mtl_gisoo_fsa_data\\output_data\\H9X\\usage_roll_all\\usage_roll_all.gpkg."}
{"ts": "2026-08-24T18:06:20", "level": "INFO", "service": "gis-cities-mtl_fsa_gisoo-h9x", "env": "dev", "logger": "citygisoo.scrub_layer_class", "request_id": "-", "msg": "Creating spatial index for usage_roll_all_H9X is completed."}
{"ts": "2026-08-24T18:06:20", "level": "INFO", "service": "gis-cities-mtl_fsa_gisoo-h9x", "env": "dev", "logger": "jug_gis_cities.mtl_fsa_gisoo.workflow", "request_id": "-", "msg": "The usage_roll_all_H9X has 3899 records."}
{"ts": "2026-08-24T18:06:20", "level": "INFO", "service": "gis-cities-mtl_fsa_gisoo-h9x", "env": "dev", "logger": "jug_gis_cities.mtl_fsa_gisoo.workflow", "request_id": "-", "msg": "Completed Montreal H9X workflow step: merge usage roll layers in 0.771s."}
{"ts": "2026-08-24T18:06:20", "level": "INFO", "service": "gis-cities-mtl_fsa_gisoo-h9x", "env": "dev", "logger": "jug_gis_cities.mtl_fsa_gisoo.workflow", "request_id": "-", "msg": "Starting Montreal H9X workflow step: assign usage roll uuid field."}
{"ts": "2026-08-24T18:06:22", "level": "INFO", "service": "gis-cities-mtl_fsa_gisoo-h9x", "env": "dev", "logger": "citygisoo.scrub_layer_class", "request_id": "-", "msg": "Assigned expression values to field usage_roll_id on usage_roll_all_H9X for 3899 features."}
{"ts": "2026-08-24T18:06:22", "level": "INFO", "service": "gis-cities-mtl_fsa_gisoo-h9x", "env": "dev", "logger": "jug_gis_cities.mtl_fsa_gisoo.workflow", "request_id": "-", "msg": "Completed Montreal H9X workflow step: assign usage roll uuid field in 2.358s."}
{"ts": "2026-08-24T18:06:22", "level": "INFO", "service": "gis-cities-mtl_fsa_gisoo-h9x", "env": "dev", "logger": "jug_gis_cities.mtl_fsa_gisoo.workflow", "request_id": "-", "msg": "Starting Montreal H9X workflow step: delete duplicate usage geometries."}
{"ts": "2026-08-24T18:06:23", "level": "INFO", "service": "gis-cities-mtl_fsa_gisoo-h9x", "env": "dev", "logger": "citygisoo.scrub_layer_class", "request_id": "-", "msg": "Deleted duplicate geometries from usage_dup_fixed_H9X into D:/GIS/mtl_gisoo_fsa_data\\output_data\\H9X\\usage_dup_clean\\usage_dup_clean.gpkg."}
{"ts": "2026-08-24T18:06:23", "level": "INFO", "service": "gis-cities-mtl_fsa_gisoo-h9x", "env": "dev", "logger": "citygisoo.scrub_layer_class", "request_id": "-", "msg": "Loaded layer usage_dup_clean_H9X from D:/GIS/mtl_gisoo_fsa_data\\output_data\\H9X\\usage_dup_clean\\usage_dup_clean.gpkg."}
{"ts": "2026-08-24T18:06:23", "level": "INFO", "service": "gis-cities-mtl_fsa_gisoo-h9x", "env": "dev", "logger": "citygisoo.scrub_layer_class", "request_id": "-", "msg": "Creating spatial index for usage_dup_clean_H9X is completed."}
{"ts": "2026-08-24T18:06:23", "level": "INFO", "service": "gis-cities-mtl_fsa_gisoo-h9x", "env": "dev", "logger": "jug_gis_cities.mtl_fsa_gisoo.workflow", "request_id": "-", "msg": "The usage_dup_clean_H9X has 3836 records."}
{"ts": "2026-08-24T18:06:23", "level": "INFO", "service": "gis-cities-mtl_fsa_gisoo-h9x", "env": "dev", "logger": "jug_gis_cities.mtl_fsa_gisoo.workflow", "request_id": "-", "msg": "Completed Montreal H9X workflow step: delete duplicate usage geometries in 0.798s."}
{"ts": "2026-08-24T18:06:23", "level": "INFO", "service": "gis-cities-mtl_fsa_gisoo-h9x", "env": "dev", "logger": "jug_gis_cities.mtl_fsa_gisoo.workflow", "request_id": "-", "msg": "Starting Montreal H9X workflow step: intersect nrcan with clean usage duplicate."}
{"ts": "2026-08-24T18:06:29", "level": "INFO", "service": "gis-cities-mtl_fsa_gisoo-h9x", "env": "dev", "logger": "citygisoo.scrub_layer_class", "request_id": "-", "msg": "Intersection of nrcan_fixed_H9X with overlay D:/GIS/mtl_gisoo_fsa_data\\output_data\\H9X\\usage_dup_clean\\usage_dup_clean.gpkg is completed into D:/GIS/mtl_gisoo_fsa_data\\output_data\\H9X\\inter_nrcan\\inter_nrcan.gpkg."}
{"ts": "2026-08-24T18:06:29", "level": "INFO", "service": "gis-cities-mtl_fsa_gisoo-h9x", "env": "dev", "logger": "citygisoo.scrub_layer_class", "request_id": "-", "msg": "Loaded layer inter_nrcan_H9X from D:/GIS/mtl_gisoo_fsa_data\\output_data\\H9X\\inter_nrcan\\inter_nrcan.gpkg."}
{"ts": "2026-08-24T18:06:29", "level": "INFO", "service": "gis-cities-mtl_fsa_gisoo-h9x", "env": "dev", "logger": "citygisoo.scrub_layer_class", "request_id": "-", "msg": "Creating spatial index for inter_nrcan_H9X is completed."}
{"ts": "2026-08-24T18:06:29", "level": "INFO", "service": "gis-cities-mtl_fsa_gisoo-h9x", "env": "dev", "logger": "jug_gis_cities.mtl_fsa_gisoo.workflow", "request_id": "-", "msg": "The inter_nrcan_H9X has 4828 records."}
{"ts": "2026-08-24T18:06:29", "level": "INFO", "service": "gis-cities-mtl_fsa_gisoo-h9x", "env": "dev", "logger": "jug_gis_cities.mtl_fsa_gisoo.workflow", "request_id": "-", "msg": "Completed Montreal H9X workflow step: intersect nrcan with clean usage duplicate in 6.199s."}
{"ts": "2026-08-24T18:06:29", "level": "INFO", "service": "gis-cities-mtl_fsa_gisoo-h9x", "env": "dev", "logger": "jug_gis_cities.mtl_fsa_gisoo.workflow", "request_id": "-", "msg": "Starting Montreal H9X workflow step: assign inter nrcan area field."}
{"ts": "2026-08-24T18:06:30", "level": "INFO", "service": "gis-cities-mtl_fsa_gisoo-h9x", "env": "dev", "logger": "citygisoo.geopackage_feature_processor", "request_id": "-", "msg": "Assigned Python-calculated values to field inter_area on inter_nrcan_H9X for 4828 features."}
{"ts": "2026-08-24T18:06:30", "level": "INFO", "service": "gis-cities-mtl_fsa_gisoo-h9x", "env": "dev", "logger": "jug_gis_cities.mtl_fsa_gisoo.workflow", "request_id": "-", "msg": "Completed Montreal H9X workflow step: assign inter nrcan area field in 0.216s."}
{"ts": "2026-08-24T18:06:30", "level": "INFO", "service": "gis-cities-mtl_fsa_gisoo-h9x", "env": "dev", "logger": "jug_gis_cities.mtl_fsa_gisoo.workflow", "request_id": "-", "msg": "Starting Montreal H9X workflow step: assign inter nrcan area ratio field."}
{"ts": "2026-08-24T18:06:30", "level": "INFO", "service": "gis-cities-mtl_fsa_gisoo-h9x", "env": "dev", "logger": "citygisoo.geopackage_feature_processor", "request_id": "-", "msg": "Assigned Python-calculated values to field area_ratio on inter_nrcan_H9X for 4828 features."}
{"ts": "2026-08-24T18:06:30", "level": "INFO", "service": "gis-cities-mtl_fsa_gisoo-h9x", "env": "dev", "logger": "jug_gis_cities.mtl_fsa_gisoo.workflow", "request_id": "-", "msg": "Completed Montreal H9X workflow step: assign inter nrcan area ratio field in 0.206s."}
{"ts": "2026-08-24T18:06:30", "level": "INFO", "service": "gis-cities-mtl_fsa_gisoo-h9x", "env": "dev", "logger": "jug_gis_cities.mtl_fsa_gisoo.workflow", "request_id": "-", "msg": "Starting Montreal H9X workflow step: summarize inter nrcan by nrcan id."}
{"ts": "2026-08-24T18:06:30", "level": "INFO", "service": "gis-cities-mtl_fsa_gisoo-h9x", "env": "dev", "logger": "citygisoo.scrub_layer_class", "request_id": "-", "msg": "Loaded layer inter_summary_H9X from D:/GIS/mtl_gisoo_fsa_data\\output_data\\H9X\\inter_summary\\inter_summary.gpkg."}
{"ts": "2026-08-24T18:06:30", "level": "INFO", "service": "gis-cities-mtl_fsa_gisoo-h9x", "env": "dev", "logger": "citygisoo.scrub_layer_class", "request_id": "-", "msg": "Creating spatial index for inter_summary_H9X is completed."}
{"ts": "2026-08-24T18:06:30", "level": "INFO", "service": "gis-cities-mtl_fsa_gisoo-h9x", "env": "dev", "logger": "jug_gis_cities.mtl_fsa_gisoo.workflow", "request_id": "-", "msg": "The inter_summary_H9X has 4019 records."}
{"ts": "2026-08-24T18:06:30", "level": "INFO", "service": "gis-cities-mtl_fsa_gisoo-h9x", "env": "dev", "logger": "jug_gis_cities.mtl_fsa_gisoo.workflow", "request_id": "-", "msg": "Completed Montreal H9X workflow step: summarize inter nrcan by nrcan id in 0.303s."}
{"ts": "2026-08-24T18:06:30", "level": "INFO", "service": "gis-cities-mtl_fsa_gisoo-h9x", "env": "dev", "logger": "jug_gis_cities.mtl_fsa_gisoo.workflow", "request_id": "-", "msg": "Starting Montreal H9X workflow step: assign inter summary restore group field."}
{"ts": "2026-08-24T18:06:31", "level": "INFO", "service": "gis-cities-mtl_fsa_gisoo-h9x", "env": "dev", "logger": "citygisoo.scrub_layer_class", "request_id": "-", "msg": "Assigned expression values to field restore_group on inter_summary_H9X for 4019 features."}
{"ts": "2026-08-24T18:06:31", "level": "INFO", "service": "gis-cities-mtl_fsa_gisoo-h9x", "env": "dev", "logger": "jug_gis_cities.mtl_fsa_gisoo.workflow", "request_id": "-", "msg": "Completed Montreal H9X workflow step: assign inter summary restore group field in 1.208s."}
{"ts": "2026-08-24T18:06:31", "level": "INFO", "service": "gis-cities-mtl_fsa_gisoo-h9x", "env": "dev", "logger": "jug_gis_cities.mtl_fsa_gisoo.workflow", "request_id": "-", "msg": "Starting Montreal H9X workflow step: assign inter summary restore reason field."}
{"ts": "2026-08-24T18:06:32", "level": "INFO", "service": "gis-cities-mtl_fsa_gisoo-h9x", "env": "dev", "logger": "citygisoo.scrub_layer_class", "request_id": "-", "msg": "Assigned expression values to field restore_reason on inter_summary_H9X for 4019 features."}
{"ts": "2026-08-24T18:06:32", "level": "INFO", "service": "gis-cities-mtl_fsa_gisoo-h9x", "env": "dev", "logger": "jug_gis_cities.mtl_fsa_gisoo.workflow", "request_id": "-", "msg": "Completed Montreal H9X workflow step: assign inter summary restore reason field in 1.232s."}
{"ts": "2026-08-24T18:06:32", "level": "INFO", "service": "gis-cities-mtl_fsa_gisoo-h9x", "env": "dev", "logger": "jug_gis_cities.mtl_fsa_gisoo.workflow", "request_id": "-", "msg": "Starting Montreal H9X workflow step: join inter summary with inter nrcan."}
{"ts": "2026-08-24T18:06:33", "level": "INFO", "service": "gis-cities-mtl_fsa_gisoo-h9x", "env": "dev", "logger": "citygisoo.scrub_layer_class", "request_id": "-", "msg": "Field join of inter_nrcan_H9X with input layer inter_summary_H9X is completed."}
{"ts": "2026-08-24T18:06:33", "level": "INFO", "service": "gis-cities-mtl_fsa_gisoo-h9x", "env": "dev", "logger": "citygisoo.scrub_layer_class", "request_id": "-", "msg": "Loaded layer summary_joined_H9X from D:/GIS/mtl_gisoo_fsa_data\\output_data\\H9X\\summary_joined\\summary_joined.gpkg."}
{"ts": "2026-08-24T18:06:33", "level": "INFO", "service": "gis-cities-mtl_fsa_gisoo-h9x", "env": "dev", "logger": "citygisoo.scrub_layer_class", "request_id": "-", "msg": "Creating spatial index for summary_joined_H9X is completed."}
{"ts": "2026-08-24T18:06:33", "level": "INFO", "service": "gis-cities-mtl_fsa_gisoo-h9x", "env": "dev", "logger": "jug_gis_cities.mtl_fsa_gisoo.workflow", "request_id": "-", "msg": "The summary_joined_H9X has 4828 records."}
{"ts": "2026-08-24T18:06:33", "level": "INFO", "service": "gis-cities-mtl_fsa_gisoo-h9x", "env": "dev", "logger": "jug_gis_cities.mtl_fsa_gisoo.workflow", "request_id": "-", "msg": "Completed Montreal H9X workflow step: join inter summary with inter nrcan in 0.312s."}
{"ts": "2026-08-24T18:06:33", "level": "INFO", "service": "gis-cities-mtl_fsa_gisoo-h9x", "env": "dev", "logger": "jug_gis_cities.mtl_fsa_gisoo.workflow", "request_id": "-", "msg": "Starting Montreal H9X workflow step: extract kept summary joined records."}
{"ts": "2026-08-24T18:06:33", "level": "INFO", "service": "gis-cities-mtl_fsa_gisoo-h9x", "env": "dev", "logger": "citygisoo.geopackage_feature_processor", "request_id": "-", "msg": "Wrote 4253 features from summary_joined_H9X to D:/GIS/mtl_gisoo_fsa_data\\output_data\\H9X\\inter_kept\\inter_kept.gpkg."}
{"ts": "2026-08-24T18:06:33", "level": "INFO", "service": "gis-cities-mtl_fsa_gisoo-h9x", "env": "dev", "logger": "citygisoo.scrub_layer_class", "request_id": "-", "msg": "Loaded layer inter_kept_H9X from D:/GIS/mtl_gisoo_fsa_data\\output_data\\H9X\\inter_kept\\inter_kept.gpkg."}
{"ts": "2026-08-24T18:06:33", "level": "INFO", "service": "gis-cities-mtl_fsa_gisoo-h9x", "env": "dev", "logger": "citygisoo.scrub_layer_class", "request_id": "-", "msg": "Creating spatial index for inter_kept_H9X is completed."}
{"ts": "2026-08-24T18:06:33", "level": "INFO", "service": "gis-cities-mtl_fsa_gisoo-h9x", "env": "dev", "logger": "jug_gis_cities.mtl_fsa_gisoo.workflow", "request_id": "-", "msg": "The inter_kept_H9X has 4253 records."}
{"ts": "2026-08-24T18:06:33", "level": "INFO", "service": "gis-cities-mtl_fsa_gisoo-h9x", "env": "dev", "logger": "jug_gis_cities.mtl_fsa_gisoo.workflow", "request_id": "-", "msg": "Completed Montreal H9X workflow step: extract kept summary joined records in 0.412s."}
{"ts": "2026-08-24T18:06:33", "level": "INFO", "service": "gis-cities-mtl_fsa_gisoo-h9x", "env": "dev", "logger": "jug_gis_cities.mtl_fsa_gisoo.workflow", "request_id": "-", "msg": "Starting Montreal H9X workflow step: join nrcan with inter summary."}
{"ts": "2026-08-24T18:06:33", "level": "INFO", "service": "gis-cities-mtl_fsa_gisoo-h9x", "env": "dev", "logger": "citygisoo.scrub_layer_class", "request_id": "-", "msg": "Field join of nrcan_preserved_fixed_H9X with input layer inter_summary_H9X is completed."}
{"ts": "2026-08-24T18:06:33", "level": "INFO", "service": "gis-cities-mtl_fsa_gisoo-h9x", "env": "dev", "logger": "citygisoo.scrub_layer_class", "request_id": "-", "msg": "Loaded layer nrcan_joined_summary_H9X from D:/GIS/mtl_gisoo_fsa_data\\output_data\\H9X\\nrcan_joined_summary\\nrcan_joined_summary.gpkg."}
{"ts": "2026-08-24T18:06:33", "level": "INFO", "service": "gis-cities-mtl_fsa_gisoo-h9x", "env": "dev", "logger": "citygisoo.scrub_layer_class", "request_id": "-", "msg": "Creating spatial index for nrcan_joined_summary_H9X is completed."}
{"ts": "2026-08-24T18:06:33", "level": "INFO", "service": "gis-cities-mtl_fsa_gisoo-h9x", "env": "dev", "logger": "jug_gis_cities.mtl_fsa_gisoo.workflow", "request_id": "-", "msg": "The nrcan_joined_summary_H9X has 4023 records."}
{"ts": "2026-08-24T18:06:33", "level": "INFO", "service": "gis-cities-mtl_fsa_gisoo-h9x", "env": "dev", "logger": "jug_gis_cities.mtl_fsa_gisoo.workflow", "request_id": "-", "msg": "Completed Montreal H9X workflow step: join nrcan with inter summary in 0.273s."}
{"ts": "2026-08-24T18:06:33", "level": "INFO", "service": "gis-cities-mtl_fsa_gisoo-h9x", "env": "dev", "logger": "jug_gis_cities.mtl_fsa_gisoo.workflow", "request_id": "-", "msg": "Starting Montreal H9X workflow step: extract nrcan restored records."}
{"ts": "2026-08-24T18:06:34", "level": "INFO", "service": "gis-cities-mtl_fsa_gisoo-h9x", "env": "dev", "logger": "citygisoo.geopackage_feature_processor", "request_id": "-", "msg": "Wrote 241 features from nrcan_joined_summary_H9X to D:/GIS/mtl_gisoo_fsa_data\\output_data\\H9X\\nrcan_restored\\nrcan_restored.gpkg."}
{"ts": "2026-08-24T18:06:34", "level": "INFO", "service": "gis-cities-mtl_fsa_gisoo-h9x", "env": "dev", "logger": "citygisoo.scrub_layer_class", "request_id": "-", "msg": "Loaded layer nrcan_restored_H9X from D:/GIS/mtl_gisoo_fsa_data\\output_data\\H9X\\nrcan_restored\\nrcan_restored.gpkg."}
{"ts": "2026-08-24T18:06:34", "level": "INFO", "service": "gis-cities-mtl_fsa_gisoo-h9x", "env": "dev", "logger": "citygisoo.scrub_layer_class", "request_id": "-", "msg": "Creating spatial index for nrcan_restored_H9X is completed."}
{"ts": "2026-08-24T18:06:34", "level": "INFO", "service": "gis-cities-mtl_fsa_gisoo-h9x", "env": "dev", "logger": "jug_gis_cities.mtl_fsa_gisoo.workflow", "request_id": "-", "msg": "The nrcan_restored_H9X has 241 records."}
{"ts": "2026-08-24T18:06:34", "level": "INFO", "service": "gis-cities-mtl_fsa_gisoo-h9x", "env": "dev", "logger": "jug_gis_cities.mtl_fsa_gisoo.workflow", "request_id": "-", "msg": "Completed Montreal H9X workflow step: extract nrcan restored records in 0.141s."}
{"ts": "2026-08-24T18:06:34", "level": "INFO", "service": "gis-cities-mtl_fsa_gisoo-h9x", "env": "dev", "logger": "jug_gis_cities.mtl_fsa_gisoo.workflow", "request_id": "-", "msg": "Starting Montreal H9X workflow step: extract dominant summary joined parts."}
{"ts": "2026-08-24T18:06:34", "level": "INFO", "service": "gis-cities-mtl_fsa_gisoo-h9x", "env": "dev", "logger": "citygisoo.geopackage_feature_processor", "request_id": "-", "msg": "Wrote 241 features from summary_joined_H9X to D:/GIS/mtl_gisoo_fsa_data\\output_data\\H9X\\dominant_parts\\dominant_parts.gpkg."}
{"ts": "2026-08-24T18:06:34", "level": "INFO", "service": "gis-cities-mtl_fsa_gisoo-h9x", "env": "dev", "logger": "citygisoo.scrub_layer_class", "request_id": "-", "msg": "Loaded layer dominant_parts_H9X from D:/GIS/mtl_gisoo_fsa_data\\output_data\\H9X\\dominant_parts\\dominant_parts.gpkg."}
{"ts": "2026-08-24T18:06:34", "level": "INFO", "service": "gis-cities-mtl_fsa_gisoo-h9x", "env": "dev", "logger": "citygisoo.scrub_layer_class", "request_id": "-", "msg": "Creating spatial index for dominant_parts_H9X is completed."}
{"ts": "2026-08-24T18:06:34", "level": "INFO", "service": "gis-cities-mtl_fsa_gisoo-h9x", "env": "dev", "logger": "jug_gis_cities.mtl_fsa_gisoo.workflow", "request_id": "-", "msg": "The dominant_parts_H9X has 241 records."}
{"ts": "2026-08-24T18:06:34", "level": "INFO", "service": "gis-cities-mtl_fsa_gisoo-h9x", "env": "dev", "logger": "jug_gis_cities.mtl_fsa_gisoo.workflow", "request_id": "-", "msg": "Completed Montreal H9X workflow step: extract dominant summary joined parts in 0.164s."}
{"ts": "2026-08-24T18:06:34", "level": "INFO", "service": "gis-cities-mtl_fsa_gisoo-h9x", "env": "dev", "logger": "jug_gis_cities.mtl_fsa_gisoo.workflow", "request_id": "-", "msg": "Starting Montreal H9X workflow step: join nrcan restored with dominant usage id."}
{"ts": "2026-08-24T18:06:34", "level": "INFO", "service": "gis-cities-mtl_fsa_gisoo-h9x", "env": "dev", "logger": "citygisoo.scrub_layer_class", "request_id": "-", "msg": "Field join of nrcan_restored_H9X with input layer dominant_parts_H9X is completed."}
{"ts": "2026-08-24T18:06:34", "level": "INFO", "service": "gis-cities-mtl_fsa_gisoo-h9x", "env": "dev", "logger": "citygisoo.scrub_layer_class", "request_id": "-", "msg": "Loaded layer nrcan_restored_with_usage_id_H9X from D:/GIS/mtl_gisoo_fsa_data\\output_data\\H9X\\nrcan_restored_with_usage_id\\nrcan_restored_with_usage_id.gpkg."}
{"ts": "2026-08-24T18:06:34", "level": "INFO", "service": "gis-cities-mtl_fsa_gisoo-h9x", "env": "dev", "logger": "citygisoo.scrub_layer_class", "request_id": "-", "msg": "Creating spatial index for nrcan_restored_with_usage_id_H9X is completed."}
{"ts": "2026-08-24T18:06:34", "level": "INFO", "service": "gis-cities-mtl_fsa_gisoo-h9x", "env": "dev", "logger": "jug_gis_cities.mtl_fsa_gisoo.workflow", "request_id": "-", "msg": "The nrcan_restored_with_usage_id_H9X has 241 records."}
{"ts": "2026-08-24T18:06:34", "level": "INFO", "service": "gis-cities-mtl_fsa_gisoo-h9x", "env": "dev", "logger": "jug_gis_cities.mtl_fsa_gisoo.workflow", "request_id": "-", "msg": "Completed Montreal H9X workflow step: join nrcan restored with dominant usage id in 0.099s."}
{"ts": "2026-08-24T18:06:34", "level": "INFO", "service": "gis-cities-mtl_fsa_gisoo-h9x", "env": "dev", "logger": "jug_gis_cities.mtl_fsa_gisoo.workflow", "request_id": "-", "msg": "Starting Montreal H9X workflow step: merge kept and restored nrcan intersections."}
{"ts": "2026-08-24T18:06:34", "level": "INFO", "service": "gis-cities-mtl_fsa_gisoo-h9x", "env": "dev", "logger": "citygisoo.scrub_layer_class", "request_id": "-", "msg": "Merged 2 explicit layers into D:/GIS/mtl_gisoo_fsa_data\\output_data\\H9X\\nrcan_intersected\\nrcan_intersected.gpkg."}
{"ts": "2026-08-24T18:06:34", "level": "INFO", "service": "gis-cities-mtl_fsa_gisoo-h9x", "env": "dev", "logger": "citygisoo.scrub_layer_class", "request_id": "-", "msg": "Loaded layer c_nrcan_intersected_H9X from D:/GIS/mtl_gisoo_fsa_data\\output_data\\H9X\\nrcan_intersected\\nrcan_intersected.gpkg."}
{"ts": "2026-08-24T18:06:34", "level": "INFO", "service": "gis-cities-mtl_fsa_gisoo-h9x", "env": "dev", "logger": "citygisoo.scrub_layer_class", "request_id": "-", "msg": "Creating spatial index for c_nrcan_intersected_H9X is completed."}
{"ts": "2026-08-24T18:06:34", "level": "INFO", "service": "gis-cities-mtl_fsa_gisoo-h9x", "env": "dev", "logger": "jug_gis_cities.mtl_fsa_gisoo.workflow", "request_id": "-", "msg": "The c_nrcan_intersected_H9X has 4494 records."}
{"ts": "2026-08-24T18:06:34", "level": "INFO", "service": "gis-cities-mtl_fsa_gisoo-h9x", "env": "dev", "logger": "jug_gis_cities.mtl_fsa_gisoo.workflow", "request_id": "-", "msg": "Completed Montreal H9X workflow step: merge kept and restored nrcan intersections in 0.346s."}
{"ts": "2026-08-24T18:06:34", "level": "INFO", "service": "gis-cities-mtl_fsa_gisoo-h9x", "env": "dev", "logger": "jug_gis_cities.mtl_fsa_gisoo.workflow", "request_id": "-", "msg": "Starting Montreal H9X workflow step: assign nrcan intersected uuid field."}
{"ts": "2026-08-24T18:06:36", "level": "INFO", "service": "gis-cities-mtl_fsa_gisoo-h9x", "env": "dev", "logger": "citygisoo.scrub_layer_class", "request_id": "-", "msg": "Assigned expression values to field nrcan_in_id on c_nrcan_intersected_H9X for 4494 features."}
{"ts": "2026-08-24T18:06:36", "level": "INFO", "service": "gis-cities-mtl_fsa_gisoo-h9x", "env": "dev", "logger": "jug_gis_cities.mtl_fsa_gisoo.workflow", "request_id": "-", "msg": "Completed Montreal H9X workflow step: assign nrcan intersected uuid field in 2.012s."}
{"ts": "2026-08-24T18:06:36", "level": "INFO", "service": "gis-cities-mtl_fsa_gisoo-h9x", "env": "dev", "logger": "jug_gis_cities.mtl_fsa_gisoo.workflow", "request_id": "-", "msg": "Starting Montreal H9X workflow step: create nrcan intersected points."}
{"ts": "2026-08-24T18:06:36", "level": "INFO", "service": "gis-cities-mtl_fsa_gisoo-h9x", "env": "dev", "logger": "citygisoo.scrub_layer_class", "request_id": "-", "msg": "Created point-on-surface layer from c_nrcan_intersected_H9X into D:/GIS/mtl_gisoo_fsa_data\\output_data\\H9X\\nrcan_intersected_points\\nrcan_intersected_points.gpkg."}
{"ts": "2026-08-24T18:06:37", "level": "INFO", "service": "gis-cities-mtl_fsa_gisoo-h9x", "env": "dev", "logger": "citygisoo.scrub_layer_class", "request_id": "-", "msg": "Loaded layer nrcan_intersected_points from D:/GIS/mtl_gisoo_fsa_data\\output_data\\H9X\\nrcan_intersected_points\\nrcan_intersected_points.gpkg."}
{"ts": "2026-08-24T18:06:37", "level": "INFO", "service": "gis-cities-mtl_fsa_gisoo-h9x", "env": "dev", "logger": "citygisoo.scrub_layer_class", "request_id": "-", "msg": "Creating spatial index for nrcan_intersected_points is completed."}
{"ts": "2026-08-24T18:06:37", "level": "INFO", "service": "gis-cities-mtl_fsa_gisoo-h9x", "env": "dev", "logger": "jug_gis_cities.mtl_fsa_gisoo.workflow", "request_id": "-", "msg": "The nrcan_intersected_points has 4494 records."}
{"ts": "2026-08-24T18:06:37", "level": "INFO", "service": "gis-cities-mtl_fsa_gisoo-h9x", "env": "dev", "logger": "jug_gis_cities.mtl_fsa_gisoo.workflow", "request_id": "-", "msg": "Completed Montreal H9X workflow step: create nrcan intersected points in 0.324s."}
{"ts": "2026-08-24T18:06:37", "level": "INFO", "service": "gis-cities-mtl_fsa_gisoo-h9x", "env": "dev", "logger": "jug_gis_cities.mtl_fsa_gisoo.workflow", "request_id": "-", "msg": "Starting Montreal H9X workflow step: spatial join nrcan intersected points with usage roll."}
{"ts": "2026-08-24T18:06:39", "level": "INFO", "service": "gis-cities-mtl_fsa_gisoo-h9x", "env": "dev", "logger": "citygisoo.scrub_layer_class", "request_id": "-", "msg": "Spatial join with input layer nrcan_intersected_points, predicate within, method one-to-many, and prefix ur_ is completed."}
{"ts": "2026-08-24T18:06:39", "level": "INFO", "service": "gis-cities-mtl_fsa_gisoo-h9x", "env": "dev", "logger": "citygisoo.scrub_layer_class", "request_id": "-", "msg": "Loaded layer nrcan_in_usage_roll_points_H9X from D:/GIS/mtl_gisoo_fsa_data\\output_data\\H9X\\nrcan_in_usage_roll_points\\nrcan_in_usage_roll_points.gpkg."}
{"ts": "2026-08-24T18:06:39", "level": "INFO", "service": "gis-cities-mtl_fsa_gisoo-h9x", "env": "dev", "logger": "citygisoo.scrub_layer_class", "request_id": "-", "msg": "Creating spatial index for nrcan_in_usage_roll_points_H9X is completed."}
{"ts": "2026-08-24T18:06:39", "level": "INFO", "service": "gis-cities-mtl_fsa_gisoo-h9x", "env": "dev", "logger": "jug_gis_cities.mtl_fsa_gisoo.workflow", "request_id": "-", "msg": "The nrcan_in_usage_roll_points_H9X has 11594 records."}
{"ts": "2026-08-24T18:06:39", "level": "INFO", "service": "gis-cities-mtl_fsa_gisoo-h9x", "env": "dev", "logger": "jug_gis_cities.mtl_fsa_gisoo.workflow", "request_id": "-", "msg": "Completed Montreal H9X workflow step: spatial join nrcan intersected points with usage roll in 2.616s."}
{"ts": "2026-08-24T18:06:39", "level": "INFO", "service": "gis-cities-mtl_fsa_gisoo-h9x", "env": "dev", "logger": "jug_gis_cities.mtl_fsa_gisoo.workflow", "request_id": "-", "msg": "Starting Montreal H9X workflow step: restore nrcan geometry on usage roll points."}
{"ts": "2026-08-24T18:06:50", "level": "INFO", "service": "gis-cities-mtl_fsa_gisoo-h9x", "env": "dev", "logger": "citygisoo.scrub_layer_class", "request_id": "-", "msg": "Created geometry-by-expression layer from nrcan_in_usage_roll_points_H9X into D:/GIS/mtl_gisoo_fsa_data\\output_data\\H9X\\nrcan_usage_roll_with_missing\\nrcan_usage_roll_with_missing.gpkg."}
{"ts": "2026-08-24T18:06:50", "level": "INFO", "service": "gis-cities-mtl_fsa_gisoo-h9x", "env": "dev", "logger": "citygisoo.scrub_layer_class", "request_id": "-", "msg": "Loaded layer nrcan_usage_roll_with_missing from D:/GIS/mtl_gisoo_fsa_data\\output_data\\H9X\\nrcan_usage_roll_with_missing\\nrcan_usage_roll_with_missing.gpkg."}
{"ts": "2026-08-24T18:06:50", "level": "INFO", "service": "gis-cities-mtl_fsa_gisoo-h9x", "env": "dev", "logger": "citygisoo.scrub_layer_class", "request_id": "-", "msg": "Creating spatial index for nrcan_usage_roll_with_missing is completed."}
{"ts": "2026-08-24T18:06:50", "level": "INFO", "service": "gis-cities-mtl_fsa_gisoo-h9x", "env": "dev", "logger": "jug_gis_cities.mtl_fsa_gisoo.workflow", "request_id": "-", "msg": "The nrcan_usage_roll_with_missing has 11594 records."}
{"ts": "2026-08-24T18:06:50", "level": "INFO", "service": "gis-cities-mtl_fsa_gisoo-h9x", "env": "dev", "logger": "jug_gis_cities.mtl_fsa_gisoo.workflow", "request_id": "-", "msg": "Completed Montreal H9X workflow step: restore nrcan geometry on usage roll points in 11.196s."}
{"ts": "2026-08-24T18:06:50", "level": "INFO", "service": "gis-cities-mtl_fsa_gisoo-h9x", "env": "dev", "logger": "jug_gis_cities.mtl_fsa_gisoo.workflow", "request_id": "-", "msg": "Starting Montreal H9X workflow step: extract usage roll missing nrcan geometry."}
{"ts": "2026-08-24T18:06:51", "level": "INFO", "service": "gis-cities-mtl_fsa_gisoo-h9x", "env": "dev", "logger": "citygisoo.geopackage_feature_processor", "request_id": "-", "msg": "Extracted 600 features from usage_roll_all_H9X by membership of id_provinc in nrcan_usage_roll_with_missing.ur_id_provinc."}
{"ts": "2026-08-24T18:06:51", "level": "INFO", "service": "gis-cities-mtl_fsa_gisoo-h9x", "env": "dev", "logger": "citygisoo.geopackage_feature_processor", "request_id": "-", "msg": "Wrote 600 features from usage_roll_all_H9X to D:/GIS/mtl_gisoo_fsa_data\\output_data\\H9X\\usage_roll_all_only\\usage_roll_all_only.gpkg."}
{"ts": "2026-08-24T18:06:51", "level": "INFO", "service": "gis-cities-mtl_fsa_gisoo-h9x", "env": "dev", "logger": "citygisoo.scrub_layer_class", "request_id": "-", "msg": "Loaded layer usage_roll_all_only_H9X from D:/GIS/mtl_gisoo_fsa_data\\output_data\\H9X\\usage_roll_all_only\\usage_roll_all_only.gpkg."}
{"ts": "2026-08-24T18:06:51", "level": "INFO", "service": "gis-cities-mtl_fsa_gisoo-h9x", "env": "dev", "logger": "citygisoo.scrub_layer_class", "request_id": "-", "msg": "Creating spatial index for usage_roll_all_only_H9X is completed."}
{"ts": "2026-08-24T18:06:51", "level": "INFO", "service": "gis-cities-mtl_fsa_gisoo-h9x", "env": "dev", "logger": "jug_gis_cities.mtl_fsa_gisoo.workflow", "request_id": "-", "msg": "The usage_roll_all_only_H9X has 600 records."}
{"ts": "2026-08-24T18:06:51", "level": "INFO", "service": "gis-cities-mtl_fsa_gisoo-h9x", "env": "dev", "logger": "jug_gis_cities.mtl_fsa_gisoo.workflow", "request_id": "-", "msg": "Completed Montreal H9X workflow step: extract usage roll missing nrcan geometry in 0.582s."}
{"ts": "2026-08-24T18:06:51", "level": "INFO", "service": "gis-cities-mtl_fsa_gisoo-h9x", "env": "dev", "logger": "jug_gis_cities.mtl_fsa_gisoo.workflow", "request_id": "-", "msg": "Starting Montreal H9X workflow step: merge nrcan usage roll layers."}
{"ts": "2026-08-24T18:06:59", "level": "INFO", "service": "gis-cities-mtl_fsa_gisoo-h9x", "env": "dev", "logger": "citygisoo.scrub_layer_class", "request_id": "-", "msg": "Merged 2 explicit layers into D:/GIS/mtl_gisoo_fsa_data\\output_data\\H9X\\nrcan_usage_roll\\nrcan_usage_roll.gpkg."}
{"ts": "2026-08-24T18:06:59", "level": "INFO", "service": "gis-cities-mtl_fsa_gisoo-h9x", "env": "dev", "logger": "citygisoo.scrub_layer_class", "request_id": "-", "msg": "Loaded layer nrcan_usage_roll_H9X from D:/GIS/mtl_gisoo_fsa_data\\output_data\\H9X\\nrcan_usage_roll\\nrcan_usage_roll.gpkg."}
{"ts": "2026-08-24T18:06:59", "level": "INFO", "service": "gis-cities-mtl_fsa_gisoo-h9x", "env": "dev", "logger": "citygisoo.scrub_layer_class", "request_id": "-", "msg": "Creating spatial index for nrcan_usage_roll_H9X is completed."}
{"ts": "2026-08-24T18:06:59", "level": "INFO", "service": "gis-cities-mtl_fsa_gisoo-h9x", "env": "dev", "logger": "jug_gis_cities.mtl_fsa_gisoo.workflow", "request_id": "-", "msg": "The nrcan_usage_roll_H9X has 12194 records."}
{"ts": "2026-08-24T18:06:59", "level": "INFO", "service": "gis-cities-mtl_fsa_gisoo-h9x", "env": "dev", "logger": "jug_gis_cities.mtl_fsa_gisoo.workflow", "request_id": "-", "msg": "Completed Montreal H9X workflow step: merge nrcan usage roll layers in 7.950s."}
{"ts": "2026-08-24T18:06:59", "level": "INFO", "service": "gis-cities-mtl_fsa_gisoo-h9x", "env": "dev", "logger": "jug_gis_cities.mtl_fsa_gisoo.workflow", "request_id": "-", "msg": "Starting Montreal H9X workflow step: assign nrcan usage roll FSA field."}
{"ts": "2026-08-24T18:07:13", "level": "INFO", "service": "gis-cities-mtl_fsa_gisoo-h9x", "env": "dev", "logger": "citygisoo.scrub_layer_class", "request_id": "-", "msg": "Assigned expression values to field FSA on nrcan_usage_roll_H9X for 12194 features."}
{"ts": "2026-08-24T18:07:13", "level": "INFO", "service": "gis-cities-mtl_fsa_gisoo-h9x", "env": "dev", "logger": "jug_gis_cities.mtl_fsa_gisoo.workflow", "request_id": "-", "msg": "Completed Montreal H9X workflow step: assign nrcan usage roll FSA field in 13.751s."}
{"ts": "2026-08-24T18:07:13", "level": "INFO", "service": "gis-cities-mtl_fsa_gisoo-h9x", "env": "dev", "logger": "jug_gis_cities.mtl_fsa_gisoo.workflow", "request_id": "-", "msg": "Starting Montreal H9X workflow step: assign nrcan usage roll citygisoo id field."}
{"ts": "2026-08-24T18:07:26", "level": "INFO", "service": "gis-cities-mtl_fsa_gisoo-h9x", "env": "dev", "logger": "citygisoo.scrub_layer_class", "request_id": "-", "msg": "Assigned expression values to field citygisoo_id on nrcan_usage_roll_H9X for 12194 features."}
{"ts": "2026-08-24T18:07:26", "level": "INFO", "service": "gis-cities-mtl_fsa_gisoo-h9x", "env": "dev", "logger": "jug_gis_cities.mtl_fsa_gisoo.workflow", "request_id": "-", "msg": "Completed Montreal H9X workflow step: assign nrcan usage roll citygisoo id field in 13.849s."}
{"ts": "2026-08-24T18:07:26", "level": "INFO", "service": "gis-cities-mtl_fsa_gisoo-h9x", "env": "dev", "logger": "jug_gis_cities.mtl_fsa_gisoo.workflow", "request_id": "-", "msg": "Starting Montreal H9X workflow step: assign nrcan usage roll citygisoo area field."}
{"ts": "2026-08-24T18:07:28", "level": "INFO", "service": "gis-cities-mtl_fsa_gisoo-h9x", "env": "dev", "logger": "citygisoo.geopackage_feature_processor", "request_id": "-", "msg": "Assigned Python-calculated values to field citygisoo_area on nrcan_usage_roll_H9X for 12194 features."}
{"ts": "2026-08-24T18:07:28", "level": "INFO", "service": "gis-cities-mtl_fsa_gisoo-h9x", "env": "dev", "logger": "jug_gis_cities.mtl_fsa_gisoo.workflow", "request_id": "-", "msg": "Completed Montreal H9X workflow step: assign nrcan usage roll citygisoo area field in 1.353s."}
{"ts": "2026-08-24T18:07:28", "level": "INFO", "service": "gis-cities-mtl_fsa_gisoo-h9x", "env": "dev", "logger": "jug_gis_cities.mtl_fsa_gisoo.workflow", "request_id": "-", "msg": "Starting Montreal H9X workflow step: assign nrcan usage roll processing tool field."}
{"ts": "2026-08-24T18:07:41", "level": "INFO", "service": "gis-cities-mtl_fsa_gisoo-h9x", "env": "dev", "logger": "citygisoo.scrub_layer_class", "request_id": "-", "msg": "Assigned expression values to field processing_tool on nrcan_usage_roll_H9X for 12194 features."}
{"ts": "2026-08-24T18:07:41", "level": "INFO", "service": "gis-cities-mtl_fsa_gisoo-h9x", "env": "dev", "logger": "jug_gis_cities.mtl_fsa_gisoo.workflow", "request_id": "-", "msg": "Completed Montreal H9X workflow step: assign nrcan usage roll processing tool field in 13.399s."}
{"ts": "2026-08-24T18:07:41", "level": "INFO", "service": "gis-cities-mtl_fsa_gisoo-h9x", "env": "dev", "logger": "jug_gis_cities.mtl_fsa_gisoo.workflow", "request_id": "-", "msg": "Starting Montreal H9X workflow step: assign nrcan usage roll processed by field."}
{"ts": "2026-08-24T18:07:55", "level": "INFO", "service": "gis-cities-mtl_fsa_gisoo-h9x", "env": "dev", "logger": "citygisoo.scrub_layer_class", "request_id": "-", "msg": "Assigned expression values to field processed_by on nrcan_usage_roll_H9X for 12194 features."}
{"ts": "2026-08-24T18:07:55", "level": "INFO", "service": "gis-cities-mtl_fsa_gisoo-h9x", "env": "dev", "logger": "jug_gis_cities.mtl_fsa_gisoo.workflow", "request_id": "-", "msg": "Completed Montreal H9X workflow step: assign nrcan usage roll processed by field in 13.574s."}
{"ts": "2026-08-24T18:07:55", "level": "INFO", "service": "gis-cities-mtl_fsa_gisoo-h9x", "env": "dev", "logger": "jug_gis_cities.mtl_fsa_gisoo.workflow", "request_id": "-", "msg": "Starting Montreal H9X workflow step: create finalized GISOO layer."}
{"ts": "2026-08-24T18:07:57", "level": "INFO", "service": "gis-cities-mtl_fsa_gisoo-h9x", "env": "dev", "logger": "citygisoo.geopackage_feature_processor", "request_id": "-", "msg": "Wrote 12194 features from nrcan_usage_roll_H9X to D:/GIS/mtl_gisoo_fsa_data\\output_data\\H9X\\mtl_H9X_gisoo\\mtl_H9X_gisoo.gpkg."}
{"ts": "2026-08-24T18:07:57", "level": "INFO", "service": "gis-cities-mtl_fsa_gisoo-h9x", "env": "dev", "logger": "citygisoo.scrub_layer_class", "request_id": "-", "msg": "Loaded layer mtl_H9X_gisoo from D:/GIS/mtl_gisoo_fsa_data\\output_data\\H9X\\mtl_H9X_gisoo\\mtl_H9X_gisoo.gpkg."}
{"ts": "2026-08-24T18:07:57", "level": "INFO", "service": "gis-cities-mtl_fsa_gisoo-h9x", "env": "dev", "logger": "citygisoo.scrub_layer_class", "request_id": "-", "msg": "Creating spatial index for mtl_H9X_gisoo is completed."}
{"ts": "2026-08-24T18:07:57", "level": "INFO", "service": "gis-cities-mtl_fsa_gisoo-h9x", "env": "dev", "logger": "jug_gis_cities.mtl_fsa_gisoo.workflow", "request_id": "-", "msg": "The mtl_H9X_gisoo has 12194 records."}
{"ts": "2026-08-24T18:07:57", "level": "INFO", "service": "gis-cities-mtl_fsa_gisoo-h9x", "env": "dev", "logger": "jug_gis_cities.mtl_fsa_gisoo.workflow", "request_id": "-", "msg": "Completed Montreal H9X workflow step: create finalized GISOO layer in 2.347s."}
{"ts": "2026-08-24T18:07:57", "level": "INFO", "service": "gis-cities-mtl_fsa_gisoo-h9x", "env": "dev", "logger": "jug_gis_cities.mtl_fsa_gisoo.workflow", "request_id": "-", "msg": "Completed Montreal FSA GISOO workflow. FSA=H9X Output=D:/GIS/mtl_gisoo_fsa_data\\output_data\\H9X\\mtl_H9X_gisoo\\mtl_H9X_gisoo.gpkg Elapsed=108.294s"}
{"ts": "2026-08-24T18:07:57", "level": "INFO", "service": "gis-cities-mtl_fsa_gisoo-h9x", "env": "dev", "logger": "jug_gis_cities.application.jug_gis_cities", "request_id": "-", "msg": "Running GIS city component callable with FSA. Component=mtl_fsa_gisoo Callable=contract_adapter.run_contract_adapter FSA=H9X"}
{"ts": "2026-08-24T18:07:57", "level": "INFO", "service": "gis-cities-mtl_fsa_gisoo-h9x", "env": "dev", "logger": "jug_gis_cities.mtl_fsa_gisoo.contract_adapter", "request_id": "-", "msg": "Starting Montreal FSA contract adapter. FSA=H9X Input=D:/GIS/mtl_gisoo_fsa_data\\output_data\\H9X\\mtl_H9X_gisoo\\mtl_H9X_gisoo.gpkg Output=D:/GIS/mtl_gisoo_fsa_data\\output_data\\H9X\\mtl_H9X_gisoo_standardized\\mtl_H9X_gisoo_standardized.geojson"}
{"ts": "2026-08-24T18:07:57", "level": "INFO", "service": "gis-cities-mtl_fsa_gisoo-h9x", "env": "dev", "logger": "citygisoo.building_contract_adapter", "request_id": "-", "msg": "Starting building contract adapter. Input=D:/GIS/mtl_gisoo_fsa_data\\output_data\\H9X\\mtl_H9X_gisoo\\mtl_H9X_gisoo.gpkg Output=D:/GIS/mtl_gisoo_fsa_data\\output_data\\H9X\\mtl_H9X_gisoo_standardized\\mtl_H9X_gisoo_standardized.geojson"}
{"ts": "2026-08-24T18:07:57", "level": "INFO", "service": "gis-cities-mtl_fsa_gisoo-h9x", "env": "dev", "logger": "citygisoo.scrub_layer_class", "request_id": "-", "msg": "Loaded layer mtl_H9X_gisoo from D:/GIS/mtl_gisoo_fsa_data\\output_data\\H9X\\mtl_H9X_gisoo\\mtl_H9X_gisoo.gpkg."}
{"ts": "2026-08-24T18:07:57", "level": "INFO", "service": "gis-cities-mtl_fsa_gisoo-h9x", "env": "dev", "logger": "citygisoo.field_schema_manager", "request_id": "-", "msg": "Refactoring 21 fields from layer mtl_H9X_gisoo into D:/GIS/mtl_gisoo_fsa_data\\output_data\\H9X\\mtl_H9X_gisoo_standardized\\mtl_H9X_gisoo_standardized.geojson in one operation."}
{"ts": "2026-08-24T18:08:01", "level": "INFO", "service": "gis-cities-mtl_fsa_gisoo-h9x", "env": "dev", "logger": "citygisoo.scrub_layer_class", "request_id": "-", "msg": "Loaded layer mtl_H9X_gisoo_standardized from D:/GIS/mtl_gisoo_fsa_data\\output_data\\H9X\\mtl_H9X_gisoo_standardized\\mtl_H9X_gisoo_standardized.geojson."}
{"ts": "2026-08-24T18:08:01", "level": "INFO", "service": "gis-cities-mtl_fsa_gisoo-h9x", "env": "dev", "logger": "citygisoo.field_schema_manager", "request_id": "-", "msg": "Standardized fields for layer mtl_H9X_gisoo_standardized."}
{"ts": "2026-08-24T18:08:01", "level": "INFO", "service": "gis-cities-mtl_fsa_gisoo-h9x", "env": "dev", "logger": "citygisoo.building_contract_adapter", "request_id": "-", "msg": "Skipping null-feature deletion because no non-null contract fields were configured."}
{"ts": "2026-08-24T18:08:01", "level": "WARNING", "service": "gis-cities-mtl_fsa_gisoo-h9x", "env": "dev", "logger": "py.warnings", "request_id": "-", "msg": "C:\\Users\\a_adli\\docker_projects\\sabu\\libs\\citygisoo\\src\\citygisoo\\field_schema_manager.py:696: DeprecationWarning: QgsField constructor is deprecated\n  new_field = QgsField(field_name, QVariant.Int)\n"}
{"ts": "2026-08-24T18:08:05", "level": "INFO", "service": "gis-cities-mtl_fsa_gisoo-h9x", "env": "dev", "logger": "citygisoo.field_schema_manager", "request_id": "-", "msg": "Assigned 12194 ID values to field id on layer mtl_H9X_gisoo_standardized."}
{"ts": "2026-08-24T18:08:08", "level": "INFO", "service": "gis-cities-mtl_fsa_gisoo-h9x", "env": "dev", "logger": "citygisoo.field_schema_manager", "request_id": "-", "msg": "Promoted property id to feature-level ID for layer mtl_H9X_gisoo_standardized."}
{"ts": "2026-08-24T18:08:08", "level": "INFO", "service": "gis-cities-mtl_fsa_gisoo-h9x", "env": "dev", "logger": "citygisoo.building_contract_adapter", "request_id": "-", "msg": "Completed building contract adapter. GeoJSON output=D:/GIS/mtl_gisoo_fsa_data\\output_data\\H9X\\mtl_H9X_gisoo_standardized\\mtl_H9X_gisoo_standardized.geojson"}
{"ts": "2026-08-24T18:08:08", "level": "INFO", "service": "gis-cities-mtl_fsa_gisoo-h9x", "env": "dev", "logger": "jug_gis_cities.mtl_fsa_gisoo.contract_adapter", "request_id": "-", "msg": "Completed Montreal FSA contract adapter. FSA=H9X Output=D:/GIS/mtl_gisoo_fsa_data\\output_data\\H9X\\mtl_H9X_gisoo_standardized\\mtl_H9X_gisoo_standardized.geojson Elapsed=10.413s"}
{"ts": "2026-08-24T18:08:08", "level": "INFO", "service": "gis-cities-mtl_fsa_gisoo-h9x", "env": "dev", "logger": "jug_gis_cities.application.jug_gis_cities", "request_id": "-", "msg": "Completed GIS city component. Component=mtl_fsa_gisoo Mode=standardize FSA=H9X WorkflowOutput=D:/GIS/mtl_gisoo_fsa_data\\output_data\\H9X\\mtl_H9X_gisoo\\mtl_H9X_gisoo.gpkg StandardizedOutput=D:/GIS/mtl_gisoo_fsa_data\\output_data\\H9X\\mtl_H9X_gisoo_standardized\\mtl_H9X_gisoo_standardized.geojson Cleaned=0 Elapsed=118.973s"}
{"ts": "2026-08-24T18:08:08", "level": "INFO", "service": "gis-cities-mtl_fsa_gisoo-h9x", "env": "dev", "logger": "jug_gis_cities.application.jug_gis_cities", "request_id": "-", "msg": "Disposable GIS component worker shut down QGIS."}
{"ts": "2026-08-24T18:08:08", "level": "INFO", "service": "gis-cities-mtl_fsa_gisoo-h9x", "env": "dev", "logger": "jug_gis_cities.application.jug_gis_cities", "request_id": "-", "msg": "Running GIS city component callable with FSA. Component=mtl_fsa_gisoo Callable=output_cleanup.cleanup_outputs FSA=H9X"}
{"ts": "2026-08-24T18:08:08", "level": "INFO", "service": "gis-cities-mtl_fsa_gisoo-h9x", "env": "dev", "logger": "jug_gis_cities.mtl_fsa_gisoo.output_cleanup", "request_id": "-", "msg": "Cleaned Montreal FSA workflow outputs. FSA=H9X Deleted=32 Retained=['fsa_boundary', 'mtl_{fsa}_gisoo', 'nrcan_fixed', 'roll', 'usage_fixed']"}
{"ts": "2026-08-24T18:08:08", "level": "INFO", "service": "gis-cities-mtl_fsa_gisoo-h9x", "env": "dev", "logger": "jug_gis_cities.application.jug_gis_cities", "request_id": "-", "msg": "Completed isolated GIS city component. Component=mtl_fsa_gisoo Mode=standardize FSA=H9X Cleaned=32 Elapsed=120.466s"}
{"ts": "2026-09-02T16:47:45", "level": "INFO", "service": "gis-cities-mtl_fsa_gisoo-h9x", "env": "dev", "logger": "jug_gis_cities.application.jug_gis_cities", "request_id": "-", "msg": "Starting GIS city component. Component=mtl_fsa_gisoo Mode=standardize FSA=H9X"}
{"ts": "2026-09-02T16:47:45", "level": "INFO", "service": "gis-cities-mtl_fsa_gisoo-h9x", "env": "dev", "logger": "jug_gis_cities.application.jug_gis_cities", "request_id": "-", "msg": "Running GIS city component callable with FSA. Component=mtl_fsa_gisoo Callable=workflow.run_workflow FSA=H9X"}
{"ts": "2026-09-02T16:47:45", "level": "INFO", "service": "gis-cities-mtl_fsa_gisoo-h9x", "env": "dev", "logger": "jug_gis_cities.mtl_fsa_gisoo.workflow", "request_id": "-", "msg": "Starting Montreal FSA GISOO workflow. FSA=H9X Output directory=D:/GIS/mtl_gisoo_fsa_data\\output_data\\H9X"}
{"ts": "2026-09-02T16:47:45", "level": "INFO", "service": "gis-cities-mtl_fsa_gisoo-h9x", "env": "dev", "logger": "jug_gis_cities.mtl_fsa_gisoo.workflow", "request_id": "-", "msg": "Starting Montreal H9X workflow step: prepare output folders."}
{"ts": "2026-09-02T16:47:45", "level": "INFO", "service": "gis-cities-mtl_fsa_gisoo-h9x", "env": "dev", "logger": "jug_gis_cities.mtl_fsa_gisoo.workflow", "request_id": "-", "msg": "Completed Montreal H9X workflow step: prepare output folders in 0.009s."}
{"ts": "2026-09-02T16:47:45", "level": "INFO", "service": "gis-cities-mtl_fsa_gisoo-h9x", "env": "dev", "logger": "jug_gis_cities.mtl_fsa_gisoo.workflow", "request_id": "-", "msg": "Starting Montreal H9X workflow step: load input layers."}
{"ts": "2026-09-02T16:47:46", "level": "INFO", "service": "gis-cities-mtl_fsa_gisoo-h9x", "env": "dev", "logger": "citygisoo.scrub_layer_class", "request_id": "-", "msg": "Loaded layer roll_mtl from D:/GIS/mtl_gisoo_fsa_data\\input_data\\mtl_role_2025_unit_eval_et_address_geopackage\\mtl_island_role_2025_unit_eval_et_address.gpkg."}
{"ts": "2026-09-02T16:47:46", "level": "INFO", "service": "gis-cities-mtl_fsa_gisoo-h9x", "env": "dev", "logger": "citygisoo.scrub_layer_class", "request_id": "-", "msg": "Loaded layer nrcan_mtl from D:/GIS/mtl_gisoo_fsa_data\\input_data\\mtl_auto_with_heights\\mtl_auto_with_heights.gpkg."}
{"ts": "2026-09-02T16:47:46", "level": "INFO", "service": "gis-cities-mtl_fsa_gisoo-h9x", "env": "dev", "logger": "citygisoo.scrub_layer_class", "request_id": "-", "msg": "Loaded layer nrcan_preserved_mtl from D:/GIS/mtl_gisoo_fsa_data\\input_data\\mtl_auto_with_heights_preserved\\mtl_auto_with_heights_preserved.gpkg."}
{"ts": "2026-09-02T16:47:46", "level": "INFO", "service": "gis-cities-mtl_fsa_gisoo-h9x", "env": "dev", "logger": "citygisoo.scrub_layer_class", "request_id": "-", "msg": "Loaded layer usage_mtl from D:/GIS/mtl_gisoo_fsa_data\\input_data\\mamh_usage_predo_2026_gpkg\\mamh_usage_predo_2026_s_poly.gpkg."}
{"ts": "2026-09-02T16:47:46", "level": "INFO", "service": "gis-cities-mtl_fsa_gisoo-h9x", "env": "dev", "logger": "citygisoo.scrub_layer_class", "request_id": "-", "msg": "Loaded layer usage_dup_mtl from D:/GIS/mtl_gisoo_fsa_data\\input_data\\mamh_usage_predo_2026_gpkg_dup\\mamh_usage_predo_2026_dup.gpkg."}
{"ts": "2026-09-02T16:47:46", "level": "INFO", "service": "gis-cities-mtl_fsa_gisoo-h9x", "env": "dev", "logger": "citygisoo.scrub_layer_class", "request_id": "-", "msg": "Loaded layer fsa_boundaries from D:/GIS/mtl_gisoo_fsa_data\\input_data\\mtl_island_fsa_boundaries\\mtl_island_fsa_boundaries_dmti_2025.gpkg."}
{"ts": "2026-09-02T16:47:46", "level": "INFO", "service": "gis-cities-mtl_fsa_gisoo-h9x", "env": "dev", "logger": "jug_gis_cities.mtl_fsa_gisoo.workflow", "request_id": "-", "msg": "The roll_mtl has 510932 records."}
{"ts": "2026-09-02T16:47:46", "level": "INFO", "service": "gis-cities-mtl_fsa_gisoo-h9x", "env": "dev", "logger": "jug_gis_cities.mtl_fsa_gisoo.workflow", "request_id": "-", "msg": "The nrcan_mtl has 221563 records."}
{"ts": "2026-09-02T16:47:46", "level": "INFO", "service": "gis-cities-mtl_fsa_gisoo-h9x", "env": "dev", "logger": "jug_gis_cities.mtl_fsa_gisoo.workflow", "request_id": "-", "msg": "The nrcan_preserved_mtl has 221563 records."}
{"ts": "2026-09-02T16:47:46", "level": "INFO", "service": "gis-cities-mtl_fsa_gisoo-h9x", "env": "dev", "logger": "jug_gis_cities.mtl_fsa_gisoo.workflow", "request_id": "-", "msg": "The usage_mtl has 553621 records."}
{"ts": "2026-09-02T16:47:46", "level": "INFO", "service": "gis-cities-mtl_fsa_gisoo-h9x", "env": "dev", "logger": "jug_gis_cities.mtl_fsa_gisoo.workflow", "request_id": "-", "msg": "The usage_dup_mtl has 553621 records."}
{"ts": "2026-09-02T16:47:46", "level": "INFO", "service": "gis-cities-mtl_fsa_gisoo-h9x", "env": "dev", "logger": "jug_gis_cities.mtl_fsa_gisoo.workflow", "request_id": "-", "msg": "The fsa_boundaries has 99 records."}
{"ts": "2026-09-02T16:47:46", "level": "INFO", "service": "gis-cities-mtl_fsa_gisoo-h9x", "env": "dev", "logger": "jug_gis_cities.mtl_fsa_gisoo.workflow", "request_id": "-", "msg": "Completed Montreal H9X workflow step: load input layers in 0.124s."}
{"ts": "2026-09-02T16:47:46", "level": "INFO", "service": "gis-cities-mtl_fsa_gisoo-h9x", "env": "dev", "logger": "jug_gis_cities.mtl_fsa_gisoo.workflow", "request_id": "-", "msg": "Starting Montreal H9X workflow step: extract FSA boundary."}
{"ts": "2026-09-02T16:47:46", "level": "INFO", "service": "gis-cities-mtl_fsa_gisoo-h9x", "env": "dev", "logger": "citygisoo.scrub_layer_class", "request_id": "-", "msg": "Extracted features from fsa_boundaries where g_fsa = H9X into D:/GIS/mtl_gisoo_fsa_data\\output_data\\H9X\\fsa_boundary\\fsa_boundary.gpkg."}
{"ts": "2026-09-02T16:47:46", "level": "INFO", "service": "gis-cities-mtl_fsa_gisoo-h9x", "env": "dev", "logger": "citygisoo.scrub_layer_class", "request_id": "-", "msg": "Loaded layer fsa_boundary_H9X from D:/GIS/mtl_gisoo_fsa_data\\output_data\\H9X\\fsa_boundary\\fsa_boundary.gpkg."}
{"ts": "2026-09-02T16:47:46", "level": "INFO", "service": "gis-cities-mtl_fsa_gisoo-h9x", "env": "dev", "logger": "citygisoo.scrub_layer_class", "request_id": "-", "msg": "Creating spatial index for fsa_boundary_H9X is completed."}
{"ts": "2026-09-02T16:47:46", "level": "INFO", "service": "gis-cities-mtl_fsa_gisoo-h9x", "env": "dev", "logger": "jug_gis_cities.mtl_fsa_gisoo.workflow", "request_id": "-", "msg": "The fsa_boundary_H9X has 1 records."}
{"ts": "2026-09-02T16:47:46", "level": "INFO", "service": "gis-cities-mtl_fsa_gisoo-h9x", "env": "dev", "logger": "jug_gis_cities.mtl_fsa_gisoo.workflow", "request_id": "-", "msg": "Completed Montreal H9X workflow step: extract FSA boundary in 0.065s."}
{"ts": "2026-09-02T16:47:46", "level": "INFO", "service": "gis-cities-mtl_fsa_gisoo-h9x", "env": "dev", "logger": "jug_gis_cities.mtl_fsa_gisoo.workflow", "request_id": "-", "msg": "Starting Montreal H9X workflow step: clip input layers to FSA boundary."}
{"ts": "2026-09-02T16:47:46", "level": "INFO", "service": "gis-cities-mtl_fsa_gisoo-h9x", "env": "dev", "logger": "citygisoo.scrub_layer_class", "request_id": "-", "msg": "Clipping of nrcan_mtl is completed."}
{"ts": "2026-09-02T16:47:46", "level": "INFO", "service": "gis-cities-mtl_fsa_gisoo-h9x", "env": "dev", "logger": "citygisoo.scrub_layer_class", "request_id": "-", "msg": "Loaded layer nrcan_clipped_H9X from D:/GIS/mtl_gisoo_fsa_data\\output_data\\H9X\\nrcan\\nrcan.gpkg."}
{"ts": "2026-09-02T16:47:46", "level": "INFO", "service": "gis-cities-mtl_fsa_gisoo-h9x", "env": "dev", "logger": "citygisoo.scrub_layer_class", "request_id": "-", "msg": "Creating spatial index for nrcan_clipped_H9X is completed."}
{"ts": "2026-09-02T16:47:46", "level": "INFO", "service": "gis-cities-mtl_fsa_gisoo-h9x", "env": "dev", "logger": "jug_gis_cities.mtl_fsa_gisoo.workflow", "request_id": "-", "msg": "The nrcan_clipped_H9X has 4023 records."}
{"ts": "2026-09-02T16:47:47", "level": "INFO", "service": "gis-cities-mtl_fsa_gisoo-h9x", "env": "dev", "logger": "citygisoo.scrub_layer_class", "request_id": "-", "msg": "Clipping of nrcan_preserved_mtl is completed."}
{"ts": "2026-09-02T16:47:47", "level": "INFO", "service": "gis-cities-mtl_fsa_gisoo-h9x", "env": "dev", "logger": "citygisoo.scrub_layer_class", "request_id": "-", "msg": "Loaded layer nrcan_preserved_H9X from D:/GIS/mtl_gisoo_fsa_data\\output_data\\H9X\\nrcan_preserved\\nrcan_preserved.gpkg."}
{"ts": "2026-09-02T16:47:47", "level": "INFO", "service": "gis-cities-mtl_fsa_gisoo-h9x", "env": "dev", "logger": "citygisoo.scrub_layer_class", "request_id": "-", "msg": "Creating spatial index for nrcan_preserved_H9X is completed."}
{"ts": "2026-09-02T16:47:47", "level": "INFO", "service": "gis-cities-mtl_fsa_gisoo-h9x", "env": "dev", "logger": "jug_gis_cities.mtl_fsa_gisoo.workflow", "request_id": "-", "msg": "The nrcan_preserved_H9X has 4023 records."}
{"ts": "2026-09-02T16:47:47", "level": "INFO", "service": "gis-cities-mtl_fsa_gisoo-h9x", "env": "dev", "logger": "citygisoo.scrub_layer_class", "request_id": "-", "msg": "Clipping of roll_mtl is completed."}
{"ts": "2026-09-02T16:47:47", "level": "INFO", "service": "gis-cities-mtl_fsa_gisoo-h9x", "env": "dev", "logger": "citygisoo.scrub_layer_class", "request_id": "-", "msg": "Loaded layer roll_clipped_H9X from D:/GIS/mtl_gisoo_fsa_data\\output_data\\H9X\\roll\\roll.gpkg."}
{"ts": "2026-09-02T16:47:47", "level": "INFO", "service": "gis-cities-mtl_fsa_gisoo-h9x", "env": "dev", "logger": "citygisoo.scrub_layer_class", "request_id": "-", "msg": "Creating spatial index for roll_clipped_H9X is completed."}
{"ts": "2026-09-02T16:47:47", "level": "INFO", "service": "gis-cities-mtl_fsa_gisoo-h9x", "env": "dev", "logger": "jug_gis_cities.mtl_fsa_gisoo.workflow", "request_id": "-", "msg": "The roll_clipped_H9X has 3767 records."}
{"ts": "2026-09-02T16:47:48", "level": "INFO", "service": "gis-cities-mtl_fsa_gisoo-h9x", "env": "dev", "logger": "citygisoo.scrub_layer_class", "request_id": "-", "msg": "Clipping of usage_mtl is completed."}
{"ts": "2026-09-02T16:47:48", "level": "INFO", "service": "gis-cities-mtl_fsa_gisoo-h9x", "env": "dev", "logger": "citygisoo.scrub_layer_class", "request_id": "-", "msg": "Loaded layer usage_clipped_H9X from D:/GIS/mtl_gisoo_fsa_data\\output_data\\H9X\\usage\\usage.gpkg."}
{"ts": "2026-09-02T16:47:48", "level": "INFO", "service": "gis-cities-mtl_fsa_gisoo-h9x", "env": "dev", "logger": "citygisoo.scrub_layer_class", "request_id": "-", "msg": "Creating spatial index for usage_clipped_H9X is completed."}
{"ts": "2026-09-02T16:47:48", "level": "INFO", "service": "gis-cities-mtl_fsa_gisoo-h9x", "env": "dev", "logger": "jug_gis_cities.mtl_fsa_gisoo.workflow", "request_id": "-", "msg": "The usage_clipped_H9X has 4313 records."}
{"ts": "2026-09-02T16:47:49", "level": "INFO", "service": "gis-cities-mtl_fsa_gisoo-h9x", "env": "dev", "logger": "citygisoo.scrub_layer_class", "request_id": "-", "msg": "Clipping of usage_dup_mtl is completed."}
{"ts": "2026-09-02T16:47:49", "level": "INFO", "service": "gis-cities-mtl_fsa_gisoo-h9x", "env": "dev", "logger": "citygisoo.scrub_layer_class", "request_id": "-", "msg": "Loaded layer usage_dup_H9X from D:/GIS/mtl_gisoo_fsa_data\\output_data\\H9X\\usage_dup\\usage_dup.gpkg."}
{"ts": "2026-09-02T16:47:49", "level": "INFO", "service": "gis-cities-mtl_fsa_gisoo-h9x", "env": "dev", "logger": "citygisoo.scrub_layer_class", "request_id": "-", "msg": "Creating spatial index for usage_dup_H9X is completed."}
{"ts": "2026-09-02T16:47:49", "level": "INFO", "service": "gis-cities-mtl_fsa_gisoo-h9x", "env": "dev", "logger": "jug_gis_cities.mtl_fsa_gisoo.workflow", "request_id": "-", "msg": "The usage_dup_H9X has 4313 records."}
{"ts": "2026-09-02T16:47:49", "level": "INFO", "service": "gis-cities-mtl_fsa_gisoo-h9x", "env": "dev", "logger": "jug_gis_cities.mtl_fsa_gisoo.workflow", "request_id": "-", "msg": "Completed Montreal H9X workflow step: clip input layers to FSA boundary in 3.339s."}
{"ts": "2026-09-02T16:47:49", "level": "INFO", "service": "gis-cities-mtl_fsa_gisoo-h9x", "env": "dev", "logger": "jug_gis_cities.mtl_fsa_gisoo.workflow", "request_id": "-", "msg": "Starting Montreal H9X workflow step: fix nrcan geometries."}
{"ts": "2026-09-02T16:47:49", "level": "INFO", "service": "gis-cities-mtl_fsa_gisoo-h9x", "env": "dev", "logger": "citygisoo.scrub_layer_class", "request_id": "-", "msg": "Fixed geometries for nrcan_clipped_H9X into D:/GIS/mtl_gisoo_fsa_data\\output_data\\H9X\\nrcan_fixed\\nrcan_fixed.gpkg."}
{"ts": "2026-09-02T16:47:49", "level": "INFO", "service": "gis-cities-mtl_fsa_gisoo-h9x", "env": "dev", "logger": "citygisoo.scrub_layer_class", "request_id": "-", "msg": "Loaded layer nrcan_fixed_H9X from D:/GIS/mtl_gisoo_fsa_data\\output_data\\H9X\\nrcan_fixed\\nrcan_fixed.gpkg."}
{"ts": "2026-09-02T16:47:49", "level": "INFO", "service": "gis-cities-mtl_fsa_gisoo-h9x", "env": "dev", "logger": "citygisoo.scrub_layer_class", "request_id": "-", "msg": "Creating spatial index for nrcan_fixed_H9X is completed."}
{"ts": "2026-09-02T16:47:49", "level": "INFO", "service": "gis-cities-mtl_fsa_gisoo-h9x", "env": "dev", "logger": "jug_gis_cities.mtl_fsa_gisoo.workflow", "request_id": "-", "msg": "The nrcan_fixed_H9X has 4023 records."}
{"ts": "2026-09-02T16:47:49", "level": "INFO", "service": "gis-cities-mtl_fsa_gisoo-h9x", "env": "dev", "logger": "jug_gis_cities.mtl_fsa_gisoo.workflow", "request_id": "-", "msg": "Completed Montreal H9X workflow step: fix nrcan geometries in 0.337s."}
{"ts": "2026-09-02T16:47:49", "level": "INFO", "service": "gis-cities-mtl_fsa_gisoo-h9x", "env": "dev", "logger": "jug_gis_cities.mtl_fsa_gisoo.workflow", "request_id": "-", "msg": "Starting Montreal H9X workflow step: assign nrcan area field."}
{"ts": "2026-09-02T16:47:50", "level": "INFO", "service": "gis-cities-mtl_fsa_gisoo-h9x", "env": "dev", "logger": "citygisoo.geopackage_feature_processor", "request_id": "-", "msg": "Assigned Python-calculated values to field nrcan_area on nrcan_fixed_H9X for 4023 features."}
{"ts": "2026-09-02T16:47:50", "level": "INFO", "service": "gis-cities-mtl_fsa_gisoo-h9x", "env": "dev", "logger": "jug_gis_cities.mtl_fsa_gisoo.workflow", "request_id": "-", "msg": "Completed Montreal H9X workflow step: assign nrcan area field in 0.313s."}
{"ts": "2026-09-02T16:47:50", "level": "INFO", "service": "gis-cities-mtl_fsa_gisoo-h9x", "env": "dev", "logger": "jug_gis_cities.mtl_fsa_gisoo.workflow", "request_id": "-", "msg": "Starting Montreal H9X workflow step: fix nrcan preserved geometries."}
{"ts": "2026-09-02T16:47:50", "level": "INFO", "service": "gis-cities-mtl_fsa_gisoo-h9x", "env": "dev", "logger": "citygisoo.scrub_layer_class", "request_id": "-", "msg": "Fixed geometries for nrcan_preserved_H9X into D:/GIS/mtl_gisoo_fsa_data\\output_data\\H9X\\nrcan_preserved_fixed\\nrcan_preserved_fixed.gpkg."}
{"ts": "2026-09-02T16:47:50", "level": "INFO", "service": "gis-cities-mtl_fsa_gisoo-h9x", "env": "dev", "logger": "citygisoo.scrub_layer_class", "request_id": "-", "msg": "Loaded layer nrcan_preserved_fixed_H9X from D:/GIS/mtl_gisoo_fsa_data\\output_data\\H9X\\nrcan_preserved_fixed\\nrcan_preserved_fixed.gpkg."}
{"ts": "2026-09-02T16:47:50", "level": "INFO", "service": "gis-cities-mtl_fsa_gisoo-h9x", "env": "dev", "logger": "citygisoo.scrub_layer_class", "request_id": "-", "msg": "Creating spatial index for nrcan_preserved_fixed_H9X is completed."}
{"ts": "2026-09-02T16:47:50", "level": "INFO", "service": "gis-cities-mtl_fsa_gisoo-h9x", "env": "dev", "logger": "jug_gis_cities.mtl_fsa_gisoo.workflow", "request_id": "-", "msg": "The nrcan_preserved_fixed_H9X has 4023 records."}
{"ts": "2026-09-02T16:47:50", "level": "INFO", "service": "gis-cities-mtl_fsa_gisoo-h9x", "env": "dev", "logger": "jug_gis_cities.mtl_fsa_gisoo.workflow", "request_id": "-", "msg": "Completed Montreal H9X workflow step: fix nrcan preserved geometries in 0.373s."}
{"ts": "2026-09-02T16:47:50", "level": "INFO", "service": "gis-cities-mtl_fsa_gisoo-h9x", "env": "dev", "logger": "jug_gis_cities.mtl_fsa_gisoo.workflow", "request_id": "-", "msg": "Starting Montreal H9X workflow step: assign nrcan preserved area field."}
{"ts": "2026-09-02T16:47:50", "level": "INFO", "service": "gis-cities-mtl_fsa_gisoo-h9x", "env": "dev", "logger": "citygisoo.geopackage_feature_processor", "request_id": "-", "msg": "Assigned Python-calculated values to field nrcan_area on nrcan_preserved_fixed_H9X for 4023 features."}
{"ts": "2026-09-02T16:47:50", "level": "INFO", "service": "gis-cities-mtl_fsa_gisoo-h9x", "env": "dev", "logger": "jug_gis_cities.mtl_fsa_gisoo.workflow", "request_id": "-", "msg": "Completed Montreal H9X workflow step: assign nrcan preserved area field in 0.291s."}
{"ts": "2026-09-02T16:47:50", "level": "INFO", "service": "gis-cities-mtl_fsa_gisoo-h9x", "env": "dev", "logger": "jug_gis_cities.mtl_fsa_gisoo.workflow", "request_id": "-", "msg": "Starting Montreal H9X workflow step: fix usage geometries."}
{"ts": "2026-09-02T16:47:51", "level": "INFO", "service": "gis-cities-mtl_fsa_gisoo-h9x", "env": "dev", "logger": "citygisoo.scrub_layer_class", "request_id": "-", "msg": "Fixed geometries for usage_clipped_H9X into D:/GIS/mtl_gisoo_fsa_data\\output_data\\H9X\\usage_fixed\\usage_fixed.gpkg."}
{"ts": "2026-09-02T16:47:51", "level": "INFO", "service": "gis-cities-mtl_fsa_gisoo-h9x", "env": "dev", "logger": "citygisoo.scrub_layer_class", "request_id": "-", "msg": "Loaded layer usage_fixed_H9X from D:/GIS/mtl_gisoo_fsa_data\\output_data\\H9X\\usage_fixed\\usage_fixed.gpkg."}
{"ts": "2026-09-02T16:47:51", "level": "INFO", "service": "gis-cities-mtl_fsa_gisoo-h9x", "env": "dev", "logger": "citygisoo.scrub_layer_class", "request_id": "-", "msg": "Creating spatial index for usage_fixed_H9X is completed."}
{"ts": "2026-09-02T16:47:51", "level": "INFO", "service": "gis-cities-mtl_fsa_gisoo-h9x", "env": "dev", "logger": "jug_gis_cities.mtl_fsa_gisoo.workflow", "request_id": "-", "msg": "The usage_fixed_H9X has 4313 records."}
{"ts": "2026-09-02T16:47:51", "level": "INFO", "service": "gis-cities-mtl_fsa_gisoo-h9x", "env": "dev", "logger": "jug_gis_cities.mtl_fsa_gisoo.workflow", "request_id": "-", "msg": "Completed Montreal H9X workflow step: fix usage geometries in 0.485s."}
{"ts": "2026-09-02T16:47:51", "level": "INFO", "service": "gis-cities-mtl_fsa_gisoo-h9x", "env": "dev", "logger": "jug_gis_cities.mtl_fsa_gisoo.workflow", "request_id": "-", "msg": "Starting Montreal H9X workflow step: fix usage duplicate geometries."}
{"ts": "2026-09-02T16:47:51", "level": "INFO", "service": "gis-cities-mtl_fsa_gisoo-h9x", "env": "dev", "logger": "citygisoo.scrub_layer_class", "request_id": "-", "msg": "Fixed geometries for usage_dup_H9X into D:/GIS/mtl_gisoo_fsa_data\\output_data\\H9X\\usage_dup_fixed\\usage_dup_fixed.gpkg."}
{"ts": "2026-09-02T16:47:51", "level": "INFO", "service": "gis-cities-mtl_fsa_gisoo-h9x", "env": "dev", "logger": "citygisoo.scrub_layer_class", "request_id": "-", "msg": "Loaded layer usage_dup_fixed_H9X from D:/GIS/mtl_gisoo_fsa_data\\output_data\\H9X\\usage_dup_fixed\\usage_dup_fixed.gpkg."}
{"ts": "2026-09-02T16:47:51", "level": "INFO", "service": "gis-cities-mtl_fsa_gisoo-h9x", "env": "dev", "logger": "citygisoo.scrub_layer_class", "request_id": "-", "msg": "Creating spatial index for usage_dup_fixed_H9X is completed."}
{"ts": "2026-09-02T16:47:51", "level": "INFO", "service": "gis-cities-mtl_fsa_gisoo-h9x", "env": "dev", "logger": "jug_gis_cities.mtl_fsa_gisoo.workflow", "request_id": "-", "msg": "The usage_dup_fixed_H9X has 4313 records."}
{"ts": "2026-09-02T16:47:51", "level": "INFO", "service": "gis-cities-mtl_fsa_gisoo-h9x", "env": "dev", "logger": "jug_gis_cities.mtl_fsa_gisoo.workflow", "request_id": "-", "msg": "Completed Montreal H9X workflow step: fix usage duplicate geometries in 0.466s."}
{"ts": "2026-09-02T16:47:51", "level": "INFO", "service": "gis-cities-mtl_fsa_gisoo-h9x", "env": "dev", "logger": "jug_gis_cities.mtl_fsa_gisoo.workflow", "request_id": "-", "msg": "Starting Montreal H9X workflow step: extract usage records missing from roll."}
{"ts": "2026-09-02T16:47:51", "level": "INFO", "service": "gis-cities-mtl_fsa_gisoo-h9x", "env": "dev", "logger": "citygisoo.geopackage_feature_processor", "request_id": "-", "msg": "Extracted 434 features from usage_fixed_H9X by membership of g_id_provi in roll_clipped_H9X.id_provinc."}
{"ts": "2026-09-02T16:47:52", "level": "INFO", "service": "gis-cities-mtl_fsa_gisoo-h9x", "env": "dev", "logger": "citygisoo.geopackage_feature_processor", "request_id": "-", "msg": "Wrote 434 features from usage_fixed_H9X to D:/GIS/mtl_gisoo_fsa_data\\output_data\\H9X\\usage_margin_san\\usage_margin_san.gpkg."}
{"ts": "2026-09-02T16:47:52", "level": "INFO", "service": "gis-cities-mtl_fsa_gisoo-h9x", "env": "dev", "logger": "citygisoo.scrub_layer_class", "request_id": "-", "msg": "Loaded layer usage_margin_san_H9X from D:/GIS/mtl_gisoo_fsa_data\\output_data\\H9X\\usage_margin_san\\usage_margin_san.gpkg."}
{"ts": "2026-09-02T16:47:52", "level": "INFO", "service": "gis-cities-mtl_fsa_gisoo-h9x", "env": "dev", "logger": "citygisoo.scrub_layer_class", "request_id": "-", "msg": "Creating spatial index for usage_margin_san_H9X is completed."}
{"ts": "2026-09-02T16:47:52", "level": "INFO", "service": "gis-cities-mtl_fsa_gisoo-h9x", "env": "dev", "logger": "jug_gis_cities.mtl_fsa_gisoo.workflow", "request_id": "-", "msg": "The usage_margin_san_H9X has 434 records."}
{"ts": "2026-09-02T16:47:52", "level": "INFO", "service": "gis-cities-mtl_fsa_gisoo-h9x", "env": "dev", "logger": "jug_gis_cities.mtl_fsa_gisoo.workflow", "request_id": "-", "msg": "Completed Montreal H9X workflow step: extract usage records missing from roll in 0.253s."}
{"ts": "2026-09-02T16:47:52", "level": "INFO", "service": "gis-cities-mtl_fsa_gisoo-h9x", "env": "dev", "logger": "jug_gis_cities.mtl_fsa_gisoo.workflow", "request_id": "-", "msg": "Starting Montreal H9X workflow step: difference usage with usage margin san."}
{"ts": "2026-09-02T16:47:56", "level": "INFO", "service": "gis-cities-mtl_fsa_gisoo-h9x", "env": "dev", "logger": "citygisoo.scrub_layer_class", "request_id": "-", "msg": "Difference of usage_clipped_H9X with overlay D:/GIS/mtl_gisoo_fsa_data\\output_data\\H9X\\usage_margin_san\\usage_margin_san.gpkg is completed into D:/GIS/mtl_gisoo_fsa_data\\output_data\\H9X\\usage_clean\\usage_clean.gpkg."}
{"ts": "2026-09-02T16:47:56", "level": "INFO", "service": "gis-cities-mtl_fsa_gisoo-h9x", "env": "dev", "logger": "citygisoo.scrub_layer_class", "request_id": "-", "msg": "Loaded layer usage_clean_H9X from D:/GIS/mtl_gisoo_fsa_data\\output_data\\H9X\\usage_clean\\usage_clean.gpkg."}
{"ts": "2026-09-02T16:47:56", "level": "INFO", "service": "gis-cities-mtl_fsa_gisoo-h9x", "env": "dev", "logger": "citygisoo.scrub_layer_class", "request_id": "-", "msg": "Creating spatial index for usage_clean_H9X is completed."}
{"ts": "2026-09-02T16:47:56", "level": "INFO", "service": "gis-cities-mtl_fsa_gisoo-h9x", "env": "dev", "logger": "jug_gis_cities.mtl_fsa_gisoo.workflow", "request_id": "-", "msg": "The usage_clean_H9X has 3879 records."}
{"ts": "2026-09-02T16:47:56", "level": "INFO", "service": "gis-cities-mtl_fsa_gisoo-h9x", "env": "dev", "logger": "jug_gis_cities.mtl_fsa_gisoo.workflow", "request_id": "-", "msg": "Completed Montreal H9X workflow step: difference usage with usage margin san in 4.168s."}
{"ts": "2026-09-02T16:47:56", "level": "INFO", "service": "gis-cities-mtl_fsa_gisoo-h9x", "env": "dev", "logger": "jug_gis_cities.mtl_fsa_gisoo.workflow", "request_id": "-", "msg": "Starting Montreal H9X workflow step: extract usage margin records with provincial id."}
{"ts": "2026-09-02T16:47:56", "level": "INFO", "service": "gis-cities-mtl_fsa_gisoo-h9x", "env": "dev", "logger": "citygisoo.geopackage_feature_processor", "request_id": "-", "msg": "Wrote 77 features from usage_margin_san_H9X to D:/GIS/mtl_gisoo_fsa_data\\output_data\\H9X\\usage_margin\\usage_margin.gpkg."}
{"ts": "2026-09-02T16:47:56", "level": "INFO", "service": "gis-cities-mtl_fsa_gisoo-h9x", "env": "dev", "logger": "citygisoo.scrub_layer_class", "request_id": "-", "msg": "Loaded layer usage_margin_H9X from D:/GIS/mtl_gisoo_fsa_data\\output_data\\H9X\\usage_margin\\usage_margin.gpkg."}
{"ts": "2026-09-02T16:47:56", "level": "INFO", "service": "gis-cities-mtl_fsa_gisoo-h9x", "env": "dev", "logger": "citygisoo.scrub_layer_class", "request_id": "-", "msg": "Creating spatial index for usage_margin_H9X is completed."}
{"ts": "2026-09-02T16:47:56", "level": "INFO", "service": "gis-cities-mtl_fsa_gisoo-h9x", "env": "dev", "logger": "jug_gis_cities.mtl_fsa_gisoo.workflow", "request_id": "-", "msg": "The usage_margin_H9X has 77 records."}
{"ts": "2026-09-02T16:47:56", "level": "INFO", "service": "gis-cities-mtl_fsa_gisoo-h9x", "env": "dev", "logger": "jug_gis_cities.mtl_fsa_gisoo.workflow", "request_id": "-", "msg": "Completed Montreal H9X workflow step: extract usage margin records with provincial id in 0.074s."}
{"ts": "2026-09-02T16:47:56", "level": "INFO", "service": "gis-cities-mtl_fsa_gisoo-h9x", "env": "dev", "logger": "jug_gis_cities.mtl_fsa_gisoo.workflow", "request_id": "-", "msg": "Starting Montreal H9X workflow step: assign usage margin area field."}
{"ts": "2026-09-02T16:47:56", "level": "INFO", "service": "gis-cities-mtl_fsa_gisoo-h9x", "env": "dev", "logger": "citygisoo.geopackage_feature_processor", "request_id": "-", "msg": "Assigned Python-calculated values to field area_ex on usage_margin_H9X for 77 features."}
{"ts": "2026-09-02T16:47:56", "level": "INFO", "service": "gis-cities-mtl_fsa_gisoo-h9x", "env": "dev", "logger": "jug_gis_cities.mtl_fsa_gisoo.workflow", "request_id": "-", "msg": "Completed Montreal H9X workflow step: assign usage margin area field in 0.020s."}
{"ts": "2026-09-02T16:47:56", "level": "INFO", "service": "gis-cities-mtl_fsa_gisoo-h9x", "env": "dev", "logger": "jug_gis_cities.mtl_fsa_gisoo.workflow", "request_id": "-", "msg": "Starting Montreal H9X workflow step: extract usage-only records by area."}
{"ts": "2026-09-02T16:47:56", "level": "INFO", "service": "gis-cities-mtl_fsa_gisoo-h9x", "env": "dev", "logger": "citygisoo.geopackage_feature_processor", "request_id": "-", "msg": "Wrote 7 features from usage_margin_H9X to D:/GIS/mtl_gisoo_fsa_data\\output_data\\H9X\\usage_only\\usage_only.gpkg."}
{"ts": "2026-09-02T16:47:56", "level": "INFO", "service": "gis-cities-mtl_fsa_gisoo-h9x", "env": "dev", "logger": "citygisoo.scrub_layer_class", "request_id": "-", "msg": "Loaded layer usage_only_H9X from D:/GIS/mtl_gisoo_fsa_data\\output_data\\H9X\\usage_only\\usage_only.gpkg."}
{"ts": "2026-09-02T16:47:56", "level": "INFO", "service": "gis-cities-mtl_fsa_gisoo-h9x", "env": "dev", "logger": "citygisoo.scrub_layer_class", "request_id": "-", "msg": "Creating spatial index for usage_only_H9X is completed."}
{"ts": "2026-09-02T16:47:56", "level": "INFO", "service": "gis-cities-mtl_fsa_gisoo-h9x", "env": "dev", "logger": "jug_gis_cities.mtl_fsa_gisoo.workflow", "request_id": "-", "msg": "The usage_only_H9X has 7 records."}
{"ts": "2026-09-02T16:47:56", "level": "INFO", "service": "gis-cities-mtl_fsa_gisoo-h9x", "env": "dev", "logger": "jug_gis_cities.mtl_fsa_gisoo.workflow", "request_id": "-", "msg": "Completed Montreal H9X workflow step: extract usage-only records by area in 0.065s."}
{"ts": "2026-09-02T16:47:56", "level": "INFO", "service": "gis-cities-mtl_fsa_gisoo-h9x", "env": "dev", "logger": "jug_gis_cities.mtl_fsa_gisoo.workflow", "request_id": "-", "msg": "Starting Montreal H9X workflow step: extract roll records missing from usage."}
{"ts": "2026-09-02T16:47:56", "level": "INFO", "service": "gis-cities-mtl_fsa_gisoo-h9x", "env": "dev", "logger": "citygisoo.geopackage_feature_processor", "request_id": "-", "msg": "Extracted 13 features from roll_clipped_H9X by membership of id_provinc in usage_clipped_H9X.g_id_provi."}
{"ts": "2026-09-02T16:47:56", "level": "INFO", "service": "gis-cities-mtl_fsa_gisoo-h9x", "env": "dev", "logger": "citygisoo.geopackage_feature_processor", "request_id": "-", "msg": "Wrote 13 features from roll_clipped_H9X to D:/GIS/mtl_gisoo_fsa_data\\output_data\\H9X\\roll_only\\roll_only.gpkg."}
{"ts": "2026-09-02T16:47:56", "level": "INFO", "service": "gis-cities-mtl_fsa_gisoo-h9x", "env": "dev", "logger": "citygisoo.scrub_layer_class", "request_id": "-", "msg": "Loaded layer roll_only_H9X from D:/GIS/mtl_gisoo_fsa_data\\output_data\\H9X\\roll_only\\roll_only.gpkg."}
{"ts": "2026-09-02T16:47:56", "level": "INFO", "service": "gis-cities-mtl_fsa_gisoo-h9x", "env": "dev", "logger": "citygisoo.scrub_layer_class", "request_id": "-", "msg": "Creating spatial index for roll_only_H9X is completed."}
{"ts": "2026-09-02T16:47:56", "level": "INFO", "service": "gis-cities-mtl_fsa_gisoo-h9x", "env": "dev", "logger": "jug_gis_cities.mtl_fsa_gisoo.workflow", "request_id": "-", "msg": "The roll_only_H9X has 13 records."}
{"ts": "2026-09-02T16:47:56", "level": "INFO", "service": "gis-cities-mtl_fsa_gisoo-h9x", "env": "dev", "logger": "jug_gis_cities.mtl_fsa_gisoo.workflow", "request_id": "-", "msg": "Completed Montreal H9X workflow step: extract roll records missing from usage in 0.161s."}
{"ts": "2026-09-02T16:47:56", "level": "INFO", "service": "gis-cities-mtl_fsa_gisoo-h9x", "env": "dev", "logger": "jug_gis_cities.mtl_fsa_gisoo.workflow", "request_id": "-", "msg": "Starting Montreal H9X workflow step: spatial join usage with roll-only."}
{"ts": "2026-09-02T16:47:57", "level": "INFO", "service": "gis-cities-mtl_fsa_gisoo-h9x", "env": "dev", "logger": "citygisoo.scrub_layer_class", "request_id": "-", "msg": "Spatial join with input layer usage_clipped_H9X, predicate contains, method one-to-many, and prefix ro_ is completed."}
{"ts": "2026-09-02T16:47:57", "level": "INFO", "service": "gis-cities-mtl_fsa_gisoo-h9x", "env": "dev", "logger": "citygisoo.scrub_layer_class", "request_id": "-", "msg": "Loaded layer usage_roll_only_all_H9X from D:/GIS/mtl_gisoo_fsa_data\\output_data\\H9X\\usage_roll_only_all\\usage_roll_only_all.gpkg."}
{"ts": "2026-09-02T16:47:57", "level": "INFO", "service": "gis-cities-mtl_fsa_gisoo-h9x", "env": "dev", "logger": "citygisoo.scrub_layer_class", "request_id": "-", "msg": "Creating spatial index for usage_roll_only_all_H9X is completed."}
{"ts": "2026-09-02T16:47:57", "level": "INFO", "service": "gis-cities-mtl_fsa_gisoo-h9x", "env": "dev", "logger": "jug_gis_cities.mtl_fsa_gisoo.workflow", "request_id": "-", "msg": "The usage_roll_only_all_H9X has 4316 records."}
{"ts": "2026-09-02T16:47:57", "level": "INFO", "service": "gis-cities-mtl_fsa_gisoo-h9x", "env": "dev", "logger": "jug_gis_cities.mtl_fsa_gisoo.workflow", "request_id": "-", "msg": "Completed Montreal H9X workflow step: spatial join usage with roll-only in 0.555s."}
{"ts": "2026-09-02T16:47:57", "level": "INFO", "service": "gis-cities-mtl_fsa_gisoo-h9x", "env": "dev", "logger": "jug_gis_cities.mtl_fsa_gisoo.workflow", "request_id": "-", "msg": "Starting Montreal H9X workflow step: extract usage-roll-only matched records."}
{"ts": "2026-09-02T16:47:57", "level": "INFO", "service": "gis-cities-mtl_fsa_gisoo-h9x", "env": "dev", "logger": "citygisoo.geopackage_feature_processor", "request_id": "-", "msg": "Wrote 13 features from usage_roll_only_all_H9X to D:/GIS/mtl_gisoo_fsa_data\\output_data\\H9X\\usage_roll_only\\usage_roll_only.gpkg."}
{"ts": "2026-09-02T16:47:57", "level": "INFO", "service": "gis-cities-mtl_fsa_gisoo-h9x", "env": "dev", "logger": "citygisoo.scrub_layer_class", "request_id": "-", "msg": "Loaded layer usage_roll_only_H9X from D:/GIS/mtl_gisoo_fsa_data\\output_data\\H9X\\usage_roll_only\\usage_roll_only.gpkg."}
{"ts": "2026-09-02T16:47:57", "level": "INFO", "service": "gis-cities-mtl_fsa_gisoo-h9x", "env": "dev", "logger": "citygisoo.scrub_layer_class", "request_id": "-", "msg": "Creating spatial index for usage_roll_only_H9X is completed."}
{"ts": "2026-09-02T16:47:57", "level": "INFO", "service": "gis-cities-mtl_fsa_gisoo-h9x", "env": "dev", "logger": "jug_gis_cities.mtl_fsa_gisoo.workflow", "request_id": "-", "msg": "The usage_roll_only_H9X has 13 records."}
{"ts": "2026-09-02T16:47:57", "level": "INFO", "service": "gis-cities-mtl_fsa_gisoo-h9x", "env": "dev", "logger": "jug_gis_cities.mtl_fsa_gisoo.workflow", "request_id": "-", "msg": "Completed Montreal H9X workflow step: extract usage-roll-only matched records in 0.210s."}
{"ts": "2026-09-02T16:47:57", "level": "INFO", "service": "gis-cities-mtl_fsa_gisoo-h9x", "env": "dev", "logger": "jug_gis_cities.mtl_fsa_gisoo.workflow", "request_id": "-", "msg": "Starting Montreal H9X workflow step: extract unique usage-roll-only records."}
{"ts": "2026-09-02T16:47:57", "level": "INFO", "service": "gis-cities-mtl_fsa_gisoo-h9x", "env": "dev", "logger": "citygisoo.geopackage_feature_processor", "request_id": "-", "msg": "Wrote 13 features from usage_roll_only_H9X to D:/GIS/mtl_gisoo_fsa_data\\output_data\\H9X\\usage_roll_only_unique\\usage_roll_only_unique.gpkg."}
{"ts": "2026-09-02T16:47:57", "level": "INFO", "service": "gis-cities-mtl_fsa_gisoo-h9x", "env": "dev", "logger": "citygisoo.scrub_layer_class", "request_id": "-", "msg": "Loaded layer usage_roll_only_unique_H9X from D:/GIS/mtl_gisoo_fsa_data\\output_data\\H9X\\usage_roll_only_unique\\usage_roll_only_unique.gpkg."}
{"ts": "2026-09-02T16:47:57", "level": "INFO", "service": "gis-cities-mtl_fsa_gisoo-h9x", "env": "dev", "logger": "citygisoo.scrub_layer_class", "request_id": "-", "msg": "Creating spatial index for usage_roll_only_unique_H9X is completed."}
{"ts": "2026-09-02T16:47:57", "level": "INFO", "service": "gis-cities-mtl_fsa_gisoo-h9x", "env": "dev", "logger": "jug_gis_cities.mtl_fsa_gisoo.workflow", "request_id": "-", "msg": "The usage_roll_only_unique_H9X has 13 records."}
{"ts": "2026-09-02T16:47:57", "level": "INFO", "service": "gis-cities-mtl_fsa_gisoo-h9x", "env": "dev", "logger": "jug_gis_cities.mtl_fsa_gisoo.workflow", "request_id": "-", "msg": "Completed Montreal H9X workflow step: extract unique usage-roll-only records in 0.085s."}
{"ts": "2026-09-02T16:47:57", "level": "INFO", "service": "gis-cities-mtl_fsa_gisoo-h9x", "env": "dev", "logger": "jug_gis_cities.mtl_fsa_gisoo.workflow", "request_id": "-", "msg": "Starting Montreal H9X workflow step: difference roll with roll-only."}
{"ts": "2026-09-02T16:47:58", "level": "INFO", "service": "gis-cities-mtl_fsa_gisoo-h9x", "env": "dev", "logger": "citygisoo.scrub_layer_class", "request_id": "-", "msg": "Difference of roll_clipped_H9X with overlay D:/GIS/mtl_gisoo_fsa_data\\output_data\\H9X\\roll_only\\roll_only.gpkg is completed into D:/GIS/mtl_gisoo_fsa_data\\output_data\\H9X\\roll_clean\\roll_clean.gpkg."}
{"ts": "2026-09-02T16:47:58", "level": "INFO", "service": "gis-cities-mtl_fsa_gisoo-h9x", "env": "dev", "logger": "citygisoo.scrub_layer_class", "request_id": "-", "msg": "Loaded layer roll_clean_H9X from D:/GIS/mtl_gisoo_fsa_data\\output_data\\H9X\\roll_clean\\roll_clean.gpkg."}
{"ts": "2026-09-02T16:47:58", "level": "INFO", "service": "gis-cities-mtl_fsa_gisoo-h9x", "env": "dev", "logger": "citygisoo.scrub_layer_class", "request_id": "-", "msg": "Creating spatial index for roll_clean_H9X is completed."}
{"ts": "2026-09-02T16:47:58", "level": "INFO", "service": "gis-cities-mtl_fsa_gisoo-h9x", "env": "dev", "logger": "jug_gis_cities.mtl_fsa_gisoo.workflow", "request_id": "-", "msg": "The roll_clean_H9X has 3767 records."}
{"ts": "2026-09-02T16:47:58", "level": "INFO", "service": "gis-cities-mtl_fsa_gisoo-h9x", "env": "dev", "logger": "jug_gis_cities.mtl_fsa_gisoo.workflow", "request_id": "-", "msg": "Completed Montreal H9X workflow step: difference roll with roll-only in 1.056s."}
{"ts": "2026-09-02T16:47:58", "level": "INFO", "service": "gis-cities-mtl_fsa_gisoo-h9x", "env": "dev", "logger": "jug_gis_cities.mtl_fsa_gisoo.workflow", "request_id": "-", "msg": "Starting Montreal H9X workflow step: duplicate roll provincial id field."}
{"ts": "2026-09-02T16:47:58", "level": "INFO", "service": "gis-cities-mtl_fsa_gisoo-h9x", "env": "dev", "logger": "citygisoo.scrub_layer_class", "request_id": "-", "msg": "Copied 3767 values from id_provinc to text field r_id_provinc on roll_clean_H9X."}
{"ts": "2026-09-02T16:47:58", "level": "INFO", "service": "gis-cities-mtl_fsa_gisoo-h9x", "env": "dev", "logger": "jug_gis_cities.mtl_fsa_gisoo.workflow", "request_id": "-", "msg": "Completed Montreal H9X workflow step: duplicate roll provincial id field in 0.175s."}
{"ts": "2026-09-02T16:47:58", "level": "INFO", "service": "gis-cities-mtl_fsa_gisoo-h9x", "env": "dev", "logger": "jug_gis_cities.mtl_fsa_gisoo.workflow", "request_id": "-", "msg": "Starting Montreal H9X workflow step: join usage clean with roll clean."}
{"ts": "2026-09-02T16:47:58", "level": "INFO", "service": "gis-cities-mtl_fsa_gisoo-h9x", "env": "dev", "logger": "citygisoo.scrub_layer_class", "request_id": "-", "msg": "Field join of usage_clean_H9X with input layer roll_clean_H9X is completed."}
{"ts": "2026-09-02T16:47:59", "level": "INFO", "service": "gis-cities-mtl_fsa_gisoo-h9x", "env": "dev", "logger": "citygisoo.scrub_layer_class", "request_id": "-", "msg": "Loaded layer usage_roll_H9X from D:/GIS/mtl_gisoo_fsa_data\\output_data\\H9X\\usage_roll\\usage_roll.gpkg."}
{"ts": "2026-09-02T16:47:59", "level": "INFO", "service": "gis-cities-mtl_fsa_gisoo-h9x", "env": "dev", "logger": "citygisoo.scrub_layer_class", "request_id": "-", "msg": "Creating spatial index for usage_roll_H9X is completed."}
{"ts": "2026-09-02T16:47:59", "level": "INFO", "service": "gis-cities-mtl_fsa_gisoo-h9x", "env": "dev", "logger": "jug_gis_cities.mtl_fsa_gisoo.workflow", "request_id": "-", "msg": "The usage_roll_H9X has 3879 records."}
{"ts": "2026-09-02T16:47:59", "level": "INFO", "service": "gis-cities-mtl_fsa_gisoo-h9x", "env": "dev", "logger": "jug_gis_cities.mtl_fsa_gisoo.workflow", "request_id": "-", "msg": "Completed Montreal H9X workflow step: join usage clean with roll clean in 0.431s."}
{"ts": "2026-09-02T16:47:59", "level": "INFO", "service": "gis-cities-mtl_fsa_gisoo-h9x", "env": "dev", "logger": "jug_gis_cities.mtl_fsa_gisoo.workflow", "request_id": "-", "msg": "Starting Montreal H9X workflow step: merge usage roll layers."}
{"ts": "2026-09-02T16:47:59", "level": "INFO", "service": "gis-cities-mtl_fsa_gisoo-h9x", "env": "dev", "logger": "citygisoo.scrub_layer_class", "request_id": "-", "msg": "Merged 3 explicit layers into D:/GIS/mtl_gisoo_fsa_data\\output_data\\H9X\\usage_roll_all\\usage_roll_all.gpkg."}
{"ts": "2026-09-02T16:47:59", "level": "INFO", "service": "gis-cities-mtl_fsa_gisoo-h9x", "env": "dev", "logger": "citygisoo.scrub_layer_class", "request_id": "-", "msg": "Loaded layer usage_roll_all_H9X from D:/GIS/mtl_gisoo_fsa_data\\output_data\\H9X\\usage_roll_all\\usage_roll_all.gpkg."}
{"ts": "2026-09-02T16:47:59", "level": "INFO", "service": "gis-cities-mtl_fsa_gisoo-h9x", "env": "dev", "logger": "citygisoo.scrub_layer_class", "request_id": "-", "msg": "Creating spatial index for usage_roll_all_H9X is completed."}
{"ts": "2026-09-02T16:47:59", "level": "INFO", "service": "gis-cities-mtl_fsa_gisoo-h9x", "env": "dev", "logger": "jug_gis_cities.mtl_fsa_gisoo.workflow", "request_id": "-", "msg": "The usage_roll_all_H9X has 3899 records."}
{"ts": "2026-09-02T16:47:59", "level": "INFO", "service": "gis-cities-mtl_fsa_gisoo-h9x", "env": "dev", "logger": "jug_gis_cities.mtl_fsa_gisoo.workflow", "request_id": "-", "msg": "Completed Montreal H9X workflow step: merge usage roll layers in 0.827s."}
{"ts": "2026-09-02T16:47:59", "level": "INFO", "service": "gis-cities-mtl_fsa_gisoo-h9x", "env": "dev", "logger": "jug_gis_cities.mtl_fsa_gisoo.workflow", "request_id": "-", "msg": "Starting Montreal H9X workflow step: assign usage roll uuid field."}
{"ts": "2026-09-02T16:48:02", "level": "INFO", "service": "gis-cities-mtl_fsa_gisoo-h9x", "env": "dev", "logger": "citygisoo.scrub_layer_class", "request_id": "-", "msg": "Assigned expression values to field usage_roll_id on usage_roll_all_H9X for 3899 features."}
{"ts": "2026-09-02T16:48:02", "level": "INFO", "service": "gis-cities-mtl_fsa_gisoo-h9x", "env": "dev", "logger": "jug_gis_cities.mtl_fsa_gisoo.workflow", "request_id": "-", "msg": "Completed Montreal H9X workflow step: assign usage roll uuid field in 3.071s."}
{"ts": "2026-09-02T16:48:02", "level": "INFO", "service": "gis-cities-mtl_fsa_gisoo-h9x", "env": "dev", "logger": "jug_gis_cities.mtl_fsa_gisoo.workflow", "request_id": "-", "msg": "Starting Montreal H9X workflow step: delete duplicate usage geometries."}
{"ts": "2026-09-02T16:48:03", "level": "INFO", "service": "gis-cities-mtl_fsa_gisoo-h9x", "env": "dev", "logger": "citygisoo.scrub_layer_class", "request_id": "-", "msg": "Deleted duplicate geometries from usage_dup_fixed_H9X into D:/GIS/mtl_gisoo_fsa_data\\output_data\\H9X\\usage_dup_clean\\usage_dup_clean.gpkg."}
{"ts": "2026-09-02T16:48:03", "level": "INFO", "service": "gis-cities-mtl_fsa_gisoo-h9x", "env": "dev", "logger": "citygisoo.scrub_layer_class", "request_id": "-", "msg": "Loaded layer usage_dup_clean_H9X from D:/GIS/mtl_gisoo_fsa_data\\output_data\\H9X\\usage_dup_clean\\usage_dup_clean.gpkg."}
{"ts": "2026-09-02T16:48:03", "level": "INFO", "service": "gis-cities-mtl_fsa_gisoo-h9x", "env": "dev", "logger": "citygisoo.scrub_layer_class", "request_id": "-", "msg": "Creating spatial index for usage_dup_clean_H9X is completed."}
{"ts": "2026-09-02T16:48:03", "level": "INFO", "service": "gis-cities-mtl_fsa_gisoo-h9x", "env": "dev", "logger": "jug_gis_cities.mtl_fsa_gisoo.workflow", "request_id": "-", "msg": "The usage_dup_clean_H9X has 3836 records."}
{"ts": "2026-09-02T16:48:03", "level": "INFO", "service": "gis-cities-mtl_fsa_gisoo-h9x", "env": "dev", "logger": "jug_gis_cities.mtl_fsa_gisoo.workflow", "request_id": "-", "msg": "Completed Montreal H9X workflow step: delete duplicate usage geometries in 0.808s."}
{"ts": "2026-09-02T16:48:03", "level": "INFO", "service": "gis-cities-mtl_fsa_gisoo-h9x", "env": "dev", "logger": "jug_gis_cities.mtl_fsa_gisoo.workflow", "request_id": "-", "msg": "Starting Montreal H9X workflow step: intersect nrcan with clean usage duplicate."}
{"ts": "2026-09-02T16:48:12", "level": "INFO", "service": "gis-cities-mtl_fsa_gisoo-h9x", "env": "dev", "logger": "citygisoo.scrub_layer_class", "request_id": "-", "msg": "Intersection of nrcan_fixed_H9X with overlay D:/GIS/mtl_gisoo_fsa_data\\output_data\\H9X\\usage_dup_clean\\usage_dup_clean.gpkg is completed into D:/GIS/mtl_gisoo_fsa_data\\output_data\\H9X\\inter_nrcan\\inter_nrcan.gpkg."}
{"ts": "2026-09-02T16:48:12", "level": "INFO", "service": "gis-cities-mtl_fsa_gisoo-h9x", "env": "dev", "logger": "citygisoo.scrub_layer_class", "request_id": "-", "msg": "Loaded layer inter_nrcan_H9X from D:/GIS/mtl_gisoo_fsa_data\\output_data\\H9X\\inter_nrcan\\inter_nrcan.gpkg."}
{"ts": "2026-09-02T16:48:12", "level": "INFO", "service": "gis-cities-mtl_fsa_gisoo-h9x", "env": "dev", "logger": "citygisoo.scrub_layer_class", "request_id": "-", "msg": "Creating spatial index for inter_nrcan_H9X is completed."}
{"ts": "2026-09-02T16:48:12", "level": "INFO", "service": "gis-cities-mtl_fsa_gisoo-h9x", "env": "dev", "logger": "jug_gis_cities.mtl_fsa_gisoo.workflow", "request_id": "-", "msg": "The inter_nrcan_H9X has 4828 records."}
{"ts": "2026-09-02T16:48:12", "level": "INFO", "service": "gis-cities-mtl_fsa_gisoo-h9x", "env": "dev", "logger": "jug_gis_cities.mtl_fsa_gisoo.workflow", "request_id": "-", "msg": "Completed Montreal H9X workflow step: intersect nrcan with clean usage duplicate in 8.344s."}
{"ts": "2026-09-02T16:48:12", "level": "INFO", "service": "gis-cities-mtl_fsa_gisoo-h9x", "env": "dev", "logger": "jug_gis_cities.mtl_fsa_gisoo.workflow", "request_id": "-", "msg": "Starting Montreal H9X workflow step: assign inter nrcan area field."}
{"ts": "2026-09-02T16:48:12", "level": "INFO", "service": "gis-cities-mtl_fsa_gisoo-h9x", "env": "dev", "logger": "citygisoo.geopackage_feature_processor", "request_id": "-", "msg": "Assigned Python-calculated values to field inter_area on inter_nrcan_H9X for 4828 features."}
{"ts": "2026-09-02T16:48:12", "level": "INFO", "service": "gis-cities-mtl_fsa_gisoo-h9x", "env": "dev", "logger": "jug_gis_cities.mtl_fsa_gisoo.workflow", "request_id": "-", "msg": "Completed Montreal H9X workflow step: assign inter nrcan area field in 0.412s."}
{"ts": "2026-09-02T16:48:12", "level": "INFO", "service": "gis-cities-mtl_fsa_gisoo-h9x", "env": "dev", "logger": "jug_gis_cities.mtl_fsa_gisoo.workflow", "request_id": "-", "msg": "Starting Montreal H9X workflow step: assign inter nrcan area ratio field."}
{"ts": "2026-09-02T16:48:12", "level": "INFO", "service": "gis-cities-mtl_fsa_gisoo-h9x", "env": "dev", "logger": "citygisoo.geopackage_feature_processor", "request_id": "-", "msg": "Assigned Python-calculated values to field area_ratio on inter_nrcan_H9X for 4828 features."}
{"ts": "2026-09-02T16:48:12", "level": "INFO", "service": "gis-cities-mtl_fsa_gisoo-h9x", "env": "dev", "logger": "jug_gis_cities.mtl_fsa_gisoo.workflow", "request_id": "-", "msg": "Completed Montreal H9X workflow step: assign inter nrcan area ratio field in 0.339s."}
{"ts": "2026-09-02T16:48:12", "level": "INFO", "service": "gis-cities-mtl_fsa_gisoo-h9x", "env": "dev", "logger": "jug_gis_cities.mtl_fsa_gisoo.workflow", "request_id": "-", "msg": "Starting Montreal H9X workflow step: summarize inter nrcan by nrcan id."}
{"ts": "2026-09-02T16:48:13", "level": "INFO", "service": "gis-cities-mtl_fsa_gisoo-h9x", "env": "dev", "logger": "citygisoo.scrub_layer_class", "request_id": "-", "msg": "Loaded layer inter_summary_H9X from D:/GIS/mtl_gisoo_fsa_data\\output_data\\H9X\\inter_summary\\inter_summary.gpkg."}
{"ts": "2026-09-02T16:48:13", "level": "INFO", "service": "gis-cities-mtl_fsa_gisoo-h9x", "env": "dev", "logger": "citygisoo.scrub_layer_class", "request_id": "-", "msg": "Creating spatial index for inter_summary_H9X is completed."}
{"ts": "2026-09-02T16:48:13", "level": "INFO", "service": "gis-cities-mtl_fsa_gisoo-h9x", "env": "dev", "logger": "jug_gis_cities.mtl_fsa_gisoo.workflow", "request_id": "-", "msg": "The inter_summary_H9X has 4019 records."}
{"ts": "2026-09-02T16:48:13", "level": "INFO", "service": "gis-cities-mtl_fsa_gisoo-h9x", "env": "dev", "logger": "jug_gis_cities.mtl_fsa_gisoo.workflow", "request_id": "-", "msg": "Completed Montreal H9X workflow step: summarize inter nrcan by nrcan id in 0.349s."}
{"ts": "2026-09-02T16:48:13", "level": "INFO", "service": "gis-cities-mtl_fsa_gisoo-h9x", "env": "dev", "logger": "jug_gis_cities.mtl_fsa_gisoo.workflow", "request_id": "-", "msg": "Starting Montreal H9X workflow step: assign inter summary restore group field."}
{"ts": "2026-09-02T16:48:15", "level": "INFO", "service": "gis-cities-mtl_fsa_gisoo-h9x", "env": "dev", "logger": "citygisoo.scrub_layer_class", "request_id": "-", "msg": "Assigned expression values to field restore_group on inter_summary_H9X for 4019 features."}
{"ts": "2026-09-02T16:48:15", "level": "INFO", "service": "gis-cities-mtl_fsa_gisoo-h9x", "env": "dev", "logger": "jug_gis_cities.mtl_fsa_gisoo.workflow", "request_id": "-", "msg": "Completed Montreal H9X workflow step: assign inter summary restore group field in 2.172s."}
{"ts": "2026-09-02T16:48:15", "level": "INFO", "service": "gis-cities-mtl_fsa_gisoo-h9x", "env": "dev", "logger": "jug_gis_cities.mtl_fsa_gisoo.workflow", "request_id": "-", "msg": "Starting Montreal H9X workflow step: assign inter summary restore reason field."}
{"ts": "2026-09-02T16:48:17", "level": "INFO", "service": "gis-cities-mtl_fsa_gisoo-h9x", "env": "dev", "logger": "citygisoo.scrub_layer_class", "request_id": "-", "msg": "Assigned expression values to field restore_reason on inter_summary_H9X for 4019 features."}
{"ts": "2026-09-02T16:48:17", "level": "INFO", "service": "gis-cities-mtl_fsa_gisoo-h9x", "env": "dev", "logger": "jug_gis_cities.mtl_fsa_gisoo.workflow", "request_id": "-", "msg": "Completed Montreal H9X workflow step: assign inter summary restore reason field in 1.864s."}
{"ts": "2026-09-02T16:48:17", "level": "INFO", "service": "gis-cities-mtl_fsa_gisoo-h9x", "env": "dev", "logger": "jug_gis_cities.mtl_fsa_gisoo.workflow", "request_id": "-", "msg": "Starting Montreal H9X workflow step: join inter summary with inter nrcan."}
{"ts": "2026-09-02T16:48:17", "level": "INFO", "service": "gis-cities-mtl_fsa_gisoo-h9x", "env": "dev", "logger": "citygisoo.scrub_layer_class", "request_id": "-", "msg": "Field join of inter_nrcan_H9X with input layer inter_summary_H9X is completed."}
{"ts": "2026-09-02T16:48:17", "level": "INFO", "service": "gis-cities-mtl_fsa_gisoo-h9x", "env": "dev", "logger": "citygisoo.scrub_layer_class", "request_id": "-", "msg": "Loaded layer summary_joined_H9X from D:/GIS/mtl_gisoo_fsa_data\\output_data\\H9X\\summary_joined\\summary_joined.gpkg."}
{"ts": "2026-09-02T16:48:17", "level": "INFO", "service": "gis-cities-mtl_fsa_gisoo-h9x", "env": "dev", "logger": "citygisoo.scrub_layer_class", "request_id": "-", "msg": "Creating spatial index for summary_joined_H9X is completed."}
{"ts": "2026-09-02T16:48:17", "level": "INFO", "service": "gis-cities-mtl_fsa_gisoo-h9x", "env": "dev", "logger": "jug_gis_cities.mtl_fsa_gisoo.workflow", "request_id": "-", "msg": "The summary_joined_H9X has 4828 records."}
{"ts": "2026-09-02T16:48:17", "level": "INFO", "service": "gis-cities-mtl_fsa_gisoo-h9x", "env": "dev", "logger": "jug_gis_cities.mtl_fsa_gisoo.workflow", "request_id": "-", "msg": "Completed Montreal H9X workflow step: join inter summary with inter nrcan in 0.334s."}
{"ts": "2026-09-02T16:48:17", "level": "INFO", "service": "gis-cities-mtl_fsa_gisoo-h9x", "env": "dev", "logger": "jug_gis_cities.mtl_fsa_gisoo.workflow", "request_id": "-", "msg": "Starting Montreal H9X workflow step: extract kept summary joined records."}
{"ts": "2026-09-02T16:48:17", "level": "INFO", "service": "gis-cities-mtl_fsa_gisoo-h9x", "env": "dev", "logger": "citygisoo.geopackage_feature_processor", "request_id": "-", "msg": "Wrote 4253 features from summary_joined_H9X to D:/GIS/mtl_gisoo_fsa_data\\output_data\\H9X\\inter_kept\\inter_kept.gpkg."}
{"ts": "2026-09-02T16:48:17", "level": "INFO", "service": "gis-cities-mtl_fsa_gisoo-h9x", "env": "dev", "logger": "citygisoo.scrub_layer_class", "request_id": "-", "msg": "Loaded layer inter_kept_H9X from D:/GIS/mtl_gisoo_fsa_data\\output_data\\H9X\\inter_kept\\inter_kept.gpkg."}
{"ts": "2026-09-02T16:48:17", "level": "INFO", "service": "gis-cities-mtl_fsa_gisoo-h9x", "env": "dev", "logger": "citygisoo.scrub_layer_class", "request_id": "-", "msg": "Creating spatial index for inter_kept_H9X is completed."}
{"ts": "2026-09-02T16:48:17", "level": "INFO", "service": "gis-cities-mtl_fsa_gisoo-h9x", "env": "dev", "logger": "jug_gis_cities.mtl_fsa_gisoo.workflow", "request_id": "-", "msg": "The inter_kept_H9X has 4253 records."}
{"ts": "2026-09-02T16:48:17", "level": "INFO", "service": "gis-cities-mtl_fsa_gisoo-h9x", "env": "dev", "logger": "jug_gis_cities.mtl_fsa_gisoo.workflow", "request_id": "-", "msg": "Completed Montreal H9X workflow step: extract kept summary joined records in 0.416s."}
{"ts": "2026-09-02T16:48:17", "level": "INFO", "service": "gis-cities-mtl_fsa_gisoo-h9x", "env": "dev", "logger": "jug_gis_cities.mtl_fsa_gisoo.workflow", "request_id": "-", "msg": "Starting Montreal H9X workflow step: join nrcan with inter summary."}
{"ts": "2026-09-02T16:48:18", "level": "INFO", "service": "gis-cities-mtl_fsa_gisoo-h9x", "env": "dev", "logger": "citygisoo.scrub_layer_class", "request_id": "-", "msg": "Field join of nrcan_preserved_fixed_H9X with input layer inter_summary_H9X is completed."}
{"ts": "2026-09-02T16:48:18", "level": "INFO", "service": "gis-cities-mtl_fsa_gisoo-h9x", "env": "dev", "logger": "citygisoo.scrub_layer_class", "request_id": "-", "msg": "Loaded layer nrcan_joined_summary_H9X from D:/GIS/mtl_gisoo_fsa_data\\output_data\\H9X\\nrcan_joined_summary\\nrcan_joined_summary.gpkg."}
{"ts": "2026-09-02T16:48:18", "level": "INFO", "service": "gis-cities-mtl_fsa_gisoo-h9x", "env": "dev", "logger": "citygisoo.scrub_layer_class", "request_id": "-", "msg": "Creating spatial index for nrcan_joined_summary_H9X is completed."}
{"ts": "2026-09-02T16:48:18", "level": "INFO", "service": "gis-cities-mtl_fsa_gisoo-h9x", "env": "dev", "logger": "jug_gis_cities.mtl_fsa_gisoo.workflow", "request_id": "-", "msg": "The nrcan_joined_summary_H9X has 4023 records."}
{"ts": "2026-09-02T16:48:18", "level": "INFO", "service": "gis-cities-mtl_fsa_gisoo-h9x", "env": "dev", "logger": "jug_gis_cities.mtl_fsa_gisoo.workflow", "request_id": "-", "msg": "Completed Montreal H9X workflow step: join nrcan with inter summary in 0.254s."}
{"ts": "2026-09-02T16:48:18", "level": "INFO", "service": "gis-cities-mtl_fsa_gisoo-h9x", "env": "dev", "logger": "jug_gis_cities.mtl_fsa_gisoo.workflow", "request_id": "-", "msg": "Starting Montreal H9X workflow step: extract nrcan restored records."}
{"ts": "2026-09-02T16:48:18", "level": "INFO", "service": "gis-cities-mtl_fsa_gisoo-h9x", "env": "dev", "logger": "citygisoo.geopackage_feature_processor", "request_id": "-", "msg": "Wrote 241 features from nrcan_joined_summary_H9X to D:/GIS/mtl_gisoo_fsa_data\\output_data\\H9X\\nrcan_restored\\nrcan_restored.gpkg."}
{"ts": "2026-09-02T16:48:18", "level": "INFO", "service": "gis-cities-mtl_fsa_gisoo-h9x", "env": "dev", "logger": "citygisoo.scrub_layer_class", "request_id": "-", "msg": "Loaded layer nrcan_restored_H9X from D:/GIS/mtl_gisoo_fsa_data\\output_data\\H9X\\nrcan_restored\\nrcan_restored.gpkg."}
{"ts": "2026-09-02T16:48:18", "level": "INFO", "service": "gis-cities-mtl_fsa_gisoo-h9x", "env": "dev", "logger": "citygisoo.scrub_layer_class", "request_id": "-", "msg": "Creating spatial index for nrcan_restored_H9X is completed."}
{"ts": "2026-09-02T16:48:18", "level": "INFO", "service": "gis-cities-mtl_fsa_gisoo-h9x", "env": "dev", "logger": "jug_gis_cities.mtl_fsa_gisoo.workflow", "request_id": "-", "msg": "The nrcan_restored_H9X has 241 records."}
{"ts": "2026-09-02T16:48:18", "level": "INFO", "service": "gis-cities-mtl_fsa_gisoo-h9x", "env": "dev", "logger": "jug_gis_cities.mtl_fsa_gisoo.workflow", "request_id": "-", "msg": "Completed Montreal H9X workflow step: extract nrcan restored records in 0.139s."}
{"ts": "2026-09-02T16:48:18", "level": "INFO", "service": "gis-cities-mtl_fsa_gisoo-h9x", "env": "dev", "logger": "jug_gis_cities.mtl_fsa_gisoo.workflow", "request_id": "-", "msg": "Starting Montreal H9X workflow step: extract dominant summary joined parts."}
{"ts": "2026-09-02T16:48:18", "level": "INFO", "service": "gis-cities-mtl_fsa_gisoo-h9x", "env": "dev", "logger": "citygisoo.geopackage_feature_processor", "request_id": "-", "msg": "Wrote 241 features from summary_joined_H9X to D:/GIS/mtl_gisoo_fsa_data\\output_data\\H9X\\dominant_parts\\dominant_parts.gpkg."}
{"ts": "2026-09-02T16:48:18", "level": "INFO", "service": "gis-cities-mtl_fsa_gisoo-h9x", "env": "dev", "logger": "citygisoo.scrub_layer_class", "request_id": "-", "msg": "Loaded layer dominant_parts_H9X from D:/GIS/mtl_gisoo_fsa_data\\output_data\\H9X\\dominant_parts\\dominant_parts.gpkg."}
{"ts": "2026-09-02T16:48:18", "level": "INFO", "service": "gis-cities-mtl_fsa_gisoo-h9x", "env": "dev", "logger": "citygisoo.scrub_layer_class", "request_id": "-", "msg": "Creating spatial index for dominant_parts_H9X is completed."}
{"ts": "2026-09-02T16:48:18", "level": "INFO", "service": "gis-cities-mtl_fsa_gisoo-h9x", "env": "dev", "logger": "jug_gis_cities.mtl_fsa_gisoo.workflow", "request_id": "-", "msg": "The dominant_parts_H9X has 241 records."}
{"ts": "2026-09-02T16:48:18", "level": "INFO", "service": "gis-cities-mtl_fsa_gisoo-h9x", "env": "dev", "logger": "jug_gis_cities.mtl_fsa_gisoo.workflow", "request_id": "-", "msg": "Completed Montreal H9X workflow step: extract dominant summary joined parts in 0.157s."}
{"ts": "2026-09-02T16:48:18", "level": "INFO", "service": "gis-cities-mtl_fsa_gisoo-h9x", "env": "dev", "logger": "jug_gis_cities.mtl_fsa_gisoo.workflow", "request_id": "-", "msg": "Starting Montreal H9X workflow step: join nrcan restored with dominant usage id."}
{"ts": "2026-09-02T16:48:18", "level": "INFO", "service": "gis-cities-mtl_fsa_gisoo-h9x", "env": "dev", "logger": "citygisoo.scrub_layer_class", "request_id": "-", "msg": "Field join of nrcan_restored_H9X with input layer dominant_parts_H9X is completed."}
{"ts": "2026-09-02T16:48:18", "level": "INFO", "service": "gis-cities-mtl_fsa_gisoo-h9x", "env": "dev", "logger": "citygisoo.scrub_layer_class", "request_id": "-", "msg": "Loaded layer nrcan_restored_with_usage_id_H9X from D:/GIS/mtl_gisoo_fsa_data\\output_data\\H9X\\nrcan_restored_with_usage_id\\nrcan_restored_with_usage_id.gpkg."}
{"ts": "2026-09-02T16:48:18", "level": "INFO", "service": "gis-cities-mtl_fsa_gisoo-h9x", "env": "dev", "logger": "citygisoo.scrub_layer_class", "request_id": "-", "msg": "Creating spatial index for nrcan_restored_with_usage_id_H9X is completed."}
{"ts": "2026-09-02T16:48:18", "level": "INFO", "service": "gis-cities-mtl_fsa_gisoo-h9x", "env": "dev", "logger": "jug_gis_cities.mtl_fsa_gisoo.workflow", "request_id": "-", "msg": "The nrcan_restored_with_usage_id_H9X has 241 records."}
{"ts": "2026-09-02T16:48:18", "level": "INFO", "service": "gis-cities-mtl_fsa_gisoo-h9x", "env": "dev", "logger": "jug_gis_cities.mtl_fsa_gisoo.workflow", "request_id": "-", "msg": "Completed Montreal H9X workflow step: join nrcan restored with dominant usage id in 0.093s."}
{"ts": "2026-09-02T16:48:18", "level": "INFO", "service": "gis-cities-mtl_fsa_gisoo-h9x", "env": "dev", "logger": "jug_gis_cities.mtl_fsa_gisoo.workflow", "request_id": "-", "msg": "Starting Montreal H9X workflow step: merge kept and restored nrcan intersections."}
{"ts": "2026-09-02T16:48:18", "level": "INFO", "service": "gis-cities-mtl_fsa_gisoo-h9x", "env": "dev", "logger": "citygisoo.scrub_layer_class", "request_id": "-", "msg": "Merged 2 explicit layers into D:/GIS/mtl_gisoo_fsa_data\\output_data\\H9X\\nrcan_intersected\\nrcan_intersected.gpkg."}
{"ts": "2026-09-02T16:48:18", "level": "INFO", "service": "gis-cities-mtl_fsa_gisoo-h9x", "env": "dev", "logger": "citygisoo.scrub_layer_class", "request_id": "-", "msg": "Loaded layer c_nrcan_intersected_H9X from D:/GIS/mtl_gisoo_fsa_data\\output_data\\H9X\\nrcan_intersected\\nrcan_intersected.gpkg."}
{"ts": "2026-09-02T16:48:18", "level": "INFO", "service": "gis-cities-mtl_fsa_gisoo-h9x", "env": "dev", "logger": "citygisoo.scrub_layer_class", "request_id": "-", "msg": "Creating spatial index for c_nrcan_intersected_H9X is completed."}
{"ts": "2026-09-02T16:48:18", "level": "INFO", "service": "gis-cities-mtl_fsa_gisoo-h9x", "env": "dev", "logger": "jug_gis_cities.mtl_fsa_gisoo.workflow", "request_id": "-", "msg": "The c_nrcan_intersected_H9X has 4494 records."}
{"ts": "2026-09-02T16:48:18", "level": "INFO", "service": "gis-cities-mtl_fsa_gisoo-h9x", "env": "dev", "logger": "jug_gis_cities.mtl_fsa_gisoo.workflow", "request_id": "-", "msg": "Completed Montreal H9X workflow step: merge kept and restored nrcan intersections in 0.360s."}
{"ts": "2026-09-02T16:48:18", "level": "INFO", "service": "gis-cities-mtl_fsa_gisoo-h9x", "env": "dev", "logger": "jug_gis_cities.mtl_fsa_gisoo.workflow", "request_id": "-", "msg": "Starting Montreal H9X workflow step: assign nrcan intersected uuid field."}
{"ts": "2026-09-02T16:48:21", "level": "INFO", "service": "gis-cities-mtl_fsa_gisoo-h9x", "env": "dev", "logger": "citygisoo.scrub_layer_class", "request_id": "-", "msg": "Assigned expression values to field nrcan_in_id on c_nrcan_intersected_H9X for 4494 features."}
{"ts": "2026-09-02T16:48:21", "level": "INFO", "service": "gis-cities-mtl_fsa_gisoo-h9x", "env": "dev", "logger": "jug_gis_cities.mtl_fsa_gisoo.workflow", "request_id": "-", "msg": "Completed Montreal H9X workflow step: assign nrcan intersected uuid field in 2.830s."}
{"ts": "2026-09-02T16:48:21", "level": "INFO", "service": "gis-cities-mtl_fsa_gisoo-h9x", "env": "dev", "logger": "jug_gis_cities.mtl_fsa_gisoo.workflow", "request_id": "-", "msg": "Starting Montreal H9X workflow step: create nrcan intersected points."}
{"ts": "2026-09-02T16:48:22", "level": "INFO", "service": "gis-cities-mtl_fsa_gisoo-h9x", "env": "dev", "logger": "citygisoo.scrub_layer_class", "request_id": "-", "msg": "Created point-on-surface layer from c_nrcan_intersected_H9X into D:/GIS/mtl_gisoo_fsa_data\\output_data\\H9X\\nrcan_intersected_points\\nrcan_intersected_points.gpkg."}
{"ts": "2026-09-02T16:48:22", "level": "INFO", "service": "gis-cities-mtl_fsa_gisoo-h9x", "env": "dev", "logger": "citygisoo.scrub_layer_class", "request_id": "-", "msg": "Loaded layer nrcan_intersected_points from D:/GIS/mtl_gisoo_fsa_data\\output_data\\H9X\\nrcan_intersected_points\\nrcan_intersected_points.gpkg."}
{"ts": "2026-09-02T16:48:22", "level": "INFO", "service": "gis-cities-mtl_fsa_gisoo-h9x", "env": "dev", "logger": "citygisoo.scrub_layer_class", "request_id": "-", "msg": "Creating spatial index for nrcan_intersected_points is completed."}
{"ts": "2026-09-02T16:48:22", "level": "INFO", "service": "gis-cities-mtl_fsa_gisoo-h9x", "env": "dev", "logger": "jug_gis_cities.mtl_fsa_gisoo.workflow", "request_id": "-", "msg": "The nrcan_intersected_points has 4494 records."}
{"ts": "2026-09-02T16:48:22", "level": "INFO", "service": "gis-cities-mtl_fsa_gisoo-h9x", "env": "dev", "logger": "jug_gis_cities.mtl_fsa_gisoo.workflow", "request_id": "-", "msg": "Completed Montreal H9X workflow step: create nrcan intersected points in 0.335s."}
{"ts": "2026-09-02T16:48:22", "level": "INFO", "service": "gis-cities-mtl_fsa_gisoo-h9x", "env": "dev", "logger": "jug_gis_cities.mtl_fsa_gisoo.workflow", "request_id": "-", "msg": "Starting Montreal H9X workflow step: spatial join nrcan intersected points with usage roll."}
{"ts": "2026-09-02T16:48:25", "level": "INFO", "service": "gis-cities-mtl_fsa_gisoo-h9x", "env": "dev", "logger": "citygisoo.scrub_layer_class", "request_id": "-", "msg": "Spatial join with input layer nrcan_intersected_points, predicate within, method one-to-many, and prefix ur_ is completed."}
{"ts": "2026-09-02T16:48:25", "level": "INFO", "service": "gis-cities-mtl_fsa_gisoo-h9x", "env": "dev", "logger": "citygisoo.scrub_layer_class", "request_id": "-", "msg": "Loaded layer nrcan_in_usage_roll_points_H9X from D:/GIS/mtl_gisoo_fsa_data\\output_data\\H9X\\nrcan_in_usage_roll_points\\nrcan_in_usage_roll_points.gpkg."}
{"ts": "2026-09-02T16:48:25", "level": "INFO", "service": "gis-cities-mtl_fsa_gisoo-h9x", "env": "dev", "logger": "citygisoo.scrub_layer_class", "request_id": "-", "msg": "Creating spatial index for nrcan_in_usage_roll_points_H9X is completed."}
{"ts": "2026-09-02T16:48:25", "level": "INFO", "service": "gis-cities-mtl_fsa_gisoo-h9x", "env": "dev", "logger": "jug_gis_cities.mtl_fsa_gisoo.workflow", "request_id": "-", "msg": "The nrcan_in_usage_roll_points_H9X has 11594 records."}
{"ts": "2026-09-02T16:48:25", "level": "INFO", "service": "gis-cities-mtl_fsa_gisoo-h9x", "env": "dev", "logger": "jug_gis_cities.mtl_fsa_gisoo.workflow", "request_id": "-", "msg": "Completed Montreal H9X workflow step: spatial join nrcan intersected points with usage roll in 3.369s."}
{"ts": "2026-09-02T16:48:25", "level": "INFO", "service": "gis-cities-mtl_fsa_gisoo-h9x", "env": "dev", "logger": "jug_gis_cities.mtl_fsa_gisoo.workflow", "request_id": "-", "msg": "Starting Montreal H9X workflow step: restore nrcan geometry on usage roll points."}
{"ts": "2026-09-02T16:48:42", "level": "INFO", "service": "gis-cities-mtl_fsa_gisoo-h9x", "env": "dev", "logger": "citygisoo.scrub_layer_class", "request_id": "-", "msg": "Created geometry-by-expression layer from nrcan_in_usage_roll_points_H9X into D:/GIS/mtl_gisoo_fsa_data\\output_data\\H9X\\nrcan_usage_roll_with_missing\\nrcan_usage_roll_with_missing.gpkg."}
{"ts": "2026-09-02T16:48:42", "level": "INFO", "service": "gis-cities-mtl_fsa_gisoo-h9x", "env": "dev", "logger": "citygisoo.scrub_layer_class", "request_id": "-", "msg": "Loaded layer nrcan_usage_roll_with_missing from D:/GIS/mtl_gisoo_fsa_data\\output_data\\H9X\\nrcan_usage_roll_with_missing\\nrcan_usage_roll_with_missing.gpkg."}
{"ts": "2026-09-02T16:48:42", "level": "INFO", "service": "gis-cities-mtl_fsa_gisoo-h9x", "env": "dev", "logger": "citygisoo.scrub_layer_class", "request_id": "-", "msg": "Creating spatial index for nrcan_usage_roll_with_missing is completed."}
{"ts": "2026-09-02T16:48:42", "level": "INFO", "service": "gis-cities-mtl_fsa_gisoo-h9x", "env": "dev", "logger": "jug_gis_cities.mtl_fsa_gisoo.workflow", "request_id": "-", "msg": "The nrcan_usage_roll_with_missing has 11594 records."}
{"ts": "2026-09-02T16:48:42", "level": "INFO", "service": "gis-cities-mtl_fsa_gisoo-h9x", "env": "dev", "logger": "jug_gis_cities.mtl_fsa_gisoo.workflow", "request_id": "-", "msg": "Completed Montreal H9X workflow step: restore nrcan geometry on usage roll points in 16.880s."}
{"ts": "2026-09-02T16:48:42", "level": "INFO", "service": "gis-cities-mtl_fsa_gisoo-h9x", "env": "dev", "logger": "jug_gis_cities.mtl_fsa_gisoo.workflow", "request_id": "-", "msg": "Starting Montreal H9X workflow step: extract usage roll missing nrcan geometry."}
{"ts": "2026-09-02T16:48:42", "level": "INFO", "service": "gis-cities-mtl_fsa_gisoo-h9x", "env": "dev", "logger": "citygisoo.geopackage_feature_processor", "request_id": "-", "msg": "Extracted 600 features from usage_roll_all_H9X by membership of id_provinc in nrcan_usage_roll_with_missing.ur_id_provinc."}
{"ts": "2026-09-02T16:48:42", "level": "INFO", "service": "gis-cities-mtl_fsa_gisoo-h9x", "env": "dev", "logger": "citygisoo.geopackage_feature_processor", "request_id": "-", "msg": "Wrote 600 features from usage_roll_all_H9X to D:/GIS/mtl_gisoo_fsa_data\\output_data\\H9X\\usage_roll_all_only\\usage_roll_all_only.gpkg."}
{"ts": "2026-09-02T16:48:43", "level": "INFO", "service": "gis-cities-mtl_fsa_gisoo-h9x", "env": "dev", "logger": "citygisoo.scrub_layer_class", "request_id": "-", "msg": "Loaded layer usage_roll_all_only_H9X from D:/GIS/mtl_gisoo_fsa_data\\output_data\\H9X\\usage_roll_all_only\\usage_roll_all_only.gpkg."}
{"ts": "2026-09-02T16:48:43", "level": "INFO", "service": "gis-cities-mtl_fsa_gisoo-h9x", "env": "dev", "logger": "citygisoo.scrub_layer_class", "request_id": "-", "msg": "Creating spatial index for usage_roll_all_only_H9X is completed."}
{"ts": "2026-09-02T16:48:43", "level": "INFO", "service": "gis-cities-mtl_fsa_gisoo-h9x", "env": "dev", "logger": "jug_gis_cities.mtl_fsa_gisoo.workflow", "request_id": "-", "msg": "The usage_roll_all_only_H9X has 600 records."}
{"ts": "2026-09-02T16:48:43", "level": "INFO", "service": "gis-cities-mtl_fsa_gisoo-h9x", "env": "dev", "logger": "jug_gis_cities.mtl_fsa_gisoo.workflow", "request_id": "-", "msg": "Completed Montreal H9X workflow step: extract usage roll missing nrcan geometry in 0.630s."}
{"ts": "2026-09-02T16:48:43", "level": "INFO", "service": "gis-cities-mtl_fsa_gisoo-h9x", "env": "dev", "logger": "jug_gis_cities.mtl_fsa_gisoo.workflow", "request_id": "-", "msg": "Starting Montreal H9X workflow step: merge nrcan usage roll layers."}
{"ts": "2026-09-02T16:48:51", "level": "INFO", "service": "gis-cities-mtl_fsa_gisoo-h9x", "env": "dev", "logger": "citygisoo.scrub_layer_class", "request_id": "-", "msg": "Merged 2 explicit layers into D:/GIS/mtl_gisoo_fsa_data\\output_data\\H9X\\nrcan_usage_roll\\nrcan_usage_roll.gpkg."}
{"ts": "2026-09-02T16:48:51", "level": "INFO", "service": "gis-cities-mtl_fsa_gisoo-h9x", "env": "dev", "logger": "citygisoo.scrub_layer_class", "request_id": "-", "msg": "Loaded layer nrcan_usage_roll_H9X from D:/GIS/mtl_gisoo_fsa_data\\output_data\\H9X\\nrcan_usage_roll\\nrcan_usage_roll.gpkg."}
{"ts": "2026-09-02T16:48:51", "level": "INFO", "service": "gis-cities-mtl_fsa_gisoo-h9x", "env": "dev", "logger": "citygisoo.scrub_layer_class", "request_id": "-", "msg": "Creating spatial index for nrcan_usage_roll_H9X is completed."}
{"ts": "2026-09-02T16:48:51", "level": "INFO", "service": "gis-cities-mtl_fsa_gisoo-h9x", "env": "dev", "logger": "jug_gis_cities.mtl_fsa_gisoo.workflow", "request_id": "-", "msg": "The nrcan_usage_roll_H9X has 12194 records."}
{"ts": "2026-09-02T16:48:51", "level": "INFO", "service": "gis-cities-mtl_fsa_gisoo-h9x", "env": "dev", "logger": "jug_gis_cities.mtl_fsa_gisoo.workflow", "request_id": "-", "msg": "Completed Montreal H9X workflow step: merge nrcan usage roll layers in 8.645s."}
{"ts": "2026-09-02T16:48:51", "level": "INFO", "service": "gis-cities-mtl_fsa_gisoo-h9x", "env": "dev", "logger": "jug_gis_cities.mtl_fsa_gisoo.workflow", "request_id": "-", "msg": "Starting Montreal H9X workflow step: assign nrcan usage roll FSA field."}
{"ts": "2026-09-02T16:49:11", "level": "INFO", "service": "gis-cities-mtl_fsa_gisoo-h9x", "env": "dev", "logger": "citygisoo.scrub_layer_class", "request_id": "-", "msg": "Assigned expression values to field FSA on nrcan_usage_roll_H9X for 12194 features."}
{"ts": "2026-09-02T16:49:11", "level": "INFO", "service": "gis-cities-mtl_fsa_gisoo-h9x", "env": "dev", "logger": "jug_gis_cities.mtl_fsa_gisoo.workflow", "request_id": "-", "msg": "Completed Montreal H9X workflow step: assign nrcan usage roll FSA field in 19.472s."}
{"ts": "2026-09-02T16:49:11", "level": "INFO", "service": "gis-cities-mtl_fsa_gisoo-h9x", "env": "dev", "logger": "jug_gis_cities.mtl_fsa_gisoo.workflow", "request_id": "-", "msg": "Starting Montreal H9X workflow step: assign nrcan usage roll citygisoo id field."}
{"ts": "2026-09-02T16:49:30", "level": "INFO", "service": "gis-cities-mtl_fsa_gisoo-h9x", "env": "dev", "logger": "citygisoo.scrub_layer_class", "request_id": "-", "msg": "Assigned expression values to field citygisoo_id on nrcan_usage_roll_H9X for 12194 features."}
{"ts": "2026-09-02T16:49:30", "level": "INFO", "service": "gis-cities-mtl_fsa_gisoo-h9x", "env": "dev", "logger": "jug_gis_cities.mtl_fsa_gisoo.workflow", "request_id": "-", "msg": "Completed Montreal H9X workflow step: assign nrcan usage roll citygisoo id field in 19.566s."}
{"ts": "2026-09-02T16:49:30", "level": "INFO", "service": "gis-cities-mtl_fsa_gisoo-h9x", "env": "dev", "logger": "jug_gis_cities.mtl_fsa_gisoo.workflow", "request_id": "-", "msg": "Starting Montreal H9X workflow step: assign nrcan usage roll citygisoo area field."}
{"ts": "2026-09-02T16:49:32", "level": "INFO", "service": "gis-cities-mtl_fsa_gisoo-h9x", "env": "dev", "logger": "citygisoo.geopackage_feature_processor", "request_id": "-", "msg": "Assigned Python-calculated values to field citygisoo_area on nrcan_usage_roll_H9X for 12194 features."}
{"ts": "2026-09-02T16:49:32", "level": "INFO", "service": "gis-cities-mtl_fsa_gisoo-h9x", "env": "dev", "logger": "jug_gis_cities.mtl_fsa_gisoo.workflow", "request_id": "-", "msg": "Completed Montreal H9X workflow step: assign nrcan usage roll citygisoo area field in 1.928s."}
{"ts": "2026-09-02T16:49:32", "level": "INFO", "service": "gis-cities-mtl_fsa_gisoo-h9x", "env": "dev", "logger": "jug_gis_cities.mtl_fsa_gisoo.workflow", "request_id": "-", "msg": "Starting Montreal H9X workflow step: assign nrcan usage roll processing tool field."}
{"ts": "2026-09-02T16:49:54", "level": "INFO", "service": "gis-cities-mtl_fsa_gisoo-h9x", "env": "dev", "logger": "citygisoo.scrub_layer_class", "request_id": "-", "msg": "Assigned expression values to field processing_tool on nrcan_usage_roll_H9X for 12194 features."}
{"ts": "2026-09-02T16:49:54", "level": "INFO", "service": "gis-cities-mtl_fsa_gisoo-h9x", "env": "dev", "logger": "jug_gis_cities.mtl_fsa_gisoo.workflow", "request_id": "-", "msg": "Completed Montreal H9X workflow step: assign nrcan usage roll processing tool field in 21.453s."}
{"ts": "2026-09-02T16:49:54", "level": "INFO", "service": "gis-cities-mtl_fsa_gisoo-h9x", "env": "dev", "logger": "jug_gis_cities.mtl_fsa_gisoo.workflow", "request_id": "-", "msg": "Starting Montreal H9X workflow step: assign nrcan usage roll processed by field."}
{"ts": "2026-09-02T16:50:14", "level": "INFO", "service": "gis-cities-mtl_fsa_gisoo-h9x", "env": "dev", "logger": "citygisoo.scrub_layer_class", "request_id": "-", "msg": "Assigned expression values to field processed_by on nrcan_usage_roll_H9X for 12194 features."}
{"ts": "2026-09-02T16:50:14", "level": "INFO", "service": "gis-cities-mtl_fsa_gisoo-h9x", "env": "dev", "logger": "jug_gis_cities.mtl_fsa_gisoo.workflow", "request_id": "-", "msg": "Completed Montreal H9X workflow step: assign nrcan usage roll processed by field in 20.028s."}
{"ts": "2026-09-02T16:50:14", "level": "INFO", "service": "gis-cities-mtl_fsa_gisoo-h9x", "env": "dev", "logger": "jug_gis_cities.mtl_fsa_gisoo.workflow", "request_id": "-", "msg": "Starting Montreal H9X workflow step: create finalized GISOO layer."}
{"ts": "2026-09-02T16:50:16", "level": "INFO", "service": "gis-cities-mtl_fsa_gisoo-h9x", "env": "dev", "logger": "citygisoo.geopackage_feature_processor", "request_id": "-", "msg": "Wrote 12194 features from nrcan_usage_roll_H9X to D:/GIS/mtl_gisoo_fsa_data\\output_data\\H9X\\mtl_H9X_gisoo\\mtl_H9X_gisoo.gpkg."}
{"ts": "2026-09-02T16:50:16", "level": "INFO", "service": "gis-cities-mtl_fsa_gisoo-h9x", "env": "dev", "logger": "citygisoo.scrub_layer_class", "request_id": "-", "msg": "Loaded layer mtl_H9X_gisoo from D:/GIS/mtl_gisoo_fsa_data\\output_data\\H9X\\mtl_H9X_gisoo\\mtl_H9X_gisoo.gpkg."}
{"ts": "2026-09-02T16:50:16", "level": "INFO", "service": "gis-cities-mtl_fsa_gisoo-h9x", "env": "dev", "logger": "citygisoo.scrub_layer_class", "request_id": "-", "msg": "Creating spatial index for mtl_H9X_gisoo is completed."}
{"ts": "2026-09-02T16:50:16", "level": "INFO", "service": "gis-cities-mtl_fsa_gisoo-h9x", "env": "dev", "logger": "jug_gis_cities.mtl_fsa_gisoo.workflow", "request_id": "-", "msg": "The mtl_H9X_gisoo has 12194 records."}
{"ts": "2026-09-02T16:50:16", "level": "INFO", "service": "gis-cities-mtl_fsa_gisoo-h9x", "env": "dev", "logger": "jug_gis_cities.mtl_fsa_gisoo.workflow", "request_id": "-", "msg": "Completed Montreal H9X workflow step: create finalized GISOO layer in 2.581s."}
{"ts": "2026-09-02T16:50:16", "level": "INFO", "service": "gis-cities-mtl_fsa_gisoo-h9x", "env": "dev", "logger": "jug_gis_cities.mtl_fsa_gisoo.workflow", "request_id": "-", "msg": "Completed Montreal FSA GISOO workflow. FSA=H9X Output=D:/GIS/mtl_gisoo_fsa_data\\output_data\\H9X\\mtl_H9X_gisoo\\mtl_H9X_gisoo.gpkg Elapsed=150.720s"}
{"ts": "2026-09-02T16:50:16", "level": "INFO", "service": "gis-cities-mtl_fsa_gisoo-h9x", "env": "dev", "logger": "jug_gis_cities.application.jug_gis_cities", "request_id": "-", "msg": "Running GIS city component callable with FSA. Component=mtl_fsa_gisoo Callable=contract_adapter.run_contract_adapter FSA=H9X"}
{"ts": "2026-09-02T16:50:16", "level": "INFO", "service": "gis-cities-mtl_fsa_gisoo-h9x", "env": "dev", "logger": "jug_gis_cities.mtl_fsa_gisoo.contract_adapter", "request_id": "-", "msg": "Starting Montreal FSA contract adapter. FSA=H9X Input=D:/GIS/mtl_gisoo_fsa_data\\output_data\\H9X\\mtl_H9X_gisoo\\mtl_H9X_gisoo.gpkg Output=D:/GIS/mtl_gisoo_fsa_data\\output_data\\H9X\\mtl_H9X_gisoo_standardized\\mtl_H9X_gisoo_standardized.geojson"}
{"ts": "2026-09-02T16:50:16", "level": "INFO", "service": "gis-cities-mtl_fsa_gisoo-h9x", "env": "dev", "logger": "citygisoo.building_contract_adapter", "request_id": "-", "msg": "Starting building contract adapter. Input=D:/GIS/mtl_gisoo_fsa_data\\output_data\\H9X\\mtl_H9X_gisoo\\mtl_H9X_gisoo.gpkg Output=D:/GIS/mtl_gisoo_fsa_data\\output_data\\H9X\\mtl_H9X_gisoo_standardized\\mtl_H9X_gisoo_standardized.geojson"}
{"ts": "2026-09-02T16:50:16", "level": "INFO", "service": "gis-cities-mtl_fsa_gisoo-h9x", "env": "dev", "logger": "citygisoo.scrub_layer_class", "request_id": "-", "msg": "Loaded layer mtl_H9X_gisoo from D:/GIS/mtl_gisoo_fsa_data\\output_data\\H9X\\mtl_H9X_gisoo\\mtl_H9X_gisoo.gpkg."}
{"ts": "2026-09-02T16:50:16", "level": "INFO", "service": "gis-cities-mtl_fsa_gisoo-h9x", "env": "dev", "logger": "citygisoo.field_schema_manager", "request_id": "-", "msg": "Refactoring 21 fields from layer mtl_H9X_gisoo into D:/GIS/mtl_gisoo_fsa_data\\output_data\\H9X\\mtl_H9X_gisoo_standardized\\mtl_H9X_gisoo_standardized.gpkg in one operation."}
{"ts": "2026-09-02T16:50:17", "level": "INFO", "service": "gis-cities-mtl_fsa_gisoo-h9x", "env": "dev", "logger": "citygisoo.scrub_layer_class", "request_id": "-", "msg": "Loaded layer mtl_H9X_gisoo_standardized from D:/GIS/mtl_gisoo_fsa_data\\output_data\\H9X\\mtl_H9X_gisoo_standardized\\mtl_H9X_gisoo_standardized.gpkg."}
{"ts": "2026-09-02T16:50:17", "level": "INFO", "service": "gis-cities-mtl_fsa_gisoo-h9x", "env": "dev", "logger": "citygisoo.field_schema_manager", "request_id": "-", "msg": "Standardized fields for layer mtl_H9X_gisoo_standardized."}
{"ts": "2026-09-02T16:50:17", "level": "INFO", "service": "gis-cities-mtl_fsa_gisoo-h9x", "env": "dev", "logger": "citygisoo.building_contract_adapter", "request_id": "-", "msg": "Skipping null-feature deletion because no non-null contract fields were configured."}
{"ts": "2026-09-02T16:50:18", "level": "INFO", "service": "gis-cities-mtl_fsa_gisoo-h9x", "env": "dev", "logger": "citygisoo.field_schema_manager", "request_id": "-", "msg": "Assigned 12194 ID values to field id on layer mtl_H9X_gisoo_standardized."}
{"ts": "2026-09-02T16:50:18", "level": "INFO", "service": "gis-cities-mtl_fsa_gisoo-h9x", "env": "dev", "logger": "citygisoo.scrub_layer_class", "request_id": "-", "msg": "Creating spatial index for mtl_H9X_gisoo_standardized is completed."}
{"ts": "2026-09-02T16:50:18", "level": "INFO", "service": "gis-cities-mtl_fsa_gisoo-h9x", "env": "dev", "logger": "citygisoo.field_schema_manager", "request_id": "-", "msg": "Exporting layer mtl_H9X_gisoo_standardized to GeoJSON at D:/GIS/mtl_gisoo_fsa_data\\output_data\\H9X\\mtl_H9X_gisoo_standardized\\mtl_H9X_gisoo_standardized.geojson with 23 fields, 12194 features, CRS EPSG:4617, provider ogr."}
{"ts": "2026-09-02T16:50:18", "level": "INFO", "service": "gis-cities-mtl_fsa_gisoo-h9x", "env": "dev", "logger": "citygisoo.field_schema_manager", "request_id": "-", "msg": "Writing layer mtl_H9X_gisoo_standardized to D:/GIS/mtl_gisoo_fsa_data\\output_data\\H9X\\mtl_H9X_gisoo_standardized\\mtl_H9X_gisoo_standardized.geojson with driver GeoJSON using provider ogr."}
{"ts": "2026-09-02T16:50:20", "level": "INFO", "service": "gis-cities-mtl_fsa_gisoo-h9x", "env": "dev", "logger": "citygisoo.field_schema_manager", "request_id": "-", "msg": "Exported layer mtl_H9X_gisoo_standardized to D:/GIS/mtl_gisoo_fsa_data\\output_data\\H9X\\mtl_H9X_gisoo_standardized\\mtl_H9X_gisoo_standardized.geojson."}
{"ts": "2026-09-02T16:50:21", "level": "INFO", "service": "gis-cities-mtl_fsa_gisoo-h9x", "env": "dev", "logger": "citygisoo.scrub_layer_class", "request_id": "-", "msg": "Loaded layer mtl_H9X_gisoo_standardized from D:/GIS/mtl_gisoo_fsa_data\\output_data\\H9X\\mtl_H9X_gisoo_standardized\\mtl_H9X_gisoo_standardized.geojson."}
{"ts": "2026-09-02T16:50:24", "level": "INFO", "service": "gis-cities-mtl_fsa_gisoo-h9x", "env": "dev", "logger": "citygisoo.field_schema_manager", "request_id": "-", "msg": "Promoted property id to feature-level ID for layer mtl_H9X_gisoo_standardized."}
{"ts": "2026-09-02T16:50:24", "level": "INFO", "service": "gis-cities-mtl_fsa_gisoo-h9x", "env": "dev", "logger": "citygisoo.building_contract_adapter", "request_id": "-", "msg": "Completed building contract adapter. GeoJSON output=D:/GIS/mtl_gisoo_fsa_data\\output_data\\H9X\\mtl_H9X_gisoo_standardized\\mtl_H9X_gisoo_standardized.geojson GeoPackage output=D:/GIS/mtl_gisoo_fsa_data\\output_data\\H9X\\mtl_H9X_gisoo_standardized\\mtl_H9X_gisoo_standardized.gpkg"}
{"ts": "2026-09-02T16:50:24", "level": "INFO", "service": "gis-cities-mtl_fsa_gisoo-h9x", "env": "dev", "logger": "jug_gis_cities.mtl_fsa_gisoo.contract_adapter", "request_id": "-", "msg": "Completed Montreal FSA contract adapter. FSA=H9X Output=D:/GIS/mtl_gisoo_fsa_data\\output_data\\H9X\\mtl_H9X_gisoo_standardized\\mtl_H9X_gisoo_standardized.geojson Elapsed=7.403s"}
{"ts": "2026-09-02T16:50:24", "level": "INFO", "service": "gis-cities-mtl_fsa_gisoo-h9x", "env": "dev", "logger": "jug_gis_cities.application.jug_gis_cities", "request_id": "-", "msg": "Completed GIS city component. Component=mtl_fsa_gisoo Mode=standardize FSA=H9X WorkflowOutput=D:/GIS/mtl_gisoo_fsa_data\\output_data\\H9X\\mtl_H9X_gisoo\\mtl_H9X_gisoo.gpkg StandardizedOutput=D:/GIS/mtl_gisoo_fsa_data\\output_data\\H9X\\mtl_H9X_gisoo_standardized\\mtl_H9X_gisoo_standardized.geojson Cleaned=0 Elapsed=158.130s"}
